0 verbose cli C:\Program Files\nodejs\node.exe C:\Program Files\nodejs\node_modules\npm\bin\npm-cli.js
1 info using npm@11.9.0
2 info using node@v24.14.0
3 silly config load:file:C:\Program Files\nodejs\node_modules\npm\npmrc
4 silly config load:file:C:\wamp64\www\Sika-sant-\mobile\.npmrc
5 silly config load:file:C:\Users\omcg2\.npmrc
6 silly config load:file:C:\Users\omcg2\AppData\Roaming\npm\etc\npmrc
7 verbose title npm install
8 verbose argv "install"
9 verbose logfile logs-max:10 dir:c:\wamp64\www\Sika-sant-\.npm-cache\_logs\2026-04-21T12_02_27_700Z-
10 verbose logfile c:\wamp64\www\Sika-sant-\.npm-cache\_logs\2026-04-21T12_02_27_700Z-debug-0.log
11 silly logfile done cleaning log files
12 silly packumentCache heap:2348810240 maxSize:587202560 maxEntrySize:293601280
13 silly idealTree buildDeps
14 silly fetch manifest expo@~54.0.33
15 silly packumentCache full:https://registry.npmjs.org/expo cache-miss
16 http fetch GET https://registry.npmjs.org/expo attempt 1 failed with ECONNRESET
17 http fetch GET 200 https://registry.npmjs.org/expo 25468ms attempt #2 (cache miss)
18 silly packumentCache full:https://registry.npmjs.org/expo set size:undefined disposed:false
19 silly fetch manifest @expo/dom-webview@*
20 silly packumentCache full:https://registry.npmjs.org/@expo%2fdom-webview cache-miss
21 http fetch GET 200 https://registry.npmjs.org/@expo%2fdom-webview 692ms (cache miss)
22 silly packumentCache full:https://registry.npmjs.org/@expo%2fdom-webview set size:undefined disposed:false
23 silly fetch manifest react@19.1.0
24 silly packumentCache full:https://registry.npmjs.org/react cache-miss
25 http fetch GET 200 https://registry.npmjs.org/react 447ms (cache miss)
26 silly packumentCache full:https://registry.npmjs.org/react set size:undefined disposed:false
27 silly fetch manifest react-native@0.81.5
28 silly packumentCache full:https://registry.npmjs.org/react-native cache-miss
29 http fetch GET 200 https://registry.npmjs.org/react-native 643ms (cache miss)
30 silly packumentCache full:https://registry.npmjs.org/react-native set size:undefined disposed:false
31 silly fetch manifest @types/react@^19.1.0
32 silly packumentCache full:https://registry.npmjs.org/@types%2freact cache-miss
33 http fetch GET 200 https://registry.npmjs.org/@types%2freact 343ms (cache miss)
34 silly packumentCache full:https://registry.npmjs.org/@types%2freact set size:undefined disposed:false
35 silly fetch manifest @expo/metro-runtime@*
36 silly packumentCache full:https://registry.npmjs.org/@expo%2fmetro-runtime cache-miss
37 http fetch GET 200 https://registry.npmjs.org/@expo%2fmetro-runtime 821ms (cache miss)
38 silly packumentCache full:https://registry.npmjs.org/@expo%2fmetro-runtime set size:undefined disposed:false
39 silly fetch manifest react-dom@*
40 silly packumentCache full:https://registry.npmjs.org/react-dom cache-miss
41 http fetch GET 200 https://registry.npmjs.org/react-dom 431ms (cache miss)
42 silly packumentCache full:https://registry.npmjs.org/react-dom set size:undefined disposed:false
43 silly fetch manifest react@^19.2.5
44 silly packumentCache full:https://registry.npmjs.org/react cache-miss
45 http cache https://registry.npmjs.org/react 27ms (cache hit)
46 silly packumentCache full:https://registry.npmjs.org/react set size:6613874 disposed:false
47 silly fetch manifest react-native-webview@*
48 silly packumentCache full:https://registry.npmjs.org/react-native-webview cache-miss
49 http fetch GET 200 https://registry.npmjs.org/react-native-webview 435ms (cache miss)
50 silly packumentCache full:https://registry.npmjs.org/react-native-webview set size:undefined disposed:false
51 silly fetch manifest expo-status-bar@~3.0.9
52 silly packumentCache full:https://registry.npmjs.org/expo-status-bar cache-miss
53 http fetch GET 200 https://registry.npmjs.org/expo-status-bar 347ms (cache miss)
54 silly packumentCache full:https://registry.npmjs.org/expo-status-bar set size:undefined disposed:false
55 silly placeDep ROOT expo@54.0.33 OK for: mobile@1.0.0 want: ~54.0.33
56 silly placeDep ROOT react@19.1.0 OK for: expo@54.0.33 want: *
57 silly placeDep ROOT react-native@0.81.5 OK for: expo@54.0.33 want: *
58 silly placeDep ROOT expo-status-bar@3.0.9 OK for: mobile@1.0.0 want: ~3.0.9
59 silly fetch manifest @expo/cli@54.0.23
60 silly packumentCache full:https://registry.npmjs.org/@expo%2fcli cache-miss
61 silly fetch manifest expo-font@~14.0.11
62 silly packumentCache full:https://registry.npmjs.org/expo-font cache-miss
63 silly fetch manifest expo-asset@~12.0.12
64 silly packumentCache full:https://registry.npmjs.org/expo-asset cache-miss
65 silly fetch manifest @expo/metro@~54.2.0
66 silly packumentCache full:https://registry.npmjs.org/@expo%2fmetro cache-miss
67 silly fetch manifest @expo/config@~12.0.13
68 silly packumentCache full:https://registry.npmjs.org/@expo%2fconfig cache-miss
69 silly fetch manifest pretty-format@^29.7.0
70 silly packumentCache full:https://registry.npmjs.org/pretty-format cache-miss
71 silly fetch manifest react-refresh@^0.14.2
72 silly packumentCache full:https://registry.npmjs.org/react-refresh cache-miss
73 silly fetch manifest @babel/runtime@^7.20.0
74 silly packumentCache full:https://registry.npmjs.org/@babel%2fruntime cache-miss
75 silly fetch manifest @expo/devtools@0.1.8
76 silly packumentCache full:https://registry.npmjs.org/@expo%2fdevtools cache-miss
77 silly fetch manifest expo-constants@~18.0.13
78 silly packumentCache full:https://registry.npmjs.org/expo-constants cache-miss
79 silly fetch manifest expo-keep-awake@~15.0.8
80 silly packumentCache full:https://registry.npmjs.org/expo-keep-awake cache-miss
81 http fetch GET 200 https://registry.npmjs.org/expo-keep-awake 600ms (cache miss)
82 silly packumentCache full:https://registry.npmjs.org/expo-keep-awake set size:undefined disposed:false
83 silly fetch manifest expo-file-system@~19.0.21
84 silly packumentCache full:https://registry.npmjs.org/expo-file-system cache-miss
85 http fetch GET 200 https://registry.npmjs.org/expo-asset 608ms (cache miss)
86 silly packumentCache full:https://registry.npmjs.org/expo-asset set size:undefined disposed:false
87 silly fetch manifest @expo/fingerprint@0.15.4
88 silly packumentCache full:https://registry.npmjs.org/@expo%2ffingerprint cache-miss
89 http fetch GET 200 https://registry.npmjs.org/pretty-format 691ms (cache miss)
90 silly packumentCache full:https://registry.npmjs.org/pretty-format set size:undefined disposed:false
91 silly fetch manifest babel-preset-expo@~54.0.10
92 silly packumentCache full:https://registry.npmjs.org/babel-preset-expo cache-miss
93 http fetch GET 200 https://registry.npmjs.org/expo-font 701ms (cache miss)
94 silly packumentCache full:https://registry.npmjs.org/expo-font set size:undefined disposed:false
95 silly fetch manifest expo-modules-core@3.0.29
96 silly packumentCache full:https://registry.npmjs.org/expo-modules-core cache-miss
97 http fetch GET 200 https://registry.npmjs.org/expo-constants 720ms (cache miss)
98 silly packumentCache full:https://registry.npmjs.org/expo-constants set size:undefined disposed:false
99 silly fetch manifest @expo/metro-config@54.0.14
100 silly packumentCache full:https://registry.npmjs.org/@expo%2fmetro-config cache-miss
101 http fetch GET 200 https://registry.npmjs.org/@expo%2fcli 747ms (cache miss)
102 silly packumentCache full:https://registry.npmjs.org/@expo%2fcli set size:undefined disposed:false
103 silly fetch manifest @expo/vector-icons@^15.0.3
104 silly packumentCache full:https://registry.npmjs.org/@expo%2fvector-icons cache-miss
105 http fetch GET 200 https://registry.npmjs.org/@expo%2fmetro 914ms (cache miss)
106 silly packumentCache full:https://registry.npmjs.org/@expo%2fmetro set size:undefined disposed:false
107 silly fetch manifest @expo/config-plugins@~54.0.4
108 silly packumentCache full:https://registry.npmjs.org/@expo%2fconfig-plugins cache-miss
109 http fetch GET 200 https://registry.npmjs.org/@expo%2fdevtools 991ms (cache miss)
110 silly packumentCache full:https://registry.npmjs.org/@expo%2fdevtools set size:undefined disposed:false
111 silly fetch manifest @ungap/structured-clone@^1.3.0
112 silly packumentCache full:https://registry.npmjs.org/@ungap%2fstructured-clone cache-miss
113 http fetch GET 200 https://registry.npmjs.org/@babel%2fruntime 1015ms (cache miss)
114 silly packumentCache full:https://registry.npmjs.org/@babel%2fruntime set size:undefined disposed:false
115 silly fetch manifest expo-modules-autolinking@3.0.24
116 silly packumentCache full:https://registry.npmjs.org/expo-modules-autolinking cache-miss
117 http fetch GET 200 https://registry.npmjs.org/expo-modules-core 403ms (cache miss)
118 silly packumentCache full:https://registry.npmjs.org/expo-modules-core set size:undefined disposed:false
119 silly fetch manifest whatwg-url-without-unicode@8.0.0-3
120 silly packumentCache full:https://registry.npmjs.org/whatwg-url-without-unicode cache-miss
121 http fetch GET 200 https://registry.npmjs.org/expo-file-system 570ms (cache miss)
122 silly packumentCache full:https://registry.npmjs.org/expo-file-system set size:undefined disposed:false
123 silly fetch manifest ws@^6.2.3
124 silly packumentCache full:https://registry.npmjs.org/ws cache-miss
125 http fetch GET 200 https://registry.npmjs.org/babel-preset-expo 484ms (cache miss)
126 silly packumentCache full:https://registry.npmjs.org/babel-preset-expo set size:undefined disposed:false
127 silly fetch manifest glob@^7.1.1
128 silly packumentCache full:https://registry.npmjs.org/glob cache-miss
129 http fetch GET 200 https://registry.npmjs.org/ws 153ms (cache miss)
130 silly packumentCache full:https://registry.npmjs.org/ws set size:undefined disposed:false
131 silly fetch manifest anser@^1.4.9
132 silly packumentCache full:https://registry.npmjs.org/anser cache-miss
133 http fetch GET 200 https://registry.npmjs.org/expo-modules-autolinking 420ms (cache miss)
134 silly packumentCache full:https://registry.npmjs.org/expo-modules-autolinking set size:undefined disposed:false
135 silly fetch manifest yargs@^17.6.2
136 silly packumentCache full:https://registry.npmjs.org/yargs cache-miss
137 http fetch GET 200 https://registry.npmjs.org/@expo%2fvector-icons 722ms (cache miss)
138 silly packumentCache full:https://registry.npmjs.org/@expo%2fvector-icons set size:undefined disposed:false
139 silly fetch manifest semver@^7.1.3
140 silly packumentCache full:https://registry.npmjs.org/semver cache-miss
141 http fetch GET 200 https://registry.npmjs.org/@expo%2ffingerprint 872ms (cache miss)
142 silly packumentCache full:https://registry.npmjs.org/@expo%2ffingerprint set size:undefined disposed:false
143 silly fetch manifest promise@^8.3.0
144 silly packumentCache full:https://registry.npmjs.org/promise cache-miss
145 http fetch GET 200 https://registry.npmjs.org/whatwg-url-without-unicode 389ms (cache miss)
146 silly packumentCache full:https://registry.npmjs.org/whatwg-url-without-unicode set size:undefined disposed:false
147 silly fetch manifest base64-js@^1.5.1
148 silly packumentCache full:https://registry.npmjs.org/base64-js cache-miss
149 http fetch GET 200 https://registry.npmjs.org/glob 437ms (cache miss)
150 silly packumentCache full:https://registry.npmjs.org/glob set size:undefined disposed:false
151 silly fetch manifest commander@^12.0.0
152 silly packumentCache full:https://registry.npmjs.org/commander cache-miss
153 http fetch GET 200 https://registry.npmjs.org/@expo%2fmetro-config 908ms (cache miss)
154 silly packumentCache full:https://registry.npmjs.org/@expo%2fmetro-config set size:undefined disposed:false
155 silly fetch manifest invariant@^2.2.4
156 silly packumentCache full:https://registry.npmjs.org/invariant cache-miss
157 http fetch GET 200 https://registry.npmjs.org/semver 167ms (cache miss)
158 silly packumentCache full:https://registry.npmjs.org/semver set size:undefined disposed:false
159 silly fetch manifest scheduler@0.26.0
160 silly packumentCache full:https://registry.npmjs.org/scheduler cache-miss
161 http fetch GET 200 https://registry.npmjs.org/@ungap%2fstructured-clone 669ms (cache miss)
162 silly packumentCache full:https://registry.npmjs.org/@ungap%2fstructured-clone set size:undefined disposed:false
163 silly fetch manifest ansi-regex@^5.0.0
164 silly packumentCache full:https://registry.npmjs.org/ansi-regex cache-miss
165 http fetch GET 200 https://registry.npmjs.org/yargs 221ms (cache miss)
166 silly packumentCache full:https://registry.npmjs.org/yargs set size:undefined disposed:false
167 silly fetch manifest babel-jest@^29.7.0
168 silly packumentCache full:https://registry.npmjs.org/babel-jest cache-miss
169 http fetch GET 200 https://registry.npmjs.org/base64-js 172ms (cache miss)
170 silly packumentCache full:https://registry.npmjs.org/base64-js set size:undefined disposed:false
171 silly fetch manifest nullthrows@^1.1.1
172 silly packumentCache full:https://registry.npmjs.org/nullthrows cache-miss
173 http fetch GET 200 https://registry.npmjs.org/react-refresh 1688ms (cache miss)
174 silly packumentCache full:https://registry.npmjs.org/react-refresh set size:undefined disposed:false
175 silly fetch manifest memoize-one@^5.0.0
176 silly packumentCache full:https://registry.npmjs.org/memoize-one cache-miss
177 http fetch GET 200 https://registry.npmjs.org/anser 374ms (cache miss)
178 silly packumentCache full:https://registry.npmjs.org/anser set size:undefined disposed:false
179 silly fetch manifest whatwg-fetch@^3.0.0
180 silly packumentCache full:https://registry.npmjs.org/whatwg-fetch cache-miss
181 http fetch GET 200 https://registry.npmjs.org/ansi-regex 64ms (cache miss)
182 silly packumentCache full:https://registry.npmjs.org/ansi-regex set size:undefined disposed:false
183 silly fetch manifest metro-runtime@^0.83.1
184 silly packumentCache full:https://registry.npmjs.org/metro-runtime cache-miss
185 http fetch GET 200 https://registry.npmjs.org/whatwg-fetch 77ms (cache miss)
186 silly packumentCache full:https://registry.npmjs.org/whatwg-fetch set size:undefined disposed:false
187 silly fetch manifest react-refresh@^0.14.0
188 silly packumentCache full:https://registry.npmjs.org/react-refresh cache-miss
189 http fetch GET 200 https://registry.npmjs.org/promise 311ms (cache miss)
190 silly packumentCache full:https://registry.npmjs.org/promise set size:undefined disposed:false
191 silly fetch manifest abort-controller@^3.0.0
192 silly packumentCache full:https://registry.npmjs.org/abort-controller cache-miss
193 http cache https://registry.npmjs.org/react-refresh 19ms (cache hit)
194 silly packumentCache full:https://registry.npmjs.org/react-refresh set size:6300571 disposed:false
195 silly fetch manifest metro-source-map@^0.83.1
196 silly packumentCache full:https://registry.npmjs.org/metro-source-map cache-miss
197 http fetch GET 200 https://registry.npmjs.org/abort-controller 50ms (cache miss)
198 silly packumentCache full:https://registry.npmjs.org/abort-controller set size:undefined disposed:false
199 silly fetch manifest stacktrace-parser@^0.1.10
200 silly packumentCache full:https://registry.npmjs.org/stacktrace-parser cache-miss
201 http fetch GET 200 https://registry.npmjs.org/invariant 304ms (cache miss)
202 silly packumentCache full:https://registry.npmjs.org/invariant set size:undefined disposed:false
203 silly fetch manifest flow-enums-runtime@^0.0.6
204 silly packumentCache full:https://registry.npmjs.org/flow-enums-runtime cache-miss
205 http fetch GET 200 https://registry.npmjs.org/nullthrows 359ms (cache miss)
206 silly packumentCache full:https://registry.npmjs.org/nullthrows set size:undefined disposed:false
207 silly fetch manifest react-devtools-core@^6.1.5
208 silly packumentCache full:https://registry.npmjs.org/react-devtools-core cache-miss
209 http fetch GET 200 https://registry.npmjs.org/babel-jest 383ms (cache miss)
210 silly packumentCache full:https://registry.npmjs.org/babel-jest set size:undefined disposed:false
211 silly fetch manifest regenerator-runtime@^0.13.2
212 silly packumentCache full:https://registry.npmjs.org/regenerator-runtime cache-miss
213 http fetch GET 200 https://registry.npmjs.org/commander 447ms (cache miss)
214 silly packumentCache full:https://registry.npmjs.org/commander set size:undefined disposed:false
215 silly fetch manifest @react-native/codegen@0.81.5
216 silly packumentCache full:https://registry.npmjs.org/@react-native%2fcodegen cache-miss
217 http fetch GET 200 https://registry.npmjs.org/memoize-one 371ms (cache miss)
218 silly packumentCache full:https://registry.npmjs.org/memoize-one set size:undefined disposed:false
219 silly fetch manifest jest-environment-node@^29.7.0
220 silly packumentCache full:https://registry.npmjs.org/jest-environment-node cache-miss
221 http fetch GET 200 https://registry.npmjs.org/metro-runtime 359ms (cache miss)
222 silly packumentCache full:https://registry.npmjs.org/metro-runtime set size:undefined disposed:false
223 silly fetch manifest @react-native/js-polyfills@0.81.5
224 silly packumentCache full:https://registry.npmjs.org/@react-native%2fjs-polyfills cache-miss
225 http fetch GET 200 https://registry.npmjs.org/stacktrace-parser 358ms (cache miss)
226 silly packumentCache full:https://registry.npmjs.org/stacktrace-parser set size:undefined disposed:false
227 silly fetch manifest @react-native/gradle-plugin@0.81.5
228 silly packumentCache full:https://registry.npmjs.org/@react-native%2fgradle-plugin cache-miss
229 http fetch GET 200 https://registry.npmjs.org/metro-source-map 376ms (cache miss)
230 silly packumentCache full:https://registry.npmjs.org/metro-source-map set size:undefined disposed:false
231 silly fetch manifest @react-native/assets-registry@0.81.5
232 silly packumentCache full:https://registry.npmjs.org/@react-native%2fassets-registry cache-miss
233 http fetch GET 200 https://registry.npmjs.org/flow-enums-runtime 292ms (cache miss)
234 silly packumentCache full:https://registry.npmjs.org/flow-enums-runtime set size:undefined disposed:false
235 silly fetch manifest @react-native/normalize-colors@0.81.5
236 silly packumentCache full:https://registry.npmjs.org/@react-native%2fnormalize-colors cache-miss
237 http fetch GET 200 https://registry.npmjs.org/react-devtools-core 330ms (cache miss)
238 silly packumentCache full:https://registry.npmjs.org/react-devtools-core set size:undefined disposed:false
239 silly fetch manifest @jest/create-cache-key-function@^29.7.0
240 silly packumentCache full:https://registry.npmjs.org/@jest%2fcreate-cache-key-function cache-miss
241 http fetch GET 200 https://registry.npmjs.org/regenerator-runtime 401ms (cache miss)
242 silly packumentCache full:https://registry.npmjs.org/regenerator-runtime set size:undefined disposed:false
243 silly fetch manifest @react-native/virtualized-lists@0.81.5
244 silly packumentCache full:https://registry.npmjs.org/@react-native%2fvirtualized-lists cache-miss
245 http fetch GET 200 https://registry.npmjs.org/@expo%2fconfig-plugins 1753ms (cache miss)
246 silly packumentCache full:https://registry.npmjs.org/@expo%2fconfig-plugins set size:undefined disposed:false
247 silly fetch manifest babel-plugin-syntax-hermes-parser@0.29.1
248 silly packumentCache full:https://registry.npmjs.org/babel-plugin-syntax-hermes-parser cache-miss
249 http fetch GET 200 https://registry.npmjs.org/jest-environment-node 697ms (cache miss)
250 silly packumentCache full:https://registry.npmjs.org/jest-environment-node set size:undefined disposed:false
251 silly fetch manifest @react-native/community-cli-plugin@0.81.5
252 silly packumentCache full:https://registry.npmjs.org/@react-native%2fcommunity-cli-plugin cache-miss
253 http fetch GET 200 https://registry.npmjs.org/scheduler 1290ms (cache miss)
254 silly packumentCache full:https://registry.npmjs.org/scheduler set size:undefined disposed:false
255 silly fetch manifest react-native-is-edge-to-edge@^1.2.1
256 silly packumentCache full:https://registry.npmjs.org/react-native-is-edge-to-edge cache-miss
257 http fetch GET 200 https://registry.npmjs.org/@react-native%2fcodegen 902ms (cache miss)
258 silly packumentCache full:https://registry.npmjs.org/@react-native%2fcodegen set size:undefined disposed:false
259 http fetch GET 200 https://registry.npmjs.org/babel-plugin-syntax-hermes-parser 332ms (cache miss)
260 silly packumentCache full:https://registry.npmjs.org/babel-plugin-syntax-hermes-parser set size:undefined disposed:false
261 http fetch GET 200 https://registry.npmjs.org/@react-native%2fassets-registry 870ms (cache miss)
262 silly packumentCache full:https://registry.npmjs.org/@react-native%2fassets-registry set size:undefined disposed:false
263 http fetch GET 200 https://registry.npmjs.org/@react-native%2fgradle-plugin 884ms (cache miss)
264 silly packumentCache full:https://registry.npmjs.org/@react-native%2fgradle-plugin set size:undefined disposed:false
265 http fetch GET 200 https://registry.npmjs.org/@jest%2fcreate-cache-key-function 734ms (cache miss)
266 silly packumentCache full:https://registry.npmjs.org/@jest%2fcreate-cache-key-function set size:undefined disposed:false
267 http fetch GET 200 https://registry.npmjs.org/@react-native%2fjs-polyfills 1022ms (cache miss)
268 silly packumentCache full:https://registry.npmjs.org/@react-native%2fjs-polyfills set size:undefined disposed:false
269 http fetch GET 200 https://registry.npmjs.org/react-native-is-edge-to-edge 305ms (cache miss)
270 silly packumentCache full:https://registry.npmjs.org/react-native-is-edge-to-edge set size:undefined disposed:false
271 http fetch GET 200 https://registry.npmjs.org/@react-native%2fnormalize-colors 1211ms (cache miss)
272 silly packumentCache full:https://registry.npmjs.org/@react-native%2fnormalize-colors set size:undefined disposed:false
273 http fetch GET 200 https://registry.npmjs.org/@react-native%2fcommunity-cli-plugin 1010ms (cache miss)
274 silly packumentCache full:https://registry.npmjs.org/@react-native%2fcommunity-cli-plugin set size:undefined disposed:false
275 http fetch GET 200 https://registry.npmjs.org/@react-native%2fvirtualized-lists 1344ms (cache miss)
276 silly packumentCache full:https://registry.npmjs.org/@react-native%2fvirtualized-lists set size:undefined disposed:false
277 http fetch GET https://registry.npmjs.org/@expo%2fconfig attempt 1 failed with ECONNRESET
278 http fetch GET 200 https://registry.npmjs.org/@expo%2fconfig 25832ms attempt #2 (cache miss)
279 silly packumentCache full:https://registry.npmjs.org/@expo%2fconfig set size:undefined disposed:false
280 silly fetch manifest expo@*
281 silly packumentCache full:https://registry.npmjs.org/expo cache-miss
282 http cache https://registry.npmjs.org/expo 13ms (cache hit)
283 silly packumentCache full:https://registry.npmjs.org/expo set size:3639317 disposed:false
284 silly fetch manifest react@*
285 silly packumentCache full:https://registry.npmjs.org/react cache-miss
286 http cache https://registry.npmjs.org/react 20ms (cache hit)
287 silly packumentCache full:https://registry.npmjs.org/react set size:6613874 disposed:false
288 silly fetch manifest react-native@*
289 silly packumentCache full:https://registry.npmjs.org/react-native cache-miss
290 http cache https://registry.npmjs.org/react-native 36ms (cache hit)
291 silly packumentCache full:https://registry.npmjs.org/react-native set size:15154347 disposed:false
292 silly fetch manifest @react-native/jest-preset@0.85.2
293 silly packumentCache full:https://registry.npmjs.org/@react-native%2fjest-preset cache-miss
294 http fetch GET 200 https://registry.npmjs.org/@react-native%2fjest-preset 157ms (cache miss)
295 silly packumentCache full:https://registry.npmjs.org/@react-native%2fjest-preset set size:undefined disposed:false
296 silly fetch manifest @types/react@^19.1.1
297 silly packumentCache full:https://registry.npmjs.org/@types%2freact cache-miss
298 http cache https://registry.npmjs.org/@types%2freact 16ms (cache hit)
299 silly packumentCache full:https://registry.npmjs.org/@types%2freact set size:2588964 disposed:false
300 silly fetch manifest expo-router@*
301 silly packumentCache full:https://registry.npmjs.org/expo-router cache-miss
302 http fetch GET 200 https://registry.npmjs.org/expo-router 184ms (cache miss)
303 silly packumentCache full:https://registry.npmjs.org/expo-router set size:undefined disposed:false
304 silly fetch manifest @expo/log-box@55.0.11
305 silly packumentCache full:https://registry.npmjs.org/@expo%2flog-box cache-miss
306 http fetch GET 200 https://registry.npmjs.org/@expo%2flog-box 693ms (cache miss)
307 silly packumentCache full:https://registry.npmjs.org/@expo%2flog-box set size:undefined disposed:false
308 silly fetch manifest @react-navigation/drawer@^7.9.4
309 silly packumentCache full:https://registry.npmjs.org/@react-navigation%2fdrawer cache-miss
310 http fetch GET 200 https://registry.npmjs.org/@react-navigation%2fdrawer 840ms (cache miss)
311 silly packumentCache full:https://registry.npmjs.org/@react-navigation%2fdrawer set size:undefined disposed:false
312 silly fetch manifest @react-navigation/native@^7.2.2
313 silly packumentCache full:https://registry.npmjs.org/@react-navigation%2fnative cache-miss
314 http fetch GET 200 https://registry.npmjs.org/@react-navigation%2fnative 1352ms (cache miss)
315 silly packumentCache full:https://registry.npmjs.org/@react-navigation%2fnative set size:undefined disposed:false
316 silly fetch manifest react-native-gesture-handler@>= 2.0.0
317 silly packumentCache full:https://registry.npmjs.org/react-native-gesture-handler cache-miss
318 http fetch GET 200 https://registry.npmjs.org/react-native-gesture-handler 432ms (cache miss)
319 silly packumentCache full:https://registry.npmjs.org/react-native-gesture-handler set size:undefined disposed:false
320 silly fetch manifest react-native-reanimated@>= 2.0.0
321 silly packumentCache full:https://registry.npmjs.org/react-native-reanimated cache-miss
322 http fetch GET 200 https://registry.npmjs.org/react-native-reanimated 779ms (cache miss)
323 silly packumentCache full:https://registry.npmjs.org/react-native-reanimated set size:undefined disposed:false
324 silly fetch manifest react-native-worklets@0.8.x
325 silly packumentCache full:https://registry.npmjs.org/react-native-worklets cache-miss
326 http fetch GET 200 https://registry.npmjs.org/react-native-worklets 812ms (cache miss)
327 silly packumentCache full:https://registry.npmjs.org/react-native-worklets set size:undefined disposed:false
328 silly fetch manifest @babel/core@*
329 silly packumentCache full:https://registry.npmjs.org/@babel%2fcore cache-miss
330 http fetch GET 200 https://registry.npmjs.org/@babel%2fcore 434ms (cache miss)
331 silly packumentCache full:https://registry.npmjs.org/@babel%2fcore set size:undefined disposed:false
332 silly fetch manifest @react-native/metro-config@*
333 silly packumentCache full:https://registry.npmjs.org/@react-native%2fmetro-config cache-miss
334 http fetch GET 200 https://registry.npmjs.org/@react-native%2fmetro-config 805ms (cache miss)
335 silly packumentCache full:https://registry.npmjs.org/@react-native%2fmetro-config set size:undefined disposed:false
336 silly fetch manifest react-native-safe-area-context@>= 4.0.0
337 silly packumentCache full:https://registry.npmjs.org/react-native-safe-area-context cache-miss
338 http fetch GET 200 https://registry.npmjs.org/react-native-safe-area-context 474ms (cache miss)
339 silly packumentCache full:https://registry.npmjs.org/react-native-safe-area-context set size:undefined disposed:false
340 silly fetch manifest react-native-screens@>= 4.0.0
341 silly packumentCache full:https://registry.npmjs.org/react-native-screens cache-miss
342 http fetch GET 200 https://registry.npmjs.org/react-native-screens 466ms (cache miss)
343 silly packumentCache full:https://registry.npmjs.org/react-native-screens set size:undefined disposed:false
344 silly fetch manifest @testing-library/react-native@>= 13.2.0
345 silly packumentCache full:https://registry.npmjs.org/@testing-library%2freact-native cache-miss
346 http fetch GET 200 https://registry.npmjs.org/@testing-library%2freact-native 681ms (cache miss)
347 silly packumentCache full:https://registry.npmjs.org/@testing-library%2freact-native set size:undefined disposed:false
348 silly fetch manifest jest@>=29.0.0
349 silly packumentCache full:https://registry.npmjs.org/jest cache-miss
350 http fetch GET 200 https://registry.npmjs.org/jest 477ms (cache miss)
351 silly packumentCache full:https://registry.npmjs.org/jest set size:undefined disposed:false
352 silly fetch manifest node-notifier@^8.0.1 || ^9.0.0 || ^10.0.0
353 silly packumentCache full:https://registry.npmjs.org/node-notifier cache-miss
354 http fetch GET 200 https://registry.npmjs.org/node-notifier 369ms (cache miss)
355 silly packumentCache full:https://registry.npmjs.org/node-notifier set size:undefined disposed:false
356 silly fetch manifest react-test-renderer@>=18.2.0
357 silly packumentCache full:https://registry.npmjs.org/react-test-renderer cache-miss
358 http fetch GET 200 https://registry.npmjs.org/react-test-renderer 911ms (cache miss)
359 silly packumentCache full:https://registry.npmjs.org/react-test-renderer set size:undefined disposed:false
360 silly fetch manifest expo-constants@^55.0.15
361 silly packumentCache full:https://registry.npmjs.org/expo-constants cache-miss
362 http cache https://registry.npmjs.org/expo-constants 13ms (cache hit)
363 silly packumentCache full:https://registry.npmjs.org/expo-constants set size:972648 disposed:false
364 silly fetch manifest expo-linking@^55.0.14
365 silly packumentCache full:https://registry.npmjs.org/expo-linking cache-miss
366 http fetch GET 200 https://registry.npmjs.org/expo-linking 314ms (cache miss)
367 silly packumentCache full:https://registry.npmjs.org/expo-linking set size:undefined disposed:false
368 silly fetch manifest react-native-web@*
369 silly packumentCache full:https://registry.npmjs.org/react-native-web cache-miss
370 http fetch GET 200 https://registry.npmjs.org/react-native-web 403ms (cache miss)
371 silly packumentCache full:https://registry.npmjs.org/react-native-web set size:undefined disposed:false
372 silly fetch manifest react-server-dom-webpack@~19.0.4 || ~19.1.5 || ~19.2.4
373 silly packumentCache full:https://registry.npmjs.org/react-server-dom-webpack cache-miss
374 http fetch GET 200 https://registry.npmjs.org/react-server-dom-webpack 1056ms (cache miss)
375 silly packumentCache full:https://registry.npmjs.org/react-server-dom-webpack set size:undefined disposed:false
376 silly fetch manifest webpack@^5.59.0
377 silly packumentCache full:https://registry.npmjs.org/webpack cache-miss
378 http fetch GET 200 https://registry.npmjs.org/webpack 492ms (cache miss)
379 silly packumentCache full:https://registry.npmjs.org/webpack set size:undefined disposed:false
380 silly placeDep ROOT @babel/runtime@7.29.2 OK for: expo@54.0.33 want: ^7.20.0
381 silly placeDep node_modules/expo @expo/cli@54.0.23 CONFLICT for: expo@54.0.33 want: 54.0.23
382 silly placeDep ROOT @expo/config@12.0.13 OK for: expo@54.0.33 want: ~12.0.13
383 silly placeDep ROOT @expo/config-plugins@54.0.4 OK for: expo@54.0.33 want: ~54.0.4
384 silly placeDep ROOT @expo/devtools@0.1.8 OK for: expo@54.0.33 want: 0.1.8
385 silly placeDep ROOT @expo/fingerprint@0.15.4 OK for: expo@54.0.33 want: 0.15.4
386 silly placeDep ROOT @expo/metro@54.2.0 OK for: expo@54.0.33 want: ~54.2.0
387 silly placeDep node_modules/expo @expo/metro-config@54.0.14 CONFLICT for: expo@54.0.33 want: 54.0.14
388 silly placeDep node_modules/expo @expo/vector-icons@15.1.1 CONFLICT for: expo@54.0.33 want: ^15.0.3
389 silly placeDep node_modules/expo expo-font@14.0.11 CONFLICT for: @expo/vector-icons@15.1.1 want: >=14.0.4
390 silly placeDep ROOT @ungap/structured-clone@1.3.0 OK for: expo@54.0.33 want: ^1.3.0
391 silly placeDep node_modules/expo babel-preset-expo@54.0.10 CONFLICT for: expo@54.0.33 want: ~54.0.10
392 silly placeDep ROOT react-refresh@0.14.2 OK for: babel-preset-expo@54.0.10 want: >=0.14.0 <1.0.0
393 silly placeDep node_modules/expo expo-asset@12.0.12 CONFLICT for: expo@54.0.33 want: ~12.0.12
394 silly placeDep node_modules/expo expo-constants@18.0.13 CONFLICT for: expo@54.0.33 want: ~18.0.13
395 silly placeDep node_modules/expo expo-file-system@19.0.21 CONFLICT for: expo@54.0.33 want: ~19.0.21
396 silly placeDep node_modules/expo expo-keep-awake@15.0.8 CONFLICT for: expo@54.0.33 want: ~15.0.8
397 silly placeDep ROOT expo-modules-autolinking@3.0.24 OK for: expo@54.0.33 want: 3.0.24
398 silly placeDep ROOT expo-modules-core@3.0.29 OK for: expo@54.0.33 want: 3.0.29
399 silly placeDep ROOT pretty-format@29.7.0 OK for: expo@54.0.33 want: ^29.7.0
400 silly placeDep ROOT whatwg-url-without-unicode@8.0.0-3 OK for: expo@54.0.33 want: 8.0.0-3
401 silly fetch manifest ws@^8.12.1
402 silly packumentCache full:https://registry.npmjs.org/ws cache-miss
403 silly fetch manifest arg@^5.0.2
404 silly packumentCache full:https://registry.npmjs.org/arg cache-miss
405 silly fetch manifest ora@^3.4.0
406 silly packumentCache full:https://registry.npmjs.org/ora cache-miss
407 silly fetch manifest tar@^7.5.2
408 silly packumentCache full:https://registry.npmjs.org/tar cache-miss
409 silly fetch manifest glob@^13.0.0
410 silly packumentCache full:https://registry.npmjs.org/glob cache-miss
411 silly fetch manifest send@^0.19.0
412 silly packumentCache full:https://registry.npmjs.org/send cache-miss
413 silly fetch manifest chalk@^4.0.0
414 silly packumentCache full:https://registry.npmjs.org/chalk cache-miss
415 silly fetch manifest debug@^4.3.4
416 silly packumentCache full:https://registry.npmjs.org/debug cache-miss
417 silly fetch manifest getenv@^2.0.0
418 silly packumentCache full:https://registry.npmjs.org/getenv cache-miss
419 silly fetch manifest semver@^7.6.0
420 silly packumentCache full:https://registry.npmjs.org/semver cache-miss
421 silly fetch manifest undici@^6.18.2
422 silly packumentCache full:https://registry.npmjs.org/undici cache-miss
423 http cache https://registry.npmjs.org/ws 18ms (cache hit)
424 silly packumentCache full:https://registry.npmjs.org/ws set size:415737 disposed:false
425 silly fetch manifest accepts@^1.3.8
426 silly packumentCache full:https://registry.npmjs.org/accepts cache-miss
427 http cache https://registry.npmjs.org/semver 19ms (cache hit)
428 silly packumentCache full:https://registry.npmjs.org/semver set size:229620 disposed:false
429 silly fetch manifest ci-info@^3.3.0
430 silly packumentCache full:https://registry.npmjs.org/ci-info cache-miss
431 http cache https://registry.npmjs.org/glob 24ms (cache hit)
432 silly packumentCache full:https://registry.npmjs.org/glob set size:469465 disposed:false
433 silly fetch manifest connect@^3.7.0
434 silly packumentCache full:https://registry.npmjs.org/connect cache-miss
435 http fetch GET 200 https://registry.npmjs.org/send 123ms (cache miss)
436 silly packumentCache full:https://registry.npmjs.org/send set size:undefined disposed:false
437 silly fetch manifest prompts@^2.3.2
438 silly packumentCache full:https://registry.npmjs.org/prompts cache-miss
439 http fetch GET 200 https://registry.npmjs.org/ora 132ms (cache miss)
440 silly packumentCache full:https://registry.npmjs.org/ora set size:undefined disposed:false
441 silly fetch manifest resolve@^1.22.2
442 silly packumentCache full:https://registry.npmjs.org/resolve cache-miss
443 http fetch GET 200 https://registry.npmjs.org/debug 137ms (cache miss)
444 silly packumentCache full:https://registry.npmjs.org/debug set size:undefined disposed:false
445 silly fetch manifest slugify@^1.3.4
446 silly packumentCache full:https://registry.npmjs.org/slugify cache-miss
447 http fetch GET 200 https://registry.npmjs.org/tar 140ms (cache miss)
448 silly packumentCache full:https://registry.npmjs.org/tar set size:undefined disposed:false
449 silly fetch manifest progress@^2.0.3
450 silly packumentCache full:https://registry.npmjs.org/progress cache-miss
451 http fetch GET 200 https://registry.npmjs.org/accepts 139ms (cache miss)
452 silly packumentCache full:https://registry.npmjs.org/accepts set size:undefined disposed:false
453 silly fetch manifest requireg@^0.2.2
454 silly packumentCache full:https://registry.npmjs.org/requireg cache-miss
455 http fetch GET 200 https://registry.npmjs.org/ci-info 141ms (cache miss)
456 silly packumentCache full:https://registry.npmjs.org/ci-info set size:undefined disposed:false
457 silly fetch manifest @expo/env@~2.0.8
458 silly packumentCache full:https://registry.npmjs.org/@expo%2fenv cache-miss
459 http fetch GET 200 https://registry.npmjs.org/undici 169ms (cache miss)
460 silly packumentCache full:https://registry.npmjs.org/undici set size:undefined disposed:false
461 silly fetch manifest minimatch@^9.0.0
462 silly packumentCache full:https://registry.npmjs.org/minimatch cache-miss
463 http fetch GET 200 https://registry.npmjs.org/prompts 74ms (cache miss)
464 silly packumentCache full:https://registry.npmjs.org/prompts set size:undefined disposed:false
465 silly fetch manifest picomatch@^3.0.1
466 silly packumentCache full:https://registry.npmjs.org/picomatch cache-miss
467 http fetch GET 200 https://registry.npmjs.org/progress 68ms (cache miss)
468 silly packumentCache full:https://registry.npmjs.org/progress set size:undefined disposed:false
469 silly fetch manifest wrap-ansi@^7.0.0
470 silly packumentCache full:https://registry.npmjs.org/wrap-ansi cache-miss
471 http fetch GET 200 https://registry.npmjs.org/getenv 290ms (cache miss)
472 silly packumentCache full:https://registry.npmjs.org/getenv set size:undefined disposed:false
473 silly fetch manifest @urql/core@^5.0.6
474 silly packumentCache full:https://registry.npmjs.org/@urql%2fcore cache-miss
475 http fetch GET 200 https://registry.npmjs.org/minimatch 120ms (cache miss)
476 silly packumentCache full:https://registry.npmjs.org/minimatch set size:undefined disposed:false
477 silly fetch manifest better-opn@~3.0.2
478 silly packumentCache full:https://registry.npmjs.org/better-opn cache-miss
479 http fetch GET 200 https://registry.npmjs.org/connect 273ms (cache miss)
480 silly packumentCache full:https://registry.npmjs.org/connect set size:undefined disposed:false
481 silly fetch manifest env-editor@^0.4.1
482 silly packumentCache full:https://registry.npmjs.org/env-editor cache-miss
483 http fetch GET 200 https://registry.npmjs.org/wrap-ansi 89ms (cache miss)
484 silly packumentCache full:https://registry.npmjs.org/wrap-ansi set size:undefined disposed:false
485 silly fetch manifest node-forge@^1.3.3
486 silly packumentCache full:https://registry.npmjs.org/node-forge cache-miss
487 http fetch GET 200 https://registry.npmjs.org/arg 315ms (cache miss)
488 silly packumentCache full:https://registry.npmjs.org/arg set size:undefined disposed:false
489 silly fetch manifest @expo/plist@^0.4.8
490 silly packumentCache full:https://registry.npmjs.org/@expo%2fplist cache-miss
491 http fetch GET 200 https://registry.npmjs.org/chalk 316ms (cache miss)
492 silly packumentCache full:https://registry.npmjs.org/chalk set size:undefined disposed:false
493 silly fetch manifest compression@^1.7.4
494 silly packumentCache full:https://registry.npmjs.org/compression cache-miss
495 http fetch GET 200 https://registry.npmjs.org/compression 140ms (cache miss)
496 silly packumentCache full:https://registry.npmjs.org/compression set size:undefined disposed:false
497 silly fetch manifest expo-server@^1.0.5
498 silly packumentCache full:https://registry.npmjs.org/expo-server cache-miss
499 http fetch GET 200 https://registry.npmjs.org/requireg 360ms (cache miss)
500 silly packumentCache full:https://registry.npmjs.org/requireg set size:undefined disposed:false
501 silly fetch manifest lan-network@^0.1.6
502 silly packumentCache full:https://registry.npmjs.org/lan-network cache-miss
503 http fetch GET 200 https://registry.npmjs.org/resolve 390ms (cache miss)
504 silly packumentCache full:https://registry.npmjs.org/resolve set size:undefined disposed:false
505 silly fetch manifest pretty-bytes@^5.6.0
506 silly packumentCache full:https://registry.npmjs.org/pretty-bytes cache-miss
507 http fetch GET 200 https://registry.npmjs.org/picomatch 401ms (cache miss)
508 silly packumentCache full:https://registry.npmjs.org/picomatch set size:undefined disposed:false
509 silly fetch manifest resolve-from@^5.0.0
510 silly packumentCache full:https://registry.npmjs.org/resolve-from cache-miss
511 http fetch GET 200 https://registry.npmjs.org/better-opn 308ms (cache miss)
512 silly packumentCache full:https://registry.npmjs.org/better-opn set size:undefined disposed:false
513 silly fetch manifest @expo/devcert@^1.2.1
514 silly packumentCache full:https://registry.npmjs.org/@expo%2fdevcert cache-miss
515 http fetch GET 200 https://registry.npmjs.org/node-forge 322ms (cache miss)
516 silly packumentCache full:https://registry.npmjs.org/node-forge set size:undefined disposed:false
517 silly fetch manifest bplist-parser@^0.3.1
518 silly packumentCache full:https://registry.npmjs.org/bplist-parser cache-miss
519 http fetch GET 200 https://registry.npmjs.org/env-editor 328ms (cache miss)
520 silly packumentCache full:https://registry.npmjs.org/env-editor set size:undefined disposed:false
521 silly fetch manifest terminal-link@^2.1.1
522 silly packumentCache full:https://registry.npmjs.org/terminal-link cache-miss
523 http fetch GET 200 https://registry.npmjs.org/expo-server 336ms (cache miss)
524 silly packumentCache full:https://registry.npmjs.org/expo-server set size:undefined disposed:false
525 silly fetch manifest @expo/xcpretty@^4.3.0
526 silly packumentCache full:https://registry.npmjs.org/@expo%2fxcpretty cache-miss
527 http fetch GET 200 https://registry.npmjs.org/lan-network 349ms (cache miss)
528 silly packumentCache full:https://registry.npmjs.org/lan-network set size:undefined disposed:false
529 silly fetch manifest bplist-creator@0.1.0
530 silly packumentCache full:https://registry.npmjs.org/bplist-creator cache-miss
531 http fetch GET 200 https://registry.npmjs.org/resolve-from 364ms (cache miss)
532 silly packumentCache full:https://registry.npmjs.org/resolve-from set size:undefined disposed:false
533 silly fetch manifest freeport-async@^2.0.0
534 silly packumentCache full:https://registry.npmjs.org/freeport-async cache-miss
535 http fetch GET 200 https://registry.npmjs.org/bplist-parser 343ms (cache miss)
536 silly packumentCache full:https://registry.npmjs.org/bplist-parser set size:undefined disposed:false
537 silly fetch manifest @expo/json-file@^10.0.8
538 silly packumentCache full:https://registry.npmjs.org/@expo%2fjson-file cache-miss
539 http fetch GET 200 https://registry.npmjs.org/pretty-bytes 449ms (cache miss)
540 silly packumentCache full:https://registry.npmjs.org/pretty-bytes set size:undefined disposed:false
541 silly fetch manifest @expo/osascript@^2.3.8
542 silly packumentCache full:https://registry.npmjs.org/@expo%2fosascript cache-miss
543 http fetch GET 200 https://registry.npmjs.org/slugify 842ms (cache miss)
544 silly packumentCache full:https://registry.npmjs.org/slugify set size:undefined disposed:false
545 silly fetch manifest @expo/ws-tunnel@^1.0.1
546 silly packumentCache full:https://registry.npmjs.org/@expo%2fws-tunnel cache-miss
547 http fetch GET 200 https://registry.npmjs.org/terminal-link 350ms (cache miss)
548 silly packumentCache full:https://registry.npmjs.org/terminal-link set size:undefined disposed:false
549 silly fetch manifest npm-package-arg@^11.0.0
550 silly packumentCache full:https://registry.npmjs.org/npm-package-arg cache-miss
551 http fetch GET 200 https://registry.npmjs.org/@expo%2fenv 827ms (cache miss)
552 silly packumentCache full:https://registry.npmjs.org/@expo%2fenv set size:undefined disposed:false
553 silly fetch manifest qrcode-terminal@0.11.0
554 silly packumentCache full:https://registry.npmjs.org/qrcode-terminal cache-miss
555 http fetch GET 200 https://registry.npmjs.org/@expo%2fplist 720ms (cache miss)
556 silly packumentCache full:https://registry.npmjs.org/@expo%2fplist set size:undefined disposed:false
557 silly fetch manifest resolve.exports@^2.0.3
558 silly packumentCache full:https://registry.npmjs.org/resolve.exports cache-miss
559 http fetch GET 200 https://registry.npmjs.org/npm-package-arg 116ms (cache miss)
560 silly packumentCache full:https://registry.npmjs.org/npm-package-arg set size:undefined disposed:false
561 silly fetch manifest @expo/image-utils@^0.8.8
562 silly packumentCache full:https://registry.npmjs.org/@expo%2fimage-utils cache-miss
563 http fetch GET 200 https://registry.npmjs.org/@urql%2fcore 809ms (cache miss)
564 silly packumentCache full:https://registry.npmjs.org/@urql%2fcore set size:undefined disposed:false
565 silly fetch manifest @expo/spawn-async@^1.7.2
566 silly packumentCache full:https://registry.npmjs.org/@expo%2fspawn-async cache-miss
567 http fetch GET 200 https://registry.npmjs.org/bplist-creator 379ms (cache miss)
568 silly packumentCache full:https://registry.npmjs.org/bplist-creator set size:undefined disposed:false
569 silly fetch manifest @expo/metro-config@~54.0.14
570 silly packumentCache full:https://registry.npmjs.org/@expo%2fmetro-config cache-miss
571 http cache https://registry.npmjs.org/@expo%2fmetro-config 7ms (cache hit)
572 silly packumentCache full:https://registry.npmjs.org/@expo%2fmetro-config set size:1417964 disposed:false
573 silly fetch manifest @expo/schema-utils@^0.1.8
574 silly packumentCache full:https://registry.npmjs.org/@expo%2fschema-utils cache-miss
575 http fetch GET 200 https://registry.npmjs.org/qrcode-terminal 343ms (cache miss)
576 silly packumentCache full:https://registry.npmjs.org/qrcode-terminal set size:undefined disposed:false
577 silly fetch manifest source-map-support@~0.5.21
578 silly packumentCache full:https://registry.npmjs.org/source-map-support cache-miss
579 http fetch GET 200 https://registry.npmjs.org/freeport-async 373ms (cache miss)
580 silly packumentCache full:https://registry.npmjs.org/freeport-async set size:undefined disposed:false
581 silly fetch manifest structured-headers@^0.4.1
582 silly packumentCache full:https://registry.npmjs.org/structured-headers cache-miss
583 http fetch GET 200 https://registry.npmjs.org/@expo%2fdevcert 733ms (cache miss)
584 silly packumentCache full:https://registry.npmjs.org/@expo%2fdevcert set size:undefined disposed:false
585 silly fetch manifest @0no-co/graphql.web@^1.0.8
586 silly packumentCache full:https://registry.npmjs.org/@0no-co%2fgraphql.web cache-miss
587 http fetch GET 200 https://registry.npmjs.org/resolve.exports 310ms (cache miss)
588 silly packumentCache full:https://registry.npmjs.org/resolve.exports set size:undefined disposed:false
589 silly fetch manifest require-from-string@^2.0.2
590 silly packumentCache full:https://registry.npmjs.org/require-from-string cache-miss
591 http fetch GET 200 https://registry.npmjs.org/require-from-string 45ms (cache miss)
592 silly packumentCache full:https://registry.npmjs.org/require-from-string set size:undefined disposed:false
593 silly fetch manifest @urql/exchange-retry@^1.3.0
594 silly packumentCache full:https://registry.npmjs.org/@urql%2fexchange-retry cache-miss
595 http fetch GET 200 https://registry.npmjs.org/@expo%2fxcpretty 740ms (cache miss)
596 silly packumentCache full:https://registry.npmjs.org/@expo%2fxcpretty set size:undefined disposed:false
597 silly fetch manifest @expo/package-manager@^1.9.10
598 silly packumentCache full:https://registry.npmjs.org/@expo%2fpackage-manager cache-miss
599 http fetch GET 200 https://registry.npmjs.org/structured-headers 339ms (cache miss)
600 silly packumentCache full:https://registry.npmjs.org/structured-headers set size:undefined disposed:false
601 silly fetch manifest @expo/prebuild-config@^54.0.8
602 silly packumentCache full:https://registry.npmjs.org/@expo%2fprebuild-config cache-miss
603 http fetch GET 200 https://registry.npmjs.org/@expo%2fws-tunnel 704ms (cache miss)
604 silly packumentCache full:https://registry.npmjs.org/@expo%2fws-tunnel set size:undefined disposed:false
605 silly fetch manifest @react-native/dev-middleware@0.81.5
606 silly packumentCache full:https://registry.npmjs.org/@react-native%2fdev-middleware cache-miss
607 http fetch GET 200 https://registry.npmjs.org/@expo%2fosascript 719ms (cache miss)
608 silly packumentCache full:https://registry.npmjs.org/@expo%2fosascript set size:undefined disposed:false
609 silly fetch manifest @expo/code-signing-certificates@^0.0.6
610 silly packumentCache full:https://registry.npmjs.org/@expo%2fcode-signing-certificates cache-miss
611 http fetch GET 200 https://registry.npmjs.org/@expo%2fjson-file 725ms (cache miss)
612 silly packumentCache full:https://registry.npmjs.org/@expo%2fjson-file set size:undefined disposed:false
613 silly fetch manifest sucrase@~3.35.1
614 silly packumentCache full:https://registry.npmjs.org/sucrase cache-miss
615 http fetch GET 200 https://registry.npmjs.org/source-map-support 410ms (cache miss)
616 silly packumentCache full:https://registry.npmjs.org/source-map-support set size:undefined disposed:false
617 silly fetch manifest deepmerge@^4.3.1
618 silly packumentCache full:https://registry.npmjs.org/deepmerge cache-miss
619 http fetch GET 200 https://registry.npmjs.org/@expo%2fspawn-async 741ms (cache miss)
620 silly packumentCache full:https://registry.npmjs.org/@expo%2fspawn-async set size:undefined disposed:false
621 silly fetch manifest @babel/code-frame@~7.10.4
622 silly packumentCache full:https://registry.npmjs.org/@babel%2fcode-frame cache-miss
623 http fetch GET 200 https://registry.npmjs.org/deepmerge 103ms (cache miss)
624 silly packumentCache full:https://registry.npmjs.org/deepmerge set size:undefined disposed:false
625 silly fetch manifest @expo/config-types@^54.0.10
626 silly packumentCache full:https://registry.npmjs.org/@expo%2fconfig-types cache-miss
627 http fetch GET 200 https://registry.npmjs.org/@expo%2fschema-utils 728ms (cache miss)
628 silly packumentCache full:https://registry.npmjs.org/@expo%2fschema-utils set size:undefined disposed:false
629 silly fetch manifest resolve-workspace-root@^2.0.0
630 silly packumentCache full:https://registry.npmjs.org/resolve-workspace-root cache-miss
631 http fetch GET 200 https://registry.npmjs.org/@0no-co%2fgraphql.web 674ms (cache miss)
632 silly packumentCache full:https://registry.npmjs.org/@0no-co%2fgraphql.web set size:undefined disposed:false
633 silly fetch manifest chalk@^4.1.2
634 silly packumentCache full:https://registry.npmjs.org/chalk cache-miss
635 http cache https://registry.npmjs.org/chalk 4ms (cache hit)
636 silly packumentCache full:https://registry.npmjs.org/chalk set size:117861 disposed:false
637 silly fetch manifest debug@^4.3.5
638 silly packumentCache full:https://registry.npmjs.org/debug cache-miss
639 http cache https://registry.npmjs.org/debug 3ms (cache hit)
640 silly packumentCache full:https://registry.npmjs.org/debug set size:195840 disposed:false
641 silly fetch manifest slash@^3.0.0
642 silly packumentCache full:https://registry.npmjs.org/slash cache-miss
643 http fetch GET 200 https://registry.npmjs.org/sucrase 374ms (cache miss)
644 silly packumentCache full:https://registry.npmjs.org/sucrase set size:undefined disposed:false
645 silly fetch manifest xcode@^3.0.1
646 silly packumentCache full:https://registry.npmjs.org/xcode cache-miss
647 http fetch GET 200 https://registry.npmjs.org/@urql%2fexchange-retry 701ms (cache miss)
648 silly packumentCache full:https://registry.npmjs.org/@urql%2fexchange-retry set size:undefined disposed:false
649 silly fetch manifest semver@^7.5.4
650 silly packumentCache full:https://registry.npmjs.org/semver cache-hit
651 silly fetch manifest xml2js@0.6.0
652 silly packumentCache full:https://registry.npmjs.org/xml2js cache-miss
653 http fetch GET 200 https://registry.npmjs.org/@expo%2fimage-utils 1113ms (cache miss)
654 silly packumentCache full:https://registry.npmjs.org/@expo%2fimage-utils set size:undefined disposed:false
655 silly fetch manifest slugify@^1.6.6
656 silly packumentCache full:https://registry.npmjs.org/slugify cache-miss
657 http cache https://registry.npmjs.org/slugify 8ms (cache hit)
658 silly packumentCache full:https://registry.npmjs.org/slugify set size:103522 disposed:false
659 silly fetch manifest @expo/json-file@~10.0.8
660 silly packumentCache full:https://registry.npmjs.org/@expo%2fjson-file cache-miss
661 http cache https://registry.npmjs.org/@expo%2fjson-file 5ms (cache hit)
662 silly packumentCache full:https://registry.npmjs.org/@expo%2fjson-file set size:707491 disposed:false
663 silly fetch manifest @expo/config-types@^54.0.10
664 silly packumentCache full:https://registry.npmjs.org/@expo%2fconfig-types cache-miss
665 http fetch GET 200 https://registry.npmjs.org/resolve-workspace-root 320ms (cache miss)
666 silly packumentCache full:https://registry.npmjs.org/resolve-workspace-root set size:undefined disposed:false
667 silly fetch manifest @expo/sdk-runtime-versions@^1.0.0
668 silly packumentCache full:https://registry.npmjs.org/@expo%2fsdk-runtime-versions cache-miss
669 http fetch GET 200 https://registry.npmjs.org/@expo%2fpackage-manager 789ms (cache miss)
670 silly packumentCache full:https://registry.npmjs.org/@expo%2fpackage-manager set size:undefined disposed:false
671 silly fetch manifest ignore@^5.3.1
672 silly packumentCache full:https://registry.npmjs.org/ignore cache-miss
673 http fetch GET 200 https://registry.npmjs.org/slash 379ms (cache miss)
674 silly packumentCache full:https://registry.npmjs.org/slash set size:undefined disposed:false
675 silly fetch manifest p-limit@^3.1.0
676 silly packumentCache full:https://registry.npmjs.org/p-limit cache-miss
677 http fetch GET 200 https://registry.npmjs.org/@expo%2fcode-signing-certificates 722ms (cache miss)
678 silly packumentCache full:https://registry.npmjs.org/@expo%2fcode-signing-certificates set size:undefined disposed:false
679 silly fetch manifest metro@0.83.3
680 silly packumentCache full:https://registry.npmjs.org/metro cache-miss
681 http fetch GET 200 https://registry.npmjs.org/@expo%2fprebuild-config 747ms (cache miss)
682 silly packumentCache full:https://registry.npmjs.org/@expo%2fprebuild-config set size:undefined disposed:false
683 silly fetch manifest metro-core@0.83.3
684 silly packumentCache full:https://registry.npmjs.org/metro-core cache-miss
685 http fetch GET 200 https://registry.npmjs.org/xml2js 348ms (cache miss)
686 silly packumentCache full:https://registry.npmjs.org/xml2js set size:undefined disposed:false
687 silly fetch manifest metro-cache@0.83.3
688 silly packumentCache full:https://registry.npmjs.org/metro-cache cache-miss
689 http fetch GET 200 https://registry.npmjs.org/@react-native%2fdev-middleware 807ms (cache miss)
690 silly packumentCache full:https://registry.npmjs.org/@react-native%2fdev-middleware set size:undefined disposed:false
691 silly fetch manifest metro-config@0.83.3
692 silly packumentCache full:https://registry.npmjs.org/metro-config cache-miss
693 http fetch GET 200 https://registry.npmjs.org/p-limit 114ms (cache miss)
694 silly packumentCache full:https://registry.npmjs.org/p-limit set size:undefined disposed:false
695 silly fetch manifest metro-runtime@0.83.3
696 silly packumentCache full:https://registry.npmjs.org/metro-runtime cache-miss
697 http cache https://registry.npmjs.org/metro-runtime 7ms (cache hit)
698 silly packumentCache full:https://registry.npmjs.org/metro-runtime set size:212197 disposed:false
699 silly fetch manifest metro-file-map@0.83.3
700 silly packumentCache full:https://registry.npmjs.org/metro-file-map cache-miss
701 http fetch GET 200 https://registry.npmjs.org/@babel%2fcode-frame 687ms (cache miss)
702 silly packumentCache full:https://registry.npmjs.org/@babel%2fcode-frame set size:undefined disposed:false
703 silly fetch manifest metro-resolver@0.83.3
704 silly packumentCache full:https://registry.npmjs.org/metro-resolver cache-miss
705 http fetch GET 200 https://registry.npmjs.org/@expo%2fconfig-types 885ms (cache miss)
706 silly packumentCache full:https://registry.npmjs.org/@expo%2fconfig-types set size:undefined disposed:false
707 silly fetch manifest metro-cache-key@0.83.3
708 silly packumentCache full:https://registry.npmjs.org/metro-cache-key cache-miss
709 http fetch GET 200 https://registry.npmjs.org/xcode 668ms (cache miss)
710 silly packumentCache full:https://registry.npmjs.org/xcode set size:undefined disposed:false
711 silly fetch manifest metro-source-map@0.83.3
712 silly packumentCache full:https://registry.npmjs.org/metro-source-map cache-miss
713 http cache https://registry.npmjs.org/metro-source-map 7ms (cache hit)
714 silly packumentCache full:https://registry.npmjs.org/metro-source-map set size:419987 disposed:false
715 silly fetch manifest metro-symbolicate@0.83.3
716 silly packumentCache full:https://registry.npmjs.org/metro-symbolicate cache-miss
717 http fetch GET 200 https://registry.npmjs.org/metro 404ms (cache miss)
718 silly packumentCache full:https://registry.npmjs.org/metro set size:undefined disposed:false
719 silly fetch manifest metro-minify-terser@0.83.3
720 silly packumentCache full:https://registry.npmjs.org/metro-minify-terser cache-miss
721 http fetch GET 200 https://registry.npmjs.org/metro-core 418ms (cache miss)
722 silly packumentCache full:https://registry.npmjs.org/metro-core set size:undefined disposed:false
723 silly fetch manifest metro-transform-worker@0.83.3
724 silly packumentCache full:https://registry.npmjs.org/metro-transform-worker cache-miss
725 http fetch GET 200 https://registry.npmjs.org/metro-file-map 322ms (cache miss)
726 silly packumentCache full:https://registry.npmjs.org/metro-file-map set size:undefined disposed:false
727 silly fetch manifest metro-babel-transformer@0.83.3
728 silly packumentCache full:https://registry.npmjs.org/metro-babel-transformer cache-miss
729 http fetch GET 200 https://registry.npmjs.org/metro-resolver 366ms (cache miss)
730 silly packumentCache full:https://registry.npmjs.org/metro-resolver set size:undefined disposed:false
731 silly fetch manifest metro-transform-plugins@0.83.3
732 silly packumentCache full:https://registry.npmjs.org/metro-transform-plugins cache-miss
733 http fetch GET 200 https://registry.npmjs.org/@expo%2fsdk-runtime-versions 704ms (cache miss)
734 silly packumentCache full:https://registry.npmjs.org/@expo%2fsdk-runtime-versions set size:undefined disposed:false
735 silly fetch manifest chalk@^4.1.0
736 silly packumentCache full:https://registry.npmjs.org/chalk cache-hit
737 silly fetch manifest debug@^4.3.2
738 silly packumentCache full:https://registry.npmjs.org/debug cache-hit
739 silly fetch manifest dotenv@~16.4.5
740 silly packumentCache full:https://registry.npmjs.org/dotenv cache-miss
741 http fetch GET 200 https://registry.npmjs.org/metro-cache-key 508ms (cache miss)
742 silly packumentCache full:https://registry.npmjs.org/metro-cache-key set size:undefined disposed:false
743 silly fetch manifest postcss@~8.4.32
744 silly packumentCache full:https://registry.npmjs.org/postcss cache-miss
745 http fetch GET 200 https://registry.npmjs.org/metro-symbolicate 489ms (cache miss)
746 silly packumentCache full:https://registry.npmjs.org/metro-symbolicate set size:undefined disposed:false
747 silly fetch manifest @babel/core@^7.20.0
748 silly packumentCache full:https://registry.npmjs.org/@babel%2fcore cache-miss
749 http fetch GET 200 https://registry.npmjs.org/metro-transform-worker 412ms (cache miss)
750 silly packumentCache full:https://registry.npmjs.org/metro-transform-worker set size:undefined disposed:false
751 silly fetch manifest browserslist@^4.25.0
752 silly packumentCache full:https://registry.npmjs.org/browserslist cache-miss
753 http fetch GET 200 https://registry.npmjs.org/metro-babel-transformer 415ms (cache miss)
754 silly packumentCache full:https://registry.npmjs.org/metro-babel-transformer set size:undefined disposed:false
755 silly fetch manifest jsc-safe-url@^0.2.4
756 silly packumentCache full:https://registry.npmjs.org/jsc-safe-url cache-miss
757 http cache https://registry.npmjs.org/@babel%2fcore 23ms (cache hit)
758 silly packumentCache full:https://registry.npmjs.org/@babel%2fcore set size:760113 disposed:false
759 silly fetch manifest lightningcss@^1.30.1
760 silly packumentCache full:https://registry.npmjs.org/lightningcss cache-miss
761 http fetch GET 200 https://registry.npmjs.org/metro-transform-plugins 394ms (cache miss)
762 silly packumentCache full:https://registry.npmjs.org/metro-transform-plugins set size:undefined disposed:false
763 silly fetch manifest dotenv-expand@~11.0.6
764 silly packumentCache full:https://registry.npmjs.org/dotenv-expand cache-miss
765 http fetch GET 200 https://registry.npmjs.org/metro-cache 856ms (cache miss)
766 silly packumentCache full:https://registry.npmjs.org/metro-cache set size:undefined disposed:false
767 silly fetch manifest hermes-parser@^0.29.1
768 silly packumentCache full:https://registry.npmjs.org/hermes-parser cache-miss
769 http fetch GET 200 https://registry.npmjs.org/metro-minify-terser 488ms (cache miss)
770 silly packumentCache full:https://registry.npmjs.org/metro-minify-terser set size:undefined disposed:false
771 silly fetch manifest @babel/generator@^7.20.5
772 silly packumentCache full:https://registry.npmjs.org/@babel%2fgenerator cache-miss
773 http fetch GET 200 https://registry.npmjs.org/metro-config 819ms (cache miss)
774 silly packumentCache full:https://registry.npmjs.org/metro-config set size:undefined disposed:false
775 silly fetch manifest @babel/code-frame@^7.20.0
776 silly packumentCache full:https://registry.npmjs.org/@babel%2fcode-frame cache-miss
777 http cache https://registry.npmjs.org/@babel%2fcode-frame 3ms (cache hit)
778 silly packumentCache full:https://registry.npmjs.org/@babel%2fcode-frame set size:196196 disposed:false
779 silly fetch manifest fontfaceobserver@^2.1.0
780 silly packumentCache full:https://registry.npmjs.org/fontfaceobserver cache-miss
781 http fetch GET 200 https://registry.npmjs.org/dotenv 389ms (cache miss)
782 silly packumentCache full:https://registry.npmjs.org/dotenv set size:undefined disposed:false
783 silly fetch manifest @babel/preset-react@^7.22.15
784 silly packumentCache full:https://registry.npmjs.org/@babel%2fpreset-react cache-miss
785 http fetch GET 200 https://registry.npmjs.org/lightningcss 130ms (cache miss)
786 silly packumentCache full:https://registry.npmjs.org/lightningcss set size:undefined disposed:false
787 silly fetch manifest @babel/preset-typescript@^7.23.0
788 silly packumentCache full:https://registry.npmjs.org/@babel%2fpreset-typescript cache-miss
789 http fetch GET 200 https://registry.npmjs.org/browserslist 161ms (cache miss)
790 silly packumentCache full:https://registry.npmjs.org/browserslist set size:undefined disposed:false
791 silly fetch manifest @react-native/babel-preset@0.81.5
792 silly packumentCache full:https://registry.npmjs.org/@react-native%2fbabel-preset cache-miss
793 http fetch GET 200 https://registry.npmjs.org/@expo%2fconfig-types 1247ms (cache miss)
794 silly packumentCache full:https://registry.npmjs.org/@expo%2fconfig-types set size:undefined disposed:false
795 silly fetch manifest babel-plugin-react-compiler@^1.0.0
796 silly packumentCache full:https://registry.npmjs.org/babel-plugin-react-compiler cache-miss
797 http fetch GET 200 https://registry.npmjs.org/postcss 231ms (cache miss)
798 silly packumentCache full:https://registry.npmjs.org/postcss set size:undefined disposed:false
799 silly fetch manifest @babel/helper-module-imports@^7.25.9
800 silly packumentCache full:https://registry.npmjs.org/@babel%2fhelper-module-imports cache-miss
801 http fetch GET 200 https://registry.npmjs.org/ignore 1155ms (cache miss)
802 silly packumentCache full:https://registry.npmjs.org/ignore set size:undefined disposed:false
803 silly fetch manifest babel-plugin-react-native-web@~0.21.0
804 silly packumentCache full:https://registry.npmjs.org/babel-plugin-react-native-web cache-miss
805 http fetch GET 200 https://registry.npmjs.org/@babel%2fpreset-typescript 139ms (cache miss)
806 silly packumentCache full:https://registry.npmjs.org/@babel%2fpreset-typescript set size:undefined disposed:false
807 silly fetch manifest @babel/plugin-transform-runtime@^7.24.7
808 silly packumentCache full:https://registry.npmjs.org/@babel%2fplugin-transform-runtime cache-miss
809 http fetch GET 200 https://registry.npmjs.org/jsc-safe-url 378ms (cache miss)
810 silly packumentCache full:https://registry.npmjs.org/jsc-safe-url set size:undefined disposed:false
811 silly fetch manifest @babel/plugin-proposal-decorators@^7.12.9
812 silly packumentCache full:https://registry.npmjs.org/@babel%2fplugin-proposal-decorators cache-miss
813 http fetch GET 200 https://registry.npmjs.org/dotenv-expand 366ms (cache miss)
814 silly packumentCache full:https://registry.npmjs.org/dotenv-expand set size:undefined disposed:false
815 silly fetch manifest babel-plugin-syntax-hermes-parser@^0.29.1
816 silly packumentCache full:https://registry.npmjs.org/babel-plugin-syntax-hermes-parser cache-miss
817 http fetch GET 200 https://registry.npmjs.org/fontfaceobserver 347ms (cache miss)
818 silly packumentCache full:https://registry.npmjs.org/fontfaceobserver set size:undefined disposed:false
819 silly fetch manifest babel-plugin-transform-flow-enums@^0.0.2
820 silly packumentCache full:https://registry.npmjs.org/babel-plugin-transform-flow-enums cache-miss
821 http cache https://registry.npmjs.org/babel-plugin-syntax-hermes-parser 6ms (cache hit)
822 silly packumentCache full:https://registry.npmjs.org/babel-plugin-syntax-hermes-parser set size:100651 disposed:false
823 silly fetch manifest @babel/plugin-transform-parameters@^7.24.7
824 silly packumentCache full:https://registry.npmjs.org/@babel%2fplugin-transform-parameters cache-miss
825 http fetch GET 200 https://registry.npmjs.org/babel-plugin-react-compiler 198ms (cache miss)
826 silly packumentCache full:https://registry.npmjs.org/babel-plugin-react-compiler set size:undefined disposed:false
827 silly fetch manifest @babel/plugin-transform-private-methods@^7.24.7
828 silly packumentCache full:https://registry.npmjs.org/@babel%2fplugin-transform-private-methods cache-miss
829 http fetch GET 200 https://registry.npmjs.org/hermes-parser 375ms (cache miss)
830 silly packumentCache full:https://registry.npmjs.org/hermes-parser set size:undefined disposed:false
831 silly fetch manifest @babel/plugin-syntax-export-default-from@^7.24.7
832 silly packumentCache full:https://registry.npmjs.org/@babel%2fplugin-syntax-export-default-from cache-miss
833 http fetch GET 200 https://registry.npmjs.org/babel-plugin-transform-flow-enums 314ms (cache miss)
834 silly packumentCache full:https://registry.npmjs.org/babel-plugin-transform-flow-enums set size:undefined disposed:false
835 silly fetch manifest @babel/plugin-transform-flow-strip-types@^7.25.2
836 silly packumentCache full:https://registry.npmjs.org/@babel%2fplugin-transform-flow-strip-types cache-miss
837 http fetch GET 200 https://registry.npmjs.org/@babel%2fpreset-react 586ms (cache miss)
838 silly packumentCache full:https://registry.npmjs.org/@babel%2fpreset-react set size:undefined disposed:false
839 silly fetch manifest @babel/plugin-transform-modules-commonjs@^7.24.8
840 silly packumentCache full:https://registry.npmjs.org/@babel%2fplugin-transform-modules-commonjs cache-miss
841 http fetch GET 200 https://registry.npmjs.org/@babel%2fgenerator 852ms (cache miss)
842 silly packumentCache full:https://registry.npmjs.org/@babel%2fgenerator set size:undefined disposed:false
843 silly fetch manifest @babel/plugin-proposal-export-default-from@^7.24.7
844 silly packumentCache full:https://registry.npmjs.org/@babel%2fplugin-proposal-export-default-from cache-miss
845 http fetch GET 200 https://registry.npmjs.org/@babel%2fhelper-module-imports 682ms (cache miss)
846 silly packumentCache full:https://registry.npmjs.org/@babel%2fhelper-module-imports set size:undefined disposed:false
847 silly fetch manifest @babel/plugin-transform-class-static-block@^7.27.1
848 silly packumentCache full:https://registry.npmjs.org/@babel%2fplugin-transform-class-static-block cache-miss
849 http fetch GET 200 https://registry.npmjs.org/@babel%2fplugin-transform-runtime 614ms (cache miss)
850 silly packumentCache full:https://registry.npmjs.org/@babel%2fplugin-transform-runtime set size:undefined disposed:false
851 silly fetch manifest @babel/plugin-transform-object-rest-spread@^7.24.7
852 silly packumentCache full:https://registry.npmjs.org/@babel%2fplugin-transform-object-rest-spread cache-miss
853 http fetch GET 200 https://registry.npmjs.org/@babel%2fplugin-syntax-export-default-from 647ms (cache miss)
854 silly packumentCache full:https://registry.npmjs.org/@babel%2fplugin-syntax-export-default-from set size:undefined disposed:false
855 silly fetch manifest @babel/plugin-transform-export-namespace-from@^7.25.9
856 silly packumentCache full:https://registry.npmjs.org/@babel%2fplugin-transform-export-namespace-from cache-miss
857 http fetch GET 200 https://registry.npmjs.org/@babel%2fplugin-transform-private-methods 651ms (cache miss)
858 silly packumentCache full:https://registry.npmjs.org/@babel%2fplugin-transform-private-methods set size:undefined disposed:false
859 silly fetch manifest @babel/plugin-transform-private-property-in-object@^7.24.7
860 silly packumentCache full:https://registry.npmjs.org/@babel%2fplugin-transform-private-property-in-object cache-miss
861 http fetch GET 200 https://registry.npmjs.org/@react-native%2fbabel-preset 907ms (cache miss)
862 silly packumentCache full:https://registry.npmjs.org/@react-native%2fbabel-preset set size:undefined disposed:false
863 silly fetch manifest expo-constants@~18.0.12
864 silly packumentCache full:https://registry.npmjs.org/expo-constants cache-hit
865 silly fetch manifest commander@^7.2.0
866 silly packumentCache full:https://registry.npmjs.org/commander cache-miss
867 http fetch GET 200 https://registry.npmjs.org/@babel%2fplugin-proposal-decorators 700ms (cache miss)
868 silly packumentCache full:https://registry.npmjs.org/@babel%2fplugin-proposal-decorators set size:undefined disposed:false
869 silly fetch manifest react-is@^18.0.0
870 silly packumentCache full:https://registry.npmjs.org/react-is cache-miss
871 http cache https://registry.npmjs.org/commander 10ms (cache hit)
872 silly packumentCache full:https://registry.npmjs.org/commander set size:306325 disposed:false
873 silly fetch manifest ansi-styles@^5.0.0
874 silly packumentCache full:https://registry.npmjs.org/ansi-styles cache-miss
875 http fetch GET 200 https://registry.npmjs.org/@babel%2fplugin-transform-parameters 741ms (cache miss)
876 silly packumentCache full:https://registry.npmjs.org/@babel%2fplugin-transform-parameters set size:undefined disposed:false
877 silly fetch manifest @jest/schemas@^29.6.3
878 silly packumentCache full:https://registry.npmjs.org/@jest%2fschemas cache-miss
879 http fetch GET 200 https://registry.npmjs.org/babel-plugin-react-native-web 936ms (cache miss)
880 silly packumentCache full:https://registry.npmjs.org/babel-plugin-react-native-web set size:undefined disposed:false
881 silly fetch manifest buffer@^5.4.3
882 silly packumentCache full:https://registry.npmjs.org/buffer cache-miss
883 http fetch GET 200 https://registry.npmjs.org/buffer 100ms (cache miss)
884 silly packumentCache full:https://registry.npmjs.org/buffer set size:undefined disposed:false
885 silly fetch manifest punycode@^2.1.1
886 silly packumentCache full:https://registry.npmjs.org/punycode cache-miss
887 http fetch GET 200 https://registry.npmjs.org/@babel%2fplugin-transform-modules-commonjs 670ms (cache miss)
888 silly packumentCache full:https://registry.npmjs.org/@babel%2fplugin-transform-modules-commonjs set size:undefined disposed:false
889 silly fetch manifest webidl-conversions@^5.0.0
890 silly packumentCache full:https://registry.npmjs.org/webidl-conversions cache-miss
891 http fetch GET 200 https://registry.npmjs.org/@babel%2fplugin-transform-flow-strip-types 695ms (cache miss)
892 silly packumentCache full:https://registry.npmjs.org/@babel%2fplugin-transform-flow-strip-types set size:undefined disposed:false
893 http fetch GET 200 https://registry.npmjs.org/ansi-styles 365ms (cache miss)
894 silly packumentCache full:https://registry.npmjs.org/ansi-styles set size:undefined disposed:false
895 http fetch GET 200 https://registry.npmjs.org/webidl-conversions 58ms (cache miss)
896 silly packumentCache full:https://registry.npmjs.org/webidl-conversions set size:undefined disposed:false
897 http fetch GET 200 https://registry.npmjs.org/react-is 379ms (cache miss)
898 silly packumentCache full:https://registry.npmjs.org/react-is set size:undefined disposed:false
899 http fetch GET 200 https://registry.npmjs.org/@babel%2fplugin-transform-object-rest-spread 582ms (cache miss)
900 silly packumentCache full:https://registry.npmjs.org/@babel%2fplugin-transform-object-rest-spread set size:undefined disposed:false
901 http fetch GET 200 https://registry.npmjs.org/@babel%2fplugin-transform-class-static-block 665ms (cache miss)
902 silly packumentCache full:https://registry.npmjs.org/@babel%2fplugin-transform-class-static-block set size:undefined disposed:false
903 http fetch GET 200 https://registry.npmjs.org/punycode 338ms (cache miss)
904 silly packumentCache full:https://registry.npmjs.org/punycode set size:undefined disposed:false
905 http fetch GET 200 https://registry.npmjs.org/@babel%2fplugin-proposal-export-default-from 709ms (cache miss)
906 silly packumentCache full:https://registry.npmjs.org/@babel%2fplugin-proposal-export-default-from set size:undefined disposed:false
907 http fetch GET 200 https://registry.npmjs.org/@babel%2fplugin-transform-export-namespace-from 551ms (cache miss)
908 silly packumentCache full:https://registry.npmjs.org/@babel%2fplugin-transform-export-namespace-from set size:undefined disposed:false
909 http fetch GET 200 https://registry.npmjs.org/@babel%2fplugin-transform-private-property-in-object 563ms (cache miss)
910 silly packumentCache full:https://registry.npmjs.org/@babel%2fplugin-transform-private-property-in-object set size:undefined disposed:false
911 http fetch GET 200 https://registry.npmjs.org/@jest%2fschemas 716ms (cache miss)
912 silly packumentCache full:https://registry.npmjs.org/@jest%2fschemas set size:undefined disposed:false
913 silly placeDep ROOT @babel/code-frame@7.10.4 OK for: @expo/config@12.0.13 want: ~7.10.4
914 silly placeDep ROOT @expo/config-types@54.0.10 OK for: @expo/config@12.0.13 want: ^54.0.10
915 silly placeDep ROOT @expo/json-file@10.0.13 OK for: @expo/config@12.0.13 want: ^10.0.8
916 silly placeDep ROOT deepmerge@4.3.1 OK for: @expo/config@12.0.13 want: ^4.3.1
917 silly placeDep ROOT getenv@2.0.0 OK for: @expo/config@12.0.13 want: ^2.0.0
918 silly placeDep ROOT glob@13.0.6 OK for: @expo/config@12.0.13 want: ^13.0.0
919 silly placeDep ROOT require-from-string@2.0.2 OK for: @expo/config@12.0.13 want: ^2.0.2
920 silly placeDep ROOT resolve-from@5.0.0 OK for: @expo/config@12.0.13 want: ^5.0.0
921 silly placeDep ROOT resolve-workspace-root@2.0.1 OK for: @expo/config@12.0.13 want: ^2.0.0
922 silly placeDep ROOT semver@7.7.4 OK for: @expo/config@12.0.13 want: ^7.6.0
923 silly placeDep ROOT slugify@1.6.9 OK for: @expo/config@12.0.13 want: ^1.3.4
924 silly placeDep ROOT sucrase@3.35.1 OK for: @expo/config@12.0.13 want: ~3.35.1
925 silly fetch manifest @babel/highlight@^7.10.4
926 silly packumentCache full:https://registry.npmjs.org/@babel%2fhighlight cache-miss
927 silly fetch manifest json5@^2.2.3
928 silly packumentCache full:https://registry.npmjs.org/json5 cache-miss
929 silly fetch manifest minimatch@^10.2.2
930 silly packumentCache full:https://registry.npmjs.org/minimatch cache-miss
931 silly fetch manifest minipass@^7.1.3
932 silly packumentCache full:https://registry.npmjs.org/minipass cache-miss
933 silly fetch manifest path-scurry@^2.0.2
934 silly packumentCache full:https://registry.npmjs.org/path-scurry cache-miss
935 silly fetch manifest @jridgewell/gen-mapping@^0.3.2
936 silly packumentCache full:https://registry.npmjs.org/@jridgewell%2fgen-mapping cache-miss
937 silly fetch manifest commander@^4.0.0
938 silly packumentCache full:https://registry.npmjs.org/commander cache-hit
939 silly fetch manifest lines-and-columns@^1.1.6
940 silly packumentCache full:https://registry.npmjs.org/lines-and-columns cache-miss
941 silly fetch manifest mz@^2.7.0
942 silly packumentCache full:https://registry.npmjs.org/mz cache-miss
943 silly fetch manifest pirates@^4.0.1
944 silly packumentCache full:https://registry.npmjs.org/pirates cache-miss
945 silly fetch manifest tinyglobby@^0.2.11
946 silly packumentCache full:https://registry.npmjs.org/tinyglobby cache-miss
947 silly fetch manifest ts-interface-checker@^0.1.9
948 silly packumentCache full:https://registry.npmjs.org/ts-interface-checker cache-miss
949 http cache https://registry.npmjs.org/minimatch 13ms (cache hit)
950 silly packumentCache full:https://registry.npmjs.org/minimatch set size:375282 disposed:false
951 http fetch GET 200 https://registry.npmjs.org/tinyglobby 60ms (cache miss)
952 silly packumentCache full:https://registry.npmjs.org/tinyglobby set size:undefined disposed:false
953 http fetch GET 200 https://registry.npmjs.org/mz 80ms (cache miss)
954 silly packumentCache full:https://registry.npmjs.org/mz set size:undefined disposed:false
955 http fetch GET 200 https://registry.npmjs.org/path-scurry 83ms (cache miss)
956 silly packumentCache full:https://registry.npmjs.org/path-scurry set size:undefined disposed:false
957 http fetch GET 200 https://registry.npmjs.org/@jridgewell%2fgen-mapping 93ms (cache miss)
958 silly packumentCache full:https://registry.npmjs.org/@jridgewell%2fgen-mapping set size:undefined disposed:false
959 http fetch GET 200 https://registry.npmjs.org/minipass 99ms (cache miss)
960 silly packumentCache full:https://registry.npmjs.org/minipass set size:undefined disposed:false
961 http fetch GET 200 https://registry.npmjs.org/lines-and-columns 318ms (cache miss)
962 silly packumentCache full:https://registry.npmjs.org/lines-and-columns set size:undefined disposed:false
963 http fetch GET 200 https://registry.npmjs.org/ts-interface-checker 318ms (cache miss)
964 silly packumentCache full:https://registry.npmjs.org/ts-interface-checker set size:undefined disposed:false
965 http fetch GET 200 https://registry.npmjs.org/json5 324ms (cache miss)
966 silly packumentCache full:https://registry.npmjs.org/json5 set size:undefined disposed:false
967 http fetch GET 200 https://registry.npmjs.org/pirates 329ms (cache miss)
968 silly packumentCache full:https://registry.npmjs.org/pirates set size:undefined disposed:false
969 http fetch GET 200 https://registry.npmjs.org/@babel%2fhighlight 593ms (cache miss)
970 silly packumentCache full:https://registry.npmjs.org/@babel%2fhighlight set size:undefined disposed:false
971 silly placeDep ROOT @babel/highlight@7.25.9 OK for: @babel/code-frame@7.10.4 want: ^7.10.4
972 silly fetch manifest @babel/helper-validator-identifier@^7.25.9
973 silly packumentCache full:https://registry.npmjs.org/@babel%2fhelper-validator-identifier cache-miss
974 silly fetch manifest chalk@^2.4.2
975 silly packumentCache full:https://registry.npmjs.org/chalk cache-hit
976 silly fetch manifest js-tokens@^4.0.0
977 silly packumentCache full:https://registry.npmjs.org/js-tokens cache-miss
978 silly fetch manifest picocolors@^1.0.0
979 silly packumentCache full:https://registry.npmjs.org/picocolors cache-miss
980 http fetch GET 200 https://registry.npmjs.org/js-tokens 48ms (cache miss)
981 silly packumentCache full:https://registry.npmjs.org/js-tokens set size:undefined disposed:false
982 http fetch GET 200 https://registry.npmjs.org/picocolors 118ms (cache miss)
983 silly packumentCache full:https://registry.npmjs.org/picocolors set size:undefined disposed:false
984 http fetch GET 200 https://registry.npmjs.org/@babel%2fhelper-validator-identifier 648ms (cache miss)
985 silly packumentCache full:https://registry.npmjs.org/@babel%2fhelper-validator-identifier set size:undefined disposed:false
986 silly placeDep ROOT @babel/helper-validator-identifier@7.28.5 OK for: @babel/highlight@7.25.9 want: ^7.25.9
987 silly placeDep ROOT chalk@2.4.2 OK for: @babel/highlight@7.25.9 want: ^2.4.2
988 silly placeDep ROOT js-tokens@4.0.0 OK for: @babel/highlight@7.25.9 want: ^4.0.0
989 silly placeDep ROOT picocolors@1.1.1 OK for: @babel/highlight@7.25.9 want: ^1.0.0
990 silly fetch manifest ansi-styles@^3.2.1
991 silly packumentCache full:https://registry.npmjs.org/ansi-styles cache-miss
992 silly fetch manifest supports-color@^5.3.0
993 silly packumentCache full:https://registry.npmjs.org/supports-color cache-miss
994 silly fetch manifest escape-string-regexp@^1.0.5
995 silly packumentCache full:https://registry.npmjs.org/escape-string-regexp cache-miss
996 http cache https://registry.npmjs.org/ansi-styles 8ms (cache hit)
997 silly packumentCache full:https://registry.npmjs.org/ansi-styles set size:63233 disposed:false
998 http fetch GET 200 https://registry.npmjs.org/supports-color 224ms (cache miss)
999 silly packumentCache full:https://registry.npmjs.org/supports-color set size:undefined disposed:false
1000 http fetch GET 200 https://registry.npmjs.org/escape-string-regexp 370ms (cache miss)
1001 silly packumentCache full:https://registry.npmjs.org/escape-string-regexp set size:undefined disposed:false
1002 silly placeDep ROOT @expo/plist@0.4.8 OK for: @expo/config-plugins@54.0.4 want: ^0.4.8
1003 silly placeDep ROOT @expo/sdk-runtime-versions@1.0.0 OK for: @expo/config-plugins@54.0.4 want: ^1.0.0
1004 silly placeDep node_modules/@expo/config-plugins chalk@4.1.2 OK for: @expo/config-plugins@54.0.4 want: ^4.1.2
1005 silly placeDep ROOT debug@4.4.3 OK for: @expo/config-plugins@54.0.4 want: ^4.3.5
1006 silly placeDep ROOT slash@3.0.0 OK for: @expo/config-plugins@54.0.4 want: ^3.0.0
1007 silly placeDep ROOT xcode@3.0.1 OK for: @expo/config-plugins@54.0.4 want: ^3.0.1
1008 silly placeDep ROOT xml2js@0.6.0 OK for: @expo/config-plugins@54.0.4 want: 0.6.0
1009 silly fetch manifest base64-js@^1.2.3
1010 silly packumentCache full:https://registry.npmjs.org/base64-js cache-miss
1011 silly fetch manifest xmlbuilder@^15.1.1
1012 silly packumentCache full:https://registry.npmjs.org/xmlbuilder cache-miss
1013 silly fetch manifest @xmldom/xmldom@^0.8.8
1014 silly packumentCache full:https://registry.npmjs.org/@xmldom%2fxmldom cache-miss
1015 silly fetch manifest ansi-styles@^4.1.0
1016 silly packumentCache full:https://registry.npmjs.org/ansi-styles cache-hit
1017 silly fetch manifest supports-color@^7.1.0
1018 silly packumentCache full:https://registry.npmjs.org/supports-color cache-miss
1019 silly fetch manifest ms@^2.1.3
1020 silly packumentCache full:https://registry.npmjs.org/ms cache-miss
1021 silly fetch manifest uuid@^7.0.3
1022 silly packumentCache full:https://registry.npmjs.org/uuid cache-miss
1023 silly fetch manifest simple-plist@^1.1.0
1024 silly packumentCache full:https://registry.npmjs.org/simple-plist cache-miss
1025 silly fetch manifest sax@>=0.6.0
1026 silly packumentCache full:https://registry.npmjs.org/sax cache-miss
1027 silly fetch manifest xmlbuilder@~11.0.0
1028 silly packumentCache full:https://registry.npmjs.org/xmlbuilder cache-miss
1029 http cache https://registry.npmjs.org/base64-js 11ms (cache hit)
1030 silly packumentCache full:https://registry.npmjs.org/base64-js set size:41270 disposed:false
1031 http cache https://registry.npmjs.org/supports-color 11ms (cache hit)
1032 silly packumentCache full:https://registry.npmjs.org/supports-color set size:118680 disposed:false
1033 http fetch GET 200 https://registry.npmjs.org/ms 65ms (cache miss)
1034 silly packumentCache full:https://registry.npmjs.org/ms set size:undefined disposed:false
1035 http fetch GET 200 https://registry.npmjs.org/uuid 79ms (cache miss)
1036 silly packumentCache full:https://registry.npmjs.org/uuid set size:undefined disposed:false
1037 http fetch GET 200 https://registry.npmjs.org/xmlbuilder 297ms (cache miss)
1038 silly packumentCache full:https://registry.npmjs.org/xmlbuilder set size:undefined disposed:false
1039 http fetch GET 200 https://registry.npmjs.org/xmlbuilder 312ms (cache miss)
1040 silly packumentCache full:https://registry.npmjs.org/xmlbuilder set size:undefined disposed:false
1041 http fetch GET 200 https://registry.npmjs.org/simple-plist 324ms (cache miss)
1042 silly packumentCache full:https://registry.npmjs.org/simple-plist set size:undefined disposed:false
1043 http fetch GET 200 https://registry.npmjs.org/sax 330ms (cache miss)
1044 silly packumentCache full:https://registry.npmjs.org/sax set size:undefined disposed:false
1045 http fetch GET 200 https://registry.npmjs.org/@xmldom%2fxmldom 689ms (cache miss)
1046 silly packumentCache full:https://registry.npmjs.org/@xmldom%2fxmldom set size:undefined disposed:false
1047 silly placeDep node_modules/@expo/devtools chalk@4.1.2 OK for: @expo/devtools@0.1.8 want: ^4.1.2
1048 silly placeDep ROOT @expo/spawn-async@1.7.2 OK for: @expo/fingerprint@0.15.4 want: ^1.7.2
1049 silly placeDep ROOT arg@5.0.2 OK for: @expo/fingerprint@0.15.4 want: ^5.0.2
1050 silly placeDep node_modules/@expo/fingerprint chalk@4.1.2 OK for: @expo/fingerprint@0.15.4 want: ^4.1.2
1051 silly placeDep ROOT ignore@5.3.2 OK for: @expo/fingerprint@0.15.4 want: ^5.3.1
1052 silly placeDep ROOT minimatch@9.0.9 OK for: @expo/fingerprint@0.15.4 want: ^9.0.0
1053 silly placeDep ROOT p-limit@3.1.0 OK for: @expo/fingerprint@0.15.4 want: ^3.1.0
1054 silly fetch manifest cross-spawn@^7.0.3
1055 silly packumentCache full:https://registry.npmjs.org/cross-spawn cache-miss
1056 silly fetch manifest brace-expansion@^2.0.2
1057 silly packumentCache full:https://registry.npmjs.org/brace-expansion cache-miss
1058 silly fetch manifest yocto-queue@^0.1.0
1059 silly packumentCache full:https://registry.npmjs.org/yocto-queue cache-miss
1060 http fetch GET 200 https://registry.npmjs.org/brace-expansion 61ms (cache miss)
1061 silly packumentCache full:https://registry.npmjs.org/brace-expansion set size:undefined disposed:false
1062 http fetch GET 200 https://registry.npmjs.org/cross-spawn 116ms (cache miss)
1063 silly packumentCache full:https://registry.npmjs.org/cross-spawn set size:undefined disposed:false
1064 http fetch GET 200 https://registry.npmjs.org/yocto-queue 301ms (cache miss)
1065 silly packumentCache full:https://registry.npmjs.org/yocto-queue set size:undefined disposed:false
1066 silly placeDep node_modules/@expo/json-file @babel/code-frame@7.29.0 OK for: @expo/json-file@10.0.13 want: ^7.20.0
1067 silly placeDep ROOT json5@2.2.3 OK for: @expo/json-file@10.0.13 want: ^2.2.3
1068 silly placeDep ROOT metro@0.83.3 OK for: @expo/metro@54.2.0 want: 0.83.3
1069 silly placeDep ROOT metro-babel-transformer@0.83.3 OK for: @expo/metro@54.2.0 want: 0.83.3
1070 silly placeDep ROOT metro-cache@0.83.3 OK for: @expo/metro@54.2.0 want: 0.83.3
1071 silly placeDep ROOT metro-cache-key@0.83.3 OK for: @expo/metro@54.2.0 want: 0.83.3
1072 silly placeDep ROOT metro-config@0.83.3 OK for: @expo/metro@54.2.0 want: 0.83.3
1073 silly placeDep ROOT metro-core@0.83.3 OK for: @expo/metro@54.2.0 want: 0.83.3
1074 silly placeDep ROOT metro-file-map@0.83.3 OK for: @expo/metro@54.2.0 want: 0.83.3
1075 silly placeDep ROOT metro-minify-terser@0.83.3 OK for: @expo/metro@54.2.0 want: 0.83.3
1076 silly placeDep ROOT metro-resolver@0.83.3 OK for: @expo/metro@54.2.0 want: 0.83.3
1077 silly placeDep ROOT metro-runtime@0.83.3 OK for: @expo/metro@54.2.0 want: 0.83.3
1078 silly placeDep ROOT metro-source-map@0.83.3 OK for: @expo/metro@54.2.0 want: 0.83.3
1079 silly placeDep ROOT metro-symbolicate@0.83.3 OK for: @expo/metro@54.2.0 want: 0.83.3
1080 silly placeDep ROOT metro-transform-plugins@0.83.3 OK for: @expo/metro@54.2.0 want: 0.83.3
1081 silly placeDep ROOT metro-transform-worker@0.83.3 OK for: @expo/metro@54.2.0 want: 0.83.3
1082 silly fetch manifest ws@^7.5.10
1083 silly packumentCache full:https://registry.npmjs.org/ws cache-hit
1084 silly fetch manifest throat@^5.0.0
1085 silly packumentCache full:https://registry.npmjs.org/throat cache-miss
1086 silly fetch manifest accepts@^1.3.7
1087 silly packumentCache full:https://registry.npmjs.org/accepts cache-miss
1088 silly fetch manifest ci-info@^2.0.0
1089 silly packumentCache full:https://registry.npmjs.org/ci-info cache-miss
1090 silly fetch manifest connect@^3.6.5
1091 silly packumentCache full:https://registry.npmjs.org/connect cache-miss
1092 silly fetch manifest image-size@^1.0.2
1093 silly packumentCache full:https://registry.npmjs.org/image-size cache-miss
1094 silly fetch manifest mime-types@^2.1.27
1095 silly packumentCache full:https://registry.npmjs.org/mime-types cache-miss
1096 silly fetch manifest source-map@^0.5.6
1097 silly packumentCache full:https://registry.npmjs.org/source-map cache-miss
1098 silly fetch manifest @babel/core@^7.25.2
1099 silly packumentCache full:https://registry.npmjs.org/@babel%2fcore cache-hit
1100 silly fetch manifest graceful-fs@^4.2.4
1101 silly packumentCache full:https://registry.npmjs.org/graceful-fs cache-miss
1102 silly fetch manifest jest-worker@^29.7.0
1103 silly packumentCache full:https://registry.npmjs.org/jest-worker cache-miss
1104 silly fetch manifest @babel/types@^7.25.2
1105 silly packumentCache full:https://registry.npmjs.org/@babel%2ftypes cache-miss
1106 silly fetch manifest jsc-safe-url@^0.2.2
1107 silly packumentCache full:https://registry.npmjs.org/jsc-safe-url cache-miss
1108 http cache https://registry.npmjs.org/ci-info 18ms (cache hit)
1109 silly packumentCache full:https://registry.npmjs.org/ci-info set size:91363 disposed:false
1110 silly fetch manifest @babel/parser@^7.25.3
1111 silly packumentCache full:https://registry.npmjs.org/@babel%2fparser cache-miss
1112 http cache https://registry.npmjs.org/accepts 20ms (cache hit)
1113 silly packumentCache full:https://registry.npmjs.org/accepts set size:77054 disposed:false
1114 silly fetch manifest hermes-parser@0.32.0
1115 silly packumentCache full:https://registry.npmjs.org/hermes-parser cache-miss
1116 http cache https://registry.npmjs.org/connect 22ms (cache hit)
1117 silly packumentCache full:https://registry.npmjs.org/connect set size:438385 disposed:false
1118 silly fetch manifest @babel/template@^7.25.0
1119 silly packumentCache full:https://registry.npmjs.org/@babel%2ftemplate cache-miss
1120 http cache https://registry.npmjs.org/jsc-safe-url 22ms (cache hit)
1121 silly packumentCache full:https://registry.npmjs.org/jsc-safe-url set size:13143 disposed:false
1122 silly fetch manifest @babel/traverse@^7.25.3
1123 silly packumentCache full:https://registry.npmjs.org/@babel%2ftraverse cache-miss
1124 http cache https://registry.npmjs.org/hermes-parser 12ms (cache hit)
1125 silly packumentCache full:https://registry.npmjs.org/hermes-parser set size:165055 disposed:false
1126 silly fetch manifest lodash.throttle@^4.1.1
1127 silly packumentCache full:https://registry.npmjs.org/lodash.throttle cache-miss
1128 http fetch GET 200 https://registry.npmjs.org/graceful-fs 55ms (cache miss)
1129 silly packumentCache full:https://registry.npmjs.org/graceful-fs set size:undefined disposed:false
1130 silly fetch manifest serialize-error@^2.1.0
1131 silly packumentCache full:https://registry.npmjs.org/serialize-error cache-miss
1132 http fetch GET 200 https://registry.npmjs.org/source-map 117ms (cache miss)
1133 silly packumentCache full:https://registry.npmjs.org/source-map set size:undefined disposed:false
1134 silly fetch manifest @babel/generator@^7.25.0
1135 silly packumentCache full:https://registry.npmjs.org/@babel%2fgenerator cache-miss
1136 http cache https://registry.npmjs.org/@babel%2fgenerator 6ms (cache hit)
1137 silly packumentCache full:https://registry.npmjs.org/@babel%2fgenerator set size:507107 disposed:false
1138 silly fetch manifest @babel/code-frame@^7.24.7
1139 silly packumentCache full:https://registry.npmjs.org/@babel%2fcode-frame cache-hit
1140 silly fetch manifest error-stack-parser@^2.0.6
1141 silly packumentCache full:https://registry.npmjs.org/error-stack-parser cache-miss
1142 http fetch GET 200 https://registry.npmjs.org/throat 409ms (cache miss)
1143 silly packumentCache full:https://registry.npmjs.org/throat set size:undefined disposed:false
1144 silly fetch manifest https-proxy-agent@^7.0.5
1145 silly packumentCache full:https://registry.npmjs.org/https-proxy-agent cache-miss
1146 http fetch GET 200 https://registry.npmjs.org/lodash.throttle 380ms (cache miss)
1147 silly packumentCache full:https://registry.npmjs.org/lodash.throttle set size:undefined disposed:false
1148 silly fetch manifest exponential-backoff@^3.1.1
1149 silly packumentCache full:https://registry.npmjs.org/exponential-backoff cache-miss
1150 http fetch GET 200 https://registry.npmjs.org/mime-types 416ms (cache miss)
1151 silly packumentCache full:https://registry.npmjs.org/mime-types set size:undefined disposed:false
1152 silly fetch manifest yaml@^2.6.1
1153 silly packumentCache full:https://registry.npmjs.org/yaml cache-miss
1154 http fetch GET 200 https://registry.npmjs.org/serialize-error 373ms (cache miss)
1155 silly packumentCache full:https://registry.npmjs.org/serialize-error set size:undefined disposed:false
1156 silly fetch manifest jest-validate@^29.7.0
1157 silly packumentCache full:https://registry.npmjs.org/jest-validate cache-miss
1158 http fetch GET 200 https://registry.npmjs.org/error-stack-parser 355ms (cache miss)
1159 silly packumentCache full:https://registry.npmjs.org/error-stack-parser set size:undefined disposed:false
1160 silly fetch manifest walker@^1.0.7
1161 silly packumentCache full:https://registry.npmjs.org/walker cache-miss
1162 http fetch GET 200 https://registry.npmjs.org/exponential-backoff 80ms (cache miss)
1163 silly packumentCache full:https://registry.npmjs.org/exponential-backoff set size:undefined disposed:false
1164 silly fetch manifest micromatch@^4.0.4
1165 silly packumentCache full:https://registry.npmjs.org/micromatch cache-miss
1166 http fetch GET 200 https://registry.npmjs.org/https-proxy-agent 84ms (cache miss)
1167 silly packumentCache full:https://registry.npmjs.org/https-proxy-agent set size:undefined disposed:false
1168 silly fetch manifest fb-watchman@^2.0.0
1169 silly packumentCache full:https://registry.npmjs.org/fb-watchman cache-miss
1170 http fetch GET 200 https://registry.npmjs.org/jest-worker 501ms (cache miss)
1171 silly packumentCache full:https://registry.npmjs.org/jest-worker set size:undefined disposed:false
1172 silly fetch manifest terser@^5.15.0
1173 silly packumentCache full:https://registry.npmjs.org/terser cache-miss
1174 http fetch GET 200 https://registry.npmjs.org/yaml 88ms (cache miss)
1175 silly packumentCache full:https://registry.npmjs.org/yaml set size:undefined disposed:false
1176 silly fetch manifest ob1@0.83.3
1177 silly packumentCache full:https://registry.npmjs.org/ob1 cache-miss
1178 http fetch GET 200 https://registry.npmjs.org/@babel%2fparser 617ms (cache miss)
1179 silly packumentCache full:https://registry.npmjs.org/@babel%2fparser set size:undefined disposed:false
1180 silly fetch manifest vlq@^1.0.0
1181 silly packumentCache full:https://registry.npmjs.org/vlq cache-miss
1182 http fetch GET 200 https://registry.npmjs.org/@babel%2ftemplate 631ms (cache miss)
1183 silly packumentCache full:https://registry.npmjs.org/@babel%2ftemplate set size:undefined disposed:false
1184 silly fetch manifest @babel/types@^7.25.2
1185 silly packumentCache full:https://registry.npmjs.org/@babel%2ftypes cache-miss
1186 http fetch GET 200 https://registry.npmjs.org/jest-validate 356ms (cache miss)
1187 silly packumentCache full:https://registry.npmjs.org/jest-validate set size:undefined disposed:false
1188 silly fetch manifest @babel/traverse@^7.25.3
1189 silly packumentCache full:https://registry.npmjs.org/@babel%2ftraverse cache-miss
1190 http fetch GET 200 https://registry.npmjs.org/walker 310ms (cache miss)
1191 silly packumentCache full:https://registry.npmjs.org/walker set size:undefined disposed:false
1192 silly fetch manifest @babel/traverse--for-generate-function-map@npm:@babel/traverse@^7.25.3
1193 silly packumentCache full:https://registry.npmjs.org/@babel%2ftraverse cache-miss
1194 http fetch GET 200 https://registry.npmjs.org/image-size 822ms (cache miss)
1195 silly packumentCache full:https://registry.npmjs.org/image-size set size:undefined disposed:false
1196 silly fetch manifest vlq@^1.0.0
1197 silly packumentCache full:https://registry.npmjs.org/vlq cache-miss
1198 http fetch GET 200 https://registry.npmjs.org/micromatch 337ms (cache miss)
1199 silly packumentCache full:https://registry.npmjs.org/micromatch set size:undefined disposed:false
1200 silly fetch manifest @babel/traverse@^7.25.3
1201 silly packumentCache full:https://registry.npmjs.org/@babel%2ftraverse cache-miss
1202 http fetch GET 200 https://registry.npmjs.org/@babel%2ftraverse 826ms (cache miss)
1203 silly packumentCache full:https://registry.npmjs.org/@babel%2ftraverse set size:undefined disposed:false
1204 silly fetch manifest @babel/types@^7.25.2
1205 silly packumentCache full:https://registry.npmjs.org/@babel%2ftypes cache-miss
1206 http fetch GET 200 https://registry.npmjs.org/@babel%2ftypes 856ms (cache miss)
1207 silly packumentCache full:https://registry.npmjs.org/@babel%2ftypes set size:undefined disposed:false
1208 http fetch GET 200 https://registry.npmjs.org/ob1 356ms (cache miss)
1209 silly packumentCache full:https://registry.npmjs.org/ob1 set size:undefined disposed:false
1210 http fetch GET 200 https://registry.npmjs.org/terser 376ms (cache miss)
1211 silly packumentCache full:https://registry.npmjs.org/terser set size:undefined disposed:false
1212 http fetch GET 200 https://registry.npmjs.org/@babel%2ftypes 234ms (cache miss)
1213 silly packumentCache full:https://registry.npmjs.org/@babel%2ftypes set size:undefined disposed:false
1214 http fetch GET 200 https://registry.npmjs.org/@babel%2ftraverse 102ms (cache miss)
1215 silly packumentCache full:https://registry.npmjs.org/@babel%2ftraverse set size:undefined disposed:false
1216 http fetch GET 200 https://registry.npmjs.org/@babel%2ftraverse 155ms (cache miss)
1217 silly packumentCache full:https://registry.npmjs.org/@babel%2ftraverse set size:undefined disposed:false
1218 http fetch GET 200 https://registry.npmjs.org/vlq 315ms (cache miss)
1219 silly packumentCache full:https://registry.npmjs.org/vlq set size:undefined disposed:false
1220 http fetch GET 200 https://registry.npmjs.org/@babel%2ftraverse 143ms (cache miss)
1221 silly packumentCache full:https://registry.npmjs.org/@babel%2ftraverse set size:undefined disposed:false
1222 http fetch GET 200 https://registry.npmjs.org/@babel%2ftypes 148ms (cache miss)
1223 silly packumentCache full:https://registry.npmjs.org/@babel%2ftypes set size:undefined disposed:false
1224 http fetch GET 200 https://registry.npmjs.org/vlq 356ms (cache miss)
1225 silly packumentCache full:https://registry.npmjs.org/vlq set size:undefined disposed:false
1226 http fetch GET 200 https://registry.npmjs.org/fb-watchman 789ms (cache miss)
1227 silly packumentCache full:https://registry.npmjs.org/fb-watchman set size:undefined disposed:false
1228 silly placeDep ROOT @xmldom/xmldom@0.8.13 OK for: @expo/plist@0.4.8 want: ^0.8.8
1229 silly placeDep ROOT base64-js@1.5.1 OK for: @expo/plist@0.4.8 want: ^1.2.3
1230 silly placeDep ROOT xmlbuilder@15.1.1 OK for: @expo/plist@0.4.8 want: ^15.1.1
1231 silly placeDep ROOT cross-spawn@7.0.6 OK for: @expo/spawn-async@1.7.2 want: ^7.0.3
1232 silly fetch manifest which@^2.0.1
1233 silly packumentCache full:https://registry.npmjs.org/which cache-miss
1234 silly fetch manifest path-key@^3.1.0
1235 silly packumentCache full:https://registry.npmjs.org/path-key cache-miss
1236 silly fetch manifest shebang-command@^2.0.0
1237 silly packumentCache full:https://registry.npmjs.org/shebang-command cache-miss
1238 http fetch GET 200 https://registry.npmjs.org/shebang-command 68ms (cache miss)
1239 silly packumentCache full:https://registry.npmjs.org/shebang-command set size:undefined disposed:false
1240 http fetch GET 200 https://registry.npmjs.org/which 70ms (cache miss)
1241 silly packumentCache full:https://registry.npmjs.org/which set size:undefined disposed:false
1242 http fetch GET 200 https://registry.npmjs.org/path-key 72ms (cache miss)
1243 silly packumentCache full:https://registry.npmjs.org/path-key set size:undefined disposed:false
1244 silly placeDep ROOT ansi-styles@3.2.1 OK for: chalk@2.4.2 want: ^3.2.1
1245 silly placeDep ROOT escape-string-regexp@1.0.5 OK for: chalk@2.4.2 want: ^1.0.5
1246 silly placeDep ROOT supports-color@5.5.0 OK for: chalk@2.4.2 want: ^5.3.0
1247 silly fetch manifest color-convert@^1.9.0
1248 silly packumentCache full:https://registry.npmjs.org/color-convert cache-miss
1249 silly fetch manifest has-flag@^3.0.0
1250 silly packumentCache full:https://registry.npmjs.org/has-flag cache-miss
1251 http fetch GET 200 https://registry.npmjs.org/color-convert 146ms (cache miss)
1252 silly packumentCache full:https://registry.npmjs.org/color-convert set size:undefined disposed:false
1253 http fetch GET 200 https://registry.npmjs.org/has-flag 307ms (cache miss)
1254 silly packumentCache full:https://registry.npmjs.org/has-flag set size:undefined disposed:false
1255 silly placeDep ROOT color-convert@1.9.3 OK for: ansi-styles@3.2.1 want: ^1.9.0
1256 silly fetch manifest color-name@1.1.3
1257 silly packumentCache full:https://registry.npmjs.org/color-name cache-miss
1258 http fetch GET 200 https://registry.npmjs.org/color-name 51ms (cache miss)
1259 silly packumentCache full:https://registry.npmjs.org/color-name set size:undefined disposed:false
1260 silly placeDep ROOT color-name@1.1.3 OK for: color-convert@1.9.3 want: 1.1.3
1261 silly placeDep ROOT path-key@3.1.1 OK for: cross-spawn@7.0.6 want: ^3.1.0
1262 silly placeDep ROOT shebang-command@2.0.0 OK for: cross-spawn@7.0.6 want: ^2.0.0
1263 silly placeDep ROOT which@2.0.2 OK for: cross-spawn@7.0.6 want: ^2.0.1
1264 silly fetch manifest shebang-regex@^3.0.0
1265 silly packumentCache full:https://registry.npmjs.org/shebang-regex cache-miss
1266 silly fetch manifest isexe@^2.0.0
1267 silly packumentCache full:https://registry.npmjs.org/isexe cache-miss
1268 http fetch GET 200 https://registry.npmjs.org/isexe 68ms (cache miss)
1269 silly packumentCache full:https://registry.npmjs.org/isexe set size:undefined disposed:false
1270 http fetch GET 200 https://registry.npmjs.org/shebang-regex 70ms (cache miss)
1271 silly packumentCache full:https://registry.npmjs.org/shebang-regex set size:undefined disposed:false
1272 silly placeDep ROOT ms@2.1.3 OK for: debug@4.4.3 want: ^2.1.3
1273 silly placeDep node_modules/expo-modules-autolinking chalk@4.1.2 OK for: expo-modules-autolinking@3.0.24 want: ^4.1.0
1274 silly placeDep ROOT commander@7.2.0 OK for: expo-modules-autolinking@3.0.24 want: ^7.2.0
1275 silly placeDep ROOT invariant@2.2.4 OK for: expo-modules-core@3.0.29 want: ^2.2.4
1276 silly fetch manifest loose-envify@^1.0.0
1277 silly packumentCache full:https://registry.npmjs.org/loose-envify cache-miss
1278 http fetch GET 200 https://registry.npmjs.org/loose-envify 113ms (cache miss)
1279 silly packumentCache full:https://registry.npmjs.org/loose-envify set size:undefined disposed:false
1280 silly placeDep ROOT react-native-is-edge-to-edge@1.3.1 OK for: expo-status-bar@3.0.9 want: ^1.2.1
1281 silly placeDep node_modules/glob minimatch@10.2.5 OK for: glob@13.0.6 want: ^10.2.2
1282 silly placeDep ROOT minipass@7.1.3 OK for: glob@13.0.6 want: ^7.1.3
1283 silly placeDep ROOT path-scurry@2.0.2 OK for: glob@13.0.6 want: ^2.0.2
1284 silly fetch manifest brace-expansion@^5.0.5
1285 silly packumentCache full:https://registry.npmjs.org/brace-expansion cache-miss
1286 silly fetch manifest lru-cache@^11.0.0
1287 silly packumentCache full:https://registry.npmjs.org/lru-cache cache-miss
1288 http cache https://registry.npmjs.org/brace-expansion 9ms (cache hit)
1289 silly packumentCache full:https://registry.npmjs.org/brace-expansion set size:65768 disposed:false
1290 http fetch GET 200 https://registry.npmjs.org/lru-cache 417ms (cache miss)
1291 silly packumentCache full:https://registry.npmjs.org/lru-cache set size:undefined disposed:false
1292 silly placeDep ROOT loose-envify@1.4.0 OK for: invariant@2.2.4 want: ^1.0.0
1293 silly fetch manifest bufferutil@^4.0.1
1294 silly packumentCache full:https://registry.npmjs.org/bufferutil cache-miss
1295 http fetch GET 200 https://registry.npmjs.org/bufferutil 50ms (cache miss)
1296 silly packumentCache full:https://registry.npmjs.org/bufferutil set size:undefined disposed:false
1297 silly fetch manifest utf-8-validate@^5.0.2
1298 silly packumentCache full:https://registry.npmjs.org/utf-8-validate cache-miss
1299 http fetch GET 200 https://registry.npmjs.org/utf-8-validate 64ms (cache miss)
1300 silly packumentCache full:https://registry.npmjs.org/utf-8-validate set size:undefined disposed:false
1301 silly placeDep node_modules/metro @babel/code-frame@7.29.0 OK for: metro@0.83.3 want: ^7.24.7
1302 silly placeDep ROOT @babel/core@7.29.0 OK for: metro@0.83.3 want: ^7.25.2
1303 silly placeDep ROOT @babel/generator@7.29.1 OK for: metro@0.83.3 want: ^7.25.0
1304 silly placeDep ROOT @babel/parser@7.29.2 OK for: metro@0.83.3 want: ^7.25.3
1305 silly placeDep ROOT @babel/template@7.28.6 OK for: metro@0.83.3 want: ^7.25.0
1306 silly placeDep ROOT @babel/traverse@7.29.0 OK for: metro@0.83.3 want: ^7.25.3
1307 silly placeDep ROOT @babel/types@7.29.0 OK for: metro@0.83.3 want: ^7.25.2
1308 silly placeDep ROOT accepts@1.3.8 OK for: metro@0.83.3 want: ^1.3.7
1309 silly placeDep node_modules/metro chalk@4.1.2 OK for: metro@0.83.3 want: ^4.0.0
1310 silly placeDep ROOT ci-info@2.0.0 OK for: metro@0.83.3 want: ^2.0.0
1311 silly placeDep ROOT connect@3.7.0 OK for: metro@0.83.3 want: ^3.6.5
1312 silly placeDep ROOT error-stack-parser@2.1.4 OK for: metro@0.83.3 want: ^2.0.6
1313 silly placeDep ROOT flow-enums-runtime@0.0.6 OK for: metro@0.83.3 want: ^0.0.6
1314 silly placeDep ROOT graceful-fs@4.2.11 OK for: metro@0.83.3 want: ^4.2.4
1315 silly placeDep ROOT hermes-parser@0.32.0 OK for: metro@0.83.3 want: 0.32.0
1316 silly placeDep ROOT image-size@1.2.1 OK for: metro@0.83.3 want: ^1.0.2
1317 silly placeDep ROOT jest-worker@29.7.0 OK for: metro@0.83.3 want: ^29.7.0
1318 silly placeDep ROOT jsc-safe-url@0.2.4 OK for: metro@0.83.3 want: ^0.2.2
1319 silly placeDep ROOT lodash.throttle@4.1.1 OK for: metro@0.83.3 want: ^4.1.1
1320 silly placeDep ROOT mime-types@2.1.35 OK for: metro@0.83.3 want: ^2.1.27
1321 silly placeDep ROOT nullthrows@1.1.1 OK for: metro@0.83.3 want: ^1.1.1
1322 silly placeDep ROOT serialize-error@2.1.0 OK for: metro@0.83.3 want: ^2.1.0
1323 silly placeDep ROOT source-map@0.5.7 OK for: metro@0.83.3 want: ^0.5.6
1324 silly placeDep ROOT throat@5.0.0 OK for: metro@0.83.3 want: ^5.0.0
1325 silly placeDep ROOT ws@7.5.10 OK for: metro@0.83.3 want: ^7.5.10
1326 silly placeDep ROOT yargs@17.7.2 OK for: metro@0.83.3 want: ^17.6.2
1327 silly fetch manifest semver@^6.3.1
1328 silly packumentCache full:https://registry.npmjs.org/semver cache-hit
1329 silly fetch manifest gensync@^1.0.0-beta.2
1330 silly packumentCache full:https://registry.npmjs.org/gensync cache-miss
1331 silly fetch manifest @babel/types@^7.29.0
1332 silly packumentCache full:https://registry.npmjs.org/@babel%2ftypes cache-miss
1333 silly fetch manifest @babel/parser@^7.29.0
1334 silly packumentCache full:https://registry.npmjs.org/@babel%2fparser cache-miss
1335 silly fetch manifest @babel/helpers@^7.28.6
1336 silly packumentCache full:https://registry.npmjs.org/@babel%2fhelpers cache-miss
1337 silly fetch manifest @babel/template@^7.28.6
1338 silly packumentCache full:https://registry.npmjs.org/@babel%2ftemplate cache-miss
1339 silly fetch manifest @babel/traverse@^7.29.0
1340 silly packumentCache full:https://registry.npmjs.org/@babel%2ftraverse cache-miss
1341 silly fetch manifest @babel/generator@^7.29.0
1342 silly packumentCache full:https://registry.npmjs.org/@babel%2fgenerator cache-hit
1343 silly fetch manifest @babel/code-frame@^7.29.0
1344 silly packumentCache full:https://registry.npmjs.org/@babel%2fcode-frame cache-hit
1345 silly fetch manifest convert-source-map@^2.0.0
1346 silly packumentCache full:https://registry.npmjs.org/convert-source-map cache-miss
1347 silly fetch manifest @jridgewell/remapping@^2.3.5
1348 silly packumentCache full:https://registry.npmjs.org/@jridgewell%2fremapping cache-miss
1349 silly fetch manifest @babel/helper-module-transforms@^7.28.6
1350 silly packumentCache full:https://registry.npmjs.org/@babel%2fhelper-module-transforms cache-miss
1351 silly fetch manifest @babel/helper-compilation-targets@^7.28.6
1352 silly packumentCache full:https://registry.npmjs.org/@babel%2fhelper-compilation-targets cache-miss
1353 silly fetch manifest jsesc@^3.0.2
1354 silly packumentCache full:https://registry.npmjs.org/jsesc cache-miss
1355 http cache https://registry.npmjs.org/@babel%2fparser 14ms (cache hit)
1356 silly packumentCache full:https://registry.npmjs.org/@babel%2fparser set size:718758 disposed:false
1357 silly fetch manifest @babel/types@^7.29.0
1358 silly packumentCache full:https://registry.npmjs.org/@babel%2ftypes cache-miss
1359 http cache https://registry.npmjs.org/@babel%2ftemplate 17ms (cache hit)
1360 silly packumentCache full:https://registry.npmjs.org/@babel%2ftemplate set size:227169 disposed:false
1361 silly fetch manifest @jridgewell/gen-mapping@^0.3.12
1362 silly packumentCache full:https://registry.npmjs.org/@jridgewell%2fgen-mapping cache-miss
1363 http cache https://registry.npmjs.org/@babel%2ftraverse 19ms (cache hit)
1364 silly packumentCache full:https://registry.npmjs.org/@babel%2ftraverse set size:548722 disposed:false
1365 silly fetch manifest @jridgewell/trace-mapping@^0.3.28
1366 silly packumentCache full:https://registry.npmjs.org/@jridgewell%2ftrace-mapping cache-miss
1367 http cache https://registry.npmjs.org/@babel%2ftypes 25ms (cache hit)
1368 silly packumentCache full:https://registry.npmjs.org/@babel%2ftypes set size:487885 disposed:false
1369 silly fetch manifest @babel/types@^7.28.6
1370 silly packumentCache full:https://registry.npmjs.org/@babel%2ftypes cache-hit
1371 silly fetch manifest @babel/code-frame@^7.28.6
1372 silly packumentCache full:https://registry.npmjs.org/@babel%2fcode-frame cache-hit
1373 silly fetch manifest @babel/helper-globals@^7.28.0
1374 silly packumentCache full:https://registry.npmjs.org/@babel%2fhelper-globals cache-miss
1375 http cache https://registry.npmjs.org/@babel%2ftypes 16ms (cache hit)
1376 silly packumentCache full:https://registry.npmjs.org/@babel%2ftypes set size:487885 disposed:false
1377 silly packumentCache full:https://registry.npmjs.org/@babel%2ftypes dispose
1378 silly fetch manifest @babel/helper-string-parser@^7.27.1
1379 silly packumentCache full:https://registry.npmjs.org/@babel%2fhelper-string-parser cache-miss
1380 http cache https://registry.npmjs.org/@jridgewell%2fgen-mapping 16ms (cache hit)
1381 silly packumentCache full:https://registry.npmjs.org/@jridgewell%2fgen-mapping set size:80719 disposed:false
1382 silly fetch manifest mime-types@~2.1.34
1383 silly packumentCache full:https://registry.npmjs.org/mime-types cache-miss
1384 http cache https://registry.npmjs.org/mime-types 11ms (cache hit)
1385 silly packumentCache full:https://registry.npmjs.org/mime-types set size:139110 disposed:false
1386 silly fetch manifest negotiator@0.6.3
1387 silly packumentCache full:https://registry.npmjs.org/negotiator cache-miss
1388 http fetch GET 200 https://registry.npmjs.org/negotiator 112ms (cache miss)
1389 silly packumentCache full:https://registry.npmjs.org/negotiator set size:undefined disposed:false
1390 silly fetch manifest debug@2.6.9
1391 silly packumentCache full:https://registry.npmjs.org/debug cache-hit
1392 silly fetch manifest finalhandler@1.1.2
1393 silly packumentCache full:https://registry.npmjs.org/finalhandler cache-miss
1394 http fetch GET 200 https://registry.npmjs.org/@jridgewell%2ftrace-mapping 144ms (cache miss)
1395 silly packumentCache full:https://registry.npmjs.org/@jridgewell%2ftrace-mapping set size:undefined disposed:false
1396 silly fetch manifest parseurl@~1.3.3
1397 silly packumentCache full:https://registry.npmjs.org/parseurl cache-miss
1398 http fetch GET 200 https://registry.npmjs.org/finalhandler 73ms (cache miss)
1399 silly packumentCache full:https://registry.npmjs.org/finalhandler set size:undefined disposed:false
1400 silly fetch manifest utils-merge@1.0.1
1401 silly packumentCache full:https://registry.npmjs.org/utils-merge cache-miss
1402 http fetch GET 200 https://registry.npmjs.org/utils-merge 87ms (cache miss)
1403 silly packumentCache full:https://registry.npmjs.org/utils-merge set size:undefined disposed:false
1404 silly fetch manifest stackframe@^1.3.4
1405 silly packumentCache full:https://registry.npmjs.org/stackframe cache-miss
1406 http fetch GET 200 https://registry.npmjs.org/jsesc 326ms (cache miss)
1407 silly packumentCache full:https://registry.npmjs.org/jsesc set size:undefined disposed:false
1408 silly fetch manifest hermes-estree@0.32.0
1409 silly packumentCache full:https://registry.npmjs.org/hermes-estree cache-miss
1410 http fetch GET 200 https://registry.npmjs.org/@jridgewell%2fremapping 330ms (cache miss)
1411 silly packumentCache full:https://registry.npmjs.org/@jridgewell%2fremapping set size:undefined disposed:false
1412 silly fetch manifest queue@6.0.2
1413 silly packumentCache full:https://registry.npmjs.org/queue cache-miss
1414 http fetch GET 200 https://registry.npmjs.org/gensync 333ms (cache miss)
1415 silly packumentCache full:https://registry.npmjs.org/gensync set size:undefined disposed:false
1416 silly fetch manifest jest-util@^29.7.0
1417 silly packumentCache full:https://registry.npmjs.org/jest-util cache-miss
1418 http fetch GET 200 https://registry.npmjs.org/convert-source-map 333ms (cache miss)
1419 silly packumentCache full:https://registry.npmjs.org/convert-source-map set size:undefined disposed:false
1420 silly fetch manifest @types/node@*
1421 silly packumentCache full:https://registry.npmjs.org/@types%2fnode cache-miss
1422 http fetch GET 200 https://registry.npmjs.org/parseurl 330ms (cache miss)
1423 silly packumentCache full:https://registry.npmjs.org/parseurl set size:undefined disposed:false
1424 silly fetch manifest merge-stream@^2.0.0
1425 silly packumentCache full:https://registry.npmjs.org/merge-stream cache-miss
1426 http fetch GET 200 https://registry.npmjs.org/@babel%2fhelper-module-transforms 630ms (cache miss)
1427 silly packumentCache full:https://registry.npmjs.org/@babel%2fhelper-module-transforms set size:undefined disposed:false
1428 silly fetch manifest supports-color@^8.0.0
1429 silly packumentCache full:https://registry.npmjs.org/supports-color cache-hit
1430 silly fetch manifest mime-db@1.52.0
1431 silly packumentCache full:https://registry.npmjs.org/mime-db cache-miss
1432 http fetch GET 200 https://registry.npmjs.org/@babel%2fhelper-compilation-targets 668ms (cache miss)
1433 silly packumentCache full:https://registry.npmjs.org/@babel%2fhelper-compilation-targets set size:undefined disposed:false
1434 silly fetch manifest y18n@^5.0.5
1435 silly packumentCache full:https://registry.npmjs.org/y18n cache-miss
1436 http fetch GET 200 https://registry.npmjs.org/@babel%2fhelper-globals 653ms (cache miss)
1437 silly packumentCache full:https://registry.npmjs.org/@babel%2fhelper-globals set size:undefined disposed:false
1438 silly fetch manifest cliui@^8.0.1
1439 silly packumentCache full:https://registry.npmjs.org/cliui cache-miss
1440 http fetch GET 200 https://registry.npmjs.org/@babel%2fhelper-string-parser 648ms (cache miss)
1441 silly packumentCache full:https://registry.npmjs.org/@babel%2fhelper-string-parser set size:undefined disposed:false
1442 silly fetch manifest escalade@^3.1.1
1443 silly packumentCache full:https://registry.npmjs.org/escalade cache-miss
1444 http fetch GET 200 https://registry.npmjs.org/queue 370ms (cache miss)
1445 silly packumentCache full:https://registry.npmjs.org/queue set size:undefined disposed:false
1446 silly fetch manifest string-width@^4.2.3
1447 silly packumentCache full:https://registry.npmjs.org/string-width cache-miss
1448 http fetch GET 200 https://registry.npmjs.org/stackframe 451ms (cache miss)
1449 silly packumentCache full:https://registry.npmjs.org/stackframe set size:undefined disposed:false
1450 silly fetch manifest yargs-parser@^21.1.1
1451 silly packumentCache full:https://registry.npmjs.org/yargs-parser cache-miss
1452 http fetch GET 200 https://registry.npmjs.org/hermes-estree 451ms (cache miss)
1453 silly packumentCache full:https://registry.npmjs.org/hermes-estree set size:undefined disposed:false
1454 silly fetch manifest get-caller-file@^2.0.5
1455 silly packumentCache full:https://registry.npmjs.org/get-caller-file cache-miss
1456 http fetch GET 200 https://registry.npmjs.org/cliui 152ms (cache miss)
1457 silly packumentCache full:https://registry.npmjs.org/cliui set size:undefined disposed:false
1458 silly fetch manifest require-directory@^2.1.1
1459 silly packumentCache full:https://registry.npmjs.org/require-directory cache-miss
1460 http fetch GET 200 https://registry.npmjs.org/merge-stream 374ms (cache miss)
1461 silly packumentCache full:https://registry.npmjs.org/merge-stream set size:undefined disposed:false
1462 http fetch GET 200 https://registry.npmjs.org/string-width 174ms (cache miss)
1463 silly packumentCache full:https://registry.npmjs.org/string-width set size:undefined disposed:false
1464 http fetch GET 200 https://registry.npmjs.org/y18n 212ms (cache miss)
1465 silly packumentCache full:https://registry.npmjs.org/y18n set size:undefined disposed:false
1466 http fetch GET 200 https://registry.npmjs.org/escalade 208ms (cache miss)
1467 silly packumentCache full:https://registry.npmjs.org/escalade set size:undefined disposed:false
1468 http fetch GET 200 https://registry.npmjs.org/yargs-parser 133ms (cache miss)
1469 silly packumentCache full:https://registry.npmjs.org/yargs-parser set size:undefined disposed:false
1470 http fetch GET 200 https://registry.npmjs.org/get-caller-file 153ms (cache miss)
1471 silly packumentCache full:https://registry.npmjs.org/get-caller-file set size:undefined disposed:false
1472 http fetch GET 200 https://registry.npmjs.org/require-directory 101ms (cache miss)
1473 silly packumentCache full:https://registry.npmjs.org/require-directory set size:undefined disposed:false
1474 http fetch GET 200 https://registry.npmjs.org/@babel%2fhelpers 940ms (cache miss)
1475 silly packumentCache full:https://registry.npmjs.org/@babel%2fhelpers set size:undefined disposed:false
1476 http fetch GET 200 https://registry.npmjs.org/jest-util 864ms (cache miss)
1477 silly packumentCache full:https://registry.npmjs.org/jest-util set size:undefined disposed:false
1478 http fetch GET 200 https://registry.npmjs.org/mime-db 579ms (cache miss)
1479 silly packumentCache full:https://registry.npmjs.org/mime-db set size:undefined disposed:false
1480 http fetch GET 200 https://registry.npmjs.org/@types%2fnode 1611ms (cache miss)
1481 silly packumentCache full:https://registry.npmjs.org/@types%2fnode set size:undefined disposed:false
1482 silly fetch manifest @babel/core@^7.0.0
1483 silly packumentCache full:https://registry.npmjs.org/@babel%2fcore cache-hit
1484 silly placeDep node_modules/@babel/core @babel/code-frame@7.29.0 OK for: @babel/core@7.29.0 want: ^7.29.0
1485 silly placeDep ROOT @babel/helper-compilation-targets@7.28.6 OK for: @babel/core@7.29.0 want: ^7.28.6
1486 silly placeDep ROOT @babel/helper-module-transforms@7.28.6 OK for: @babel/core@7.29.0 want: ^7.28.6
1487 silly placeDep ROOT @babel/helpers@7.29.2 OK for: @babel/core@7.29.0 want: ^7.28.6
1488 silly placeDep ROOT @jridgewell/remapping@2.3.5 OK for: @babel/core@7.29.0 want: ^2.3.5
1489 silly placeDep ROOT convert-source-map@2.0.0 OK for: @babel/core@7.29.0 want: ^2.0.0
1490 silly placeDep ROOT gensync@1.0.0-beta.2 OK for: @babel/core@7.29.0 want: ^1.0.0-beta.2
1491 silly placeDep node_modules/@babel/core semver@6.3.1 OK for: @babel/core@7.29.0 want: ^6.3.1
1492 silly fetch manifest lru-cache@^5.1.1
1493 silly packumentCache full:https://registry.npmjs.org/lru-cache cache-miss
1494 silly fetch manifest browserslist@^4.24.0
1495 silly packumentCache full:https://registry.npmjs.org/browserslist cache-miss
1496 silly fetch manifest @babel/compat-data@^7.28.6
1497 silly packumentCache full:https://registry.npmjs.org/@babel%2fcompat-data cache-miss
1498 silly fetch manifest @babel/helper-validator-option@^7.27.1
1499 silly packumentCache full:https://registry.npmjs.org/@babel%2fhelper-validator-option cache-miss
1500 silly fetch manifest @babel/helper-module-imports@^7.28.6
1501 silly packumentCache full:https://registry.npmjs.org/@babel%2fhelper-module-imports cache-miss
1502 silly fetch manifest @jridgewell/gen-mapping@^0.3.5
1503 silly packumentCache full:https://registry.npmjs.org/@jridgewell%2fgen-mapping cache-hit
1504 silly fetch manifest @jridgewell/trace-mapping@^0.3.24
1505 silly packumentCache full:https://registry.npmjs.org/@jridgewell%2ftrace-mapping cache-miss
1506 http cache https://registry.npmjs.org/@jridgewell%2ftrace-mapping 18ms (cache hit)
1507 silly packumentCache full:https://registry.npmjs.org/@jridgewell%2ftrace-mapping set size:170909 disposed:false
1508 http cache https://registry.npmjs.org/lru-cache 22ms (cache hit)
1509 silly packumentCache full:https://registry.npmjs.org/lru-cache set size:439357 disposed:false
1510 http cache https://registry.npmjs.org/browserslist 27ms (cache hit)
1511 silly packumentCache full:https://registry.npmjs.org/browserslist set size:504681 disposed:false
1512 http cache https://registry.npmjs.org/@babel%2fhelper-module-imports 30ms (cache hit)
1513 silly packumentCache full:https://registry.npmjs.org/@babel%2fhelper-module-imports set size:193449 disposed:false
1514 http fetch GET 200 https://registry.npmjs.org/@babel%2fcompat-data 633ms (cache miss)
1515 silly packumentCache full:https://registry.npmjs.org/@babel%2fcompat-data set size:undefined disposed:false
1516 http fetch GET 200 https://registry.npmjs.org/@babel%2fhelper-validator-option 635ms (cache miss)
1517 silly packumentCache full:https://registry.npmjs.org/@babel%2fhelper-validator-option set size:undefined disposed:false
1518 silly placeDep ROOT @jridgewell/gen-mapping@0.3.13 OK for: @babel/generator@7.29.1 want: ^0.3.12
1519 silly placeDep ROOT @jridgewell/trace-mapping@0.3.31 OK for: @babel/generator@7.29.1 want: ^0.3.28
1520 silly placeDep ROOT jsesc@3.1.0 OK for: @babel/generator@7.29.1 want: ^3.0.2
1521 silly fetch manifest @jridgewell/sourcemap-codec@^1.5.0
1522 silly packumentCache full:https://registry.npmjs.org/@jridgewell%2fsourcemap-codec cache-miss
1523 silly fetch manifest @jridgewell/resolve-uri@^3.1.0
1524 silly packumentCache full:https://registry.npmjs.org/@jridgewell%2fresolve-uri cache-miss
1525 silly fetch manifest @jridgewell/sourcemap-codec@^1.4.14
1526 silly packumentCache full:https://registry.npmjs.org/@jridgewell%2fsourcemap-codec cache-miss
1527 http fetch GET 200 https://registry.npmjs.org/@jridgewell%2fsourcemap-codec 90ms (cache miss)
1528 silly packumentCache full:https://registry.npmjs.org/@jridgewell%2fsourcemap-codec set size:undefined disposed:false
1529 http fetch GET 200 https://registry.npmjs.org/@jridgewell%2fresolve-uri 109ms (cache miss)
1530 silly packumentCache full:https://registry.npmjs.org/@jridgewell%2fresolve-uri set size:undefined disposed:false
1531 http fetch GET 200 https://registry.npmjs.org/@jridgewell%2fsourcemap-codec 138ms (cache miss)
1532 silly packumentCache full:https://registry.npmjs.org/@jridgewell%2fsourcemap-codec set size:undefined disposed:false
1533 silly placeDep ROOT @babel/compat-data@7.29.0 OK for: @babel/helper-compilation-targets@7.28.6 want: ^7.28.6
1534 silly placeDep ROOT @babel/helper-validator-option@7.27.1 OK for: @babel/helper-compilation-targets@7.28.6 want: ^7.27.1
1535 silly placeDep ROOT browserslist@4.28.2 OK for: @babel/helper-compilation-targets@7.28.6 want: ^4.24.0
1536 silly placeDep ROOT lru-cache@5.1.1 OK for: @babel/helper-compilation-targets@7.28.6 want: ^5.1.1
1537 silly placeDep node_modules/@babel/helper-compilation-targets semver@6.3.1 OK for: @babel/helper-compilation-targets@7.28.6 want: ^6.3.1
1538 silly fetch manifest baseline-browser-mapping@^2.10.12
1539 silly packumentCache full:https://registry.npmjs.org/baseline-browser-mapping cache-miss
1540 silly fetch manifest caniuse-lite@^1.0.30001782
1541 silly packumentCache full:https://registry.npmjs.org/caniuse-lite cache-miss
1542 silly fetch manifest electron-to-chromium@^1.5.328
1543 silly packumentCache full:https://registry.npmjs.org/electron-to-chromium cache-miss
1544 silly fetch manifest node-releases@^2.0.36
1545 silly packumentCache full:https://registry.npmjs.org/node-releases cache-miss
1546 silly fetch manifest update-browserslist-db@^1.2.3
1547 silly packumentCache full:https://registry.npmjs.org/update-browserslist-db cache-miss
1548 silly fetch manifest yallist@^3.0.2
1549 silly packumentCache full:https://registry.npmjs.org/yallist cache-miss
1550 http fetch GET 200 https://registry.npmjs.org/update-browserslist-db 63ms (cache miss)
1551 silly packumentCache full:https://registry.npmjs.org/update-browserslist-db set size:undefined disposed:false
1552 http fetch GET 200 https://registry.npmjs.org/node-releases 90ms (cache miss)
1553 silly packumentCache full:https://registry.npmjs.org/node-releases set size:undefined disposed:false
1554 http fetch GET 200 https://registry.npmjs.org/baseline-browser-mapping 244ms (cache miss)
1555 silly packumentCache full:https://registry.npmjs.org/baseline-browser-mapping set size:undefined disposed:false
1556 http fetch GET 200 https://registry.npmjs.org/yallist 359ms (cache miss)
1557 silly packumentCache full:https://registry.npmjs.org/yallist set size:undefined disposed:false
1558 http fetch GET 200 https://registry.npmjs.org/electron-to-chromium 789ms (cache miss)
1559 silly packumentCache full:https://registry.npmjs.org/electron-to-chromium set size:undefined disposed:false
1560 http fetch GET 200 https://registry.npmjs.org/caniuse-lite 1032ms (cache miss)
1561 silly packumentCache full:https://registry.npmjs.org/caniuse-lite set size:undefined disposed:false
1562 silly placeDep ROOT @babel/helper-module-imports@7.28.6 OK for: @babel/helper-module-transforms@7.28.6 want: ^7.28.6
1563 silly placeDep node_modules/@babel/template @babel/code-frame@7.29.0 OK for: @babel/template@7.28.6 want: ^7.28.6
1564 silly placeDep node_modules/@babel/traverse @babel/code-frame@7.29.0 OK for: @babel/traverse@7.29.0 want: ^7.29.0
1565 silly placeDep ROOT @babel/helper-globals@7.28.0 OK for: @babel/traverse@7.29.0 want: ^7.28.0
1566 silly placeDep ROOT @babel/helper-string-parser@7.27.1 OK for: @babel/types@7.29.0 want: ^7.27.1
1567 silly placeDep ROOT @jridgewell/sourcemap-codec@1.5.5 OK for: @jridgewell/gen-mapping@0.3.13 want: ^1.5.0
1568 silly placeDep ROOT @jridgewell/resolve-uri@3.1.2 OK for: @jridgewell/trace-mapping@0.3.31 want: ^3.1.0
1569 silly placeDep ROOT negotiator@0.6.3 OK for: accepts@1.3.8 want: 0.6.3
1570 silly fetch manifest browserslist@>= 4.21.0
1571 silly packumentCache full:https://registry.npmjs.org/browserslist cache-hit
1572 silly placeDep ROOT baseline-browser-mapping@2.10.20 OK for: browserslist@4.28.2 want: ^2.10.12
1573 silly placeDep ROOT caniuse-lite@1.0.30001788 OK for: browserslist@4.28.2 want: ^1.0.30001782
1574 silly placeDep ROOT electron-to-chromium@1.5.340 OK for: browserslist@4.28.2 want: ^1.5.328
1575 silly placeDep ROOT node-releases@2.0.37 OK for: browserslist@4.28.2 want: ^2.0.36
1576 silly placeDep ROOT update-browserslist-db@1.2.3 OK for: browserslist@4.28.2 want: ^1.2.3
1577 silly fetch manifest escalade@^3.2.0
1578 silly packumentCache full:https://registry.npmjs.org/escalade cache-miss
1579 http cache https://registry.npmjs.org/escalade 5ms (cache hit)
1580 silly packumentCache full:https://registry.npmjs.org/escalade set size:33724 disposed:false
1581 silly placeDep node_modules/connect debug@2.6.9 OK for: connect@3.7.0 want: 2.6.9
1582 silly placeDep ROOT finalhandler@1.1.2 OK for: connect@3.7.0 want: 1.1.2
1583 silly placeDep ROOT parseurl@1.3.3 OK for: connect@3.7.0 want: ~1.3.3
1584 silly placeDep ROOT utils-merge@1.0.1 OK for: connect@3.7.0 want: 1.0.1
1585 silly fetch manifest ms@2.0.0
1586 silly packumentCache full:https://registry.npmjs.org/ms cache-miss
1587 silly fetch manifest unpipe@~1.0.0
1588 silly packumentCache full:https://registry.npmjs.org/unpipe cache-miss
1589 silly fetch manifest statuses@~1.5.0
1590 silly packumentCache full:https://registry.npmjs.org/statuses cache-miss
1591 silly fetch manifest encodeurl@~1.0.2
1592 silly packumentCache full:https://registry.npmjs.org/encodeurl cache-miss
1593 silly fetch manifest escape-html@~1.0.3
1594 silly packumentCache full:https://registry.npmjs.org/escape-html cache-miss
1595 silly fetch manifest on-finished@~2.3.0
1596 silly packumentCache full:https://registry.npmjs.org/on-finished cache-miss
1597 http cache https://registry.npmjs.org/ms 9ms (cache hit)
1598 silly packumentCache full:https://registry.npmjs.org/ms set size:92208 disposed:false
1599 http fetch GET 200 https://registry.npmjs.org/unpipe 49ms (cache miss)
1600 silly packumentCache full:https://registry.npmjs.org/unpipe set size:undefined disposed:false
1601 http fetch GET 200 https://registry.npmjs.org/statuses 52ms (cache miss)
1602 silly packumentCache full:https://registry.npmjs.org/statuses set size:undefined disposed:false
1603 http fetch GET 200 https://registry.npmjs.org/on-finished 59ms (cache miss)
1604 silly packumentCache full:https://registry.npmjs.org/on-finished set size:undefined disposed:false
1605 http fetch GET 200 https://registry.npmjs.org/encodeurl 61ms (cache miss)
1606 silly packumentCache full:https://registry.npmjs.org/encodeurl set size:undefined disposed:false
1607 http fetch GET 200 https://registry.npmjs.org/escape-html 359ms (cache miss)
1608 silly packumentCache full:https://registry.npmjs.org/escape-html set size:undefined disposed:false
1609 silly placeDep ROOT stackframe@1.3.4 OK for: error-stack-parser@2.1.4 want: ^1.3.4
1610 silly placeDep node_modules/finalhandler debug@2.6.9 OK for: finalhandler@1.1.2 want: 2.6.9
1611 silly placeDep ROOT encodeurl@1.0.2 OK for: finalhandler@1.1.2 want: ~1.0.2
1612 silly placeDep ROOT escape-html@1.0.3 OK for: finalhandler@1.1.2 want: ~1.0.3
1613 silly placeDep ROOT on-finished@2.3.0 OK for: finalhandler@1.1.2 want: ~2.3.0
1614 silly placeDep ROOT statuses@1.5.0 OK for: finalhandler@1.1.2 want: ~1.5.0
1615 silly placeDep ROOT unpipe@1.0.0 OK for: finalhandler@1.1.2 want: ~1.0.0
1616 silly fetch manifest ee-first@1.1.1
1617 silly packumentCache full:https://registry.npmjs.org/ee-first cache-miss
1618 http fetch GET 200 https://registry.npmjs.org/ee-first 43ms (cache miss)
1619 silly packumentCache full:https://registry.npmjs.org/ee-first set size:undefined disposed:false
1620 silly placeDep ROOT hermes-estree@0.32.0 OK for: hermes-parser@0.32.0 want: 0.32.0
1621 silly placeDep ROOT queue@6.0.2 OK for: image-size@1.2.1 want: 6.0.2
1622 silly fetch manifest inherits@~2.0.3
1623 silly packumentCache full:https://registry.npmjs.org/inherits cache-miss
1624 http fetch GET 200 https://registry.npmjs.org/inherits 52ms (cache miss)
1625 silly packumentCache full:https://registry.npmjs.org/inherits set size:undefined disposed:false
1626 silly placeDep ROOT @types/node@25.6.0 OK for: jest-worker@29.7.0 want: *
1627 silly placeDep ROOT jest-util@29.7.0 OK for: jest-worker@29.7.0 want: ^29.7.0
1628 silly placeDep ROOT merge-stream@2.0.0 OK for: jest-worker@29.7.0 want: ^2.0.0
1629 silly placeDep node_modules/jest-worker supports-color@8.1.1 OK for: jest-worker@29.7.0 want: ^8.0.0
1630 silly fetch manifest undici-types@~7.19.0
1631 silly packumentCache full:https://registry.npmjs.org/undici-types cache-miss
1632 silly fetch manifest ci-info@^3.2.0
1633 silly packumentCache full:https://registry.npmjs.org/ci-info cache-hit
1634 silly fetch manifest picomatch@^2.2.3
1635 silly packumentCache full:https://registry.npmjs.org/picomatch cache-miss
1636 silly fetch manifest @jest/types@^29.6.3
1637 silly packumentCache full:https://registry.npmjs.org/@jest%2ftypes cache-miss
1638 silly fetch manifest has-flag@^4.0.0
1639 silly packumentCache full:https://registry.npmjs.org/has-flag cache-miss
1640 http cache https://registry.npmjs.org/picomatch 6ms (cache hit)
1641 silly packumentCache full:https://registry.npmjs.org/picomatch set size:126376 disposed:false
1642 http cache https://registry.npmjs.org/has-flag 10ms (cache hit)
1643 silly packumentCache full:https://registry.npmjs.org/has-flag set size:15180 disposed:false
1644 http fetch GET 200 https://registry.npmjs.org/undici-types 131ms (cache miss)
1645 silly packumentCache full:https://registry.npmjs.org/undici-types set size:undefined disposed:false
1646 http fetch GET 200 https://registry.npmjs.org/@jest%2ftypes 734ms (cache miss)
1647 silly packumentCache full:https://registry.npmjs.org/@jest%2ftypes set size:undefined disposed:false
1648 silly placeDep ROOT undici-types@7.19.2 OK for: @types/node@25.6.0 want: ~7.19.0
1649 silly placeDep ROOT @jest/types@29.6.3 OK for: jest-util@29.7.0 want: ^29.6.3
1650 silly placeDep node_modules/jest-util chalk@4.1.2 OK for: jest-util@29.7.0 want: ^4.0.0
1651 silly placeDep node_modules/jest-util ci-info@3.9.0 OK for: jest-util@29.7.0 want: ^3.2.0
1652 silly placeDep ROOT picomatch@2.3.2 OK for: jest-util@29.7.0 want: ^2.2.3
1653 silly fetch manifest @types/yargs@^17.0.8
1654 silly packumentCache full:https://registry.npmjs.org/@types%2fyargs cache-miss
1655 silly fetch manifest @types/istanbul-reports@^3.0.0
1656 silly packumentCache full:https://registry.npmjs.org/@types%2fistanbul-reports cache-miss
1657 silly fetch manifest @types/istanbul-lib-coverage@^2.0.0
1658 silly packumentCache full:https://registry.npmjs.org/@types%2fistanbul-lib-coverage cache-miss
1659 http fetch GET 200 https://registry.npmjs.org/@types%2fistanbul-reports 571ms (cache miss)
1660 silly packumentCache full:https://registry.npmjs.org/@types%2fistanbul-reports set size:undefined disposed:false
1661 http fetch GET 200 https://registry.npmjs.org/@types%2fistanbul-lib-coverage 573ms (cache miss)
1662 silly packumentCache full:https://registry.npmjs.org/@types%2fistanbul-lib-coverage set size:undefined disposed:false
1663 http fetch GET 200 https://registry.npmjs.org/@types%2fyargs 635ms (cache miss)
1664 silly packumentCache full:https://registry.npmjs.org/@types%2fyargs set size:undefined disposed:false
1665 silly placeDep ROOT @jest/schemas@29.6.3 OK for: @jest/types@29.6.3 want: ^29.6.3
1666 silly placeDep ROOT @types/istanbul-lib-coverage@2.0.6 OK for: @jest/types@29.6.3 want: ^2.0.0
1667 silly placeDep ROOT @types/istanbul-reports@3.0.4 OK for: @jest/types@29.6.3 want: ^3.0.0
1668 silly placeDep ROOT @types/yargs@17.0.35 OK for: @jest/types@29.6.3 want: ^17.0.8
1669 silly placeDep node_modules/@jest/types chalk@4.1.2 OK for: @jest/types@29.6.3 want: ^4.0.0
1670 silly fetch manifest @sinclair/typebox@^0.27.8
1671 silly packumentCache full:https://registry.npmjs.org/@sinclair%2ftypebox cache-miss
1672 silly fetch manifest @types/istanbul-lib-report@*
1673 silly packumentCache full:https://registry.npmjs.org/@types%2fistanbul-lib-report cache-miss
1674 silly fetch manifest @types/yargs-parser@*
1675 silly packumentCache full:https://registry.npmjs.org/@types%2fyargs-parser cache-miss
1676 http fetch GET 200 https://registry.npmjs.org/@types%2fistanbul-lib-report 569ms (cache miss)
1677 silly packumentCache full:https://registry.npmjs.org/@types%2fistanbul-lib-report set size:undefined disposed:false
1678 http fetch GET 200 https://registry.npmjs.org/@types%2fyargs-parser 591ms (cache miss)
1679 silly packumentCache full:https://registry.npmjs.org/@types%2fyargs-parser set size:undefined disposed:false
1680 http fetch GET 200 https://registry.npmjs.org/@sinclair%2ftypebox 849ms (cache miss)
1681 silly packumentCache full:https://registry.npmjs.org/@sinclair%2ftypebox set size:undefined disposed:false
1682 silly placeDep ROOT @sinclair/typebox@0.27.10 OK for: @jest/schemas@29.6.3 want: ^0.27.8
1683 silly placeDep ROOT @types/istanbul-lib-report@3.0.3 OK for: @types/istanbul-reports@3.0.4 want: *
1684 silly placeDep ROOT @types/yargs-parser@21.0.3 OK for: @types/yargs@17.0.35 want: *
1685 silly placeDep ROOT yallist@3.1.1 OK for: lru-cache@5.1.1 want: ^3.0.2
1686 silly placeDep ROOT exponential-backoff@3.1.3 OK for: metro-cache@0.83.3 want: ^3.1.1
1687 silly placeDep ROOT https-proxy-agent@7.0.6 OK for: metro-cache@0.83.3 want: ^7.0.5
1688 silly fetch manifest agent-base@^7.1.2
1689 silly packumentCache full:https://registry.npmjs.org/agent-base cache-miss
1690 http fetch GET 200 https://registry.npmjs.org/agent-base 304ms (cache miss)
1691 silly packumentCache full:https://registry.npmjs.org/agent-base set size:undefined disposed:false
1692 silly placeDep ROOT agent-base@7.1.4 OK for: https-proxy-agent@7.0.6 want: ^7.1.2
1693 silly placeDep ROOT jest-validate@29.7.0 OK for: metro-config@0.83.3 want: ^29.7.0
1694 silly placeDep ROOT yaml@2.8.3 OK for: metro-config@0.83.3 want: ^2.6.1
1695 silly fetch manifest leven@^3.1.0
1696 silly packumentCache full:https://registry.npmjs.org/leven cache-miss
1697 silly fetch manifest camelcase@^6.2.0
1698 silly packumentCache full:https://registry.npmjs.org/camelcase cache-miss
1699 silly fetch manifest jest-get-type@^29.6.3
1700 silly packumentCache full:https://registry.npmjs.org/jest-get-type cache-miss
1701 http fetch GET 200 https://registry.npmjs.org/camelcase 52ms (cache miss)
1702 silly packumentCache full:https://registry.npmjs.org/camelcase set size:undefined disposed:false
1703 http fetch GET 200 https://registry.npmjs.org/leven 303ms (cache miss)
1704 silly packumentCache full:https://registry.npmjs.org/leven set size:undefined disposed:false
1705 http fetch GET 200 https://registry.npmjs.org/jest-get-type 366ms (cache miss)
1706 silly packumentCache full:https://registry.npmjs.org/jest-get-type set size:undefined disposed:false
1707 silly placeDep ROOT camelcase@6.3.0 OK for: jest-validate@29.7.0 want: ^6.2.0
1708 silly placeDep node_modules/jest-validate chalk@4.1.2 OK for: jest-validate@29.7.0 want: ^4.0.0
1709 silly placeDep ROOT jest-get-type@29.6.3 OK for: jest-validate@29.7.0 want: ^29.6.3
1710 silly placeDep ROOT leven@3.1.0 OK for: jest-validate@29.7.0 want: ^3.1.0
1711 silly placeDep ROOT fb-watchman@2.0.2 OK for: metro-file-map@0.83.3 want: ^2.0.0
1712 silly placeDep ROOT micromatch@4.0.8 OK for: metro-file-map@0.83.3 want: ^4.0.4
1713 silly placeDep ROOT walker@1.0.8 OK for: metro-file-map@0.83.3 want: ^1.0.7
1714 silly fetch manifest bser@2.1.1
1715 silly packumentCache full:https://registry.npmjs.org/bser cache-miss
1716 silly fetch manifest braces@^3.0.3
1717 silly packumentCache full:https://registry.npmjs.org/braces cache-miss
1718 silly fetch manifest makeerror@1.0.12
1719 silly packumentCache full:https://registry.npmjs.org/makeerror cache-miss
1720 http fetch GET 200 https://registry.npmjs.org/braces 84ms (cache miss)
1721 silly packumentCache full:https://registry.npmjs.org/braces set size:undefined disposed:false
1722 http fetch GET 200 https://registry.npmjs.org/makeerror 376ms (cache miss)
1723 silly packumentCache full:https://registry.npmjs.org/makeerror set size:undefined disposed:false
1724 http fetch GET 200 https://registry.npmjs.org/bser 379ms (cache miss)
1725 silly packumentCache full:https://registry.npmjs.org/bser set size:undefined disposed:false
1726 silly placeDep ROOT bser@2.1.1 OK for: fb-watchman@2.0.2 want: 2.1.1
1727 silly fetch manifest node-int64@^0.4.0
1728 silly packumentCache full:https://registry.npmjs.org/node-int64 cache-miss
1729 http fetch GET 200 https://registry.npmjs.org/node-int64 281ms (cache miss)
1730 silly packumentCache full:https://registry.npmjs.org/node-int64 set size:undefined disposed:false
1731 silly placeDep ROOT node-int64@0.4.0 OK for: bser@2.1.1 want: ^0.4.0
1732 silly placeDep ROOT terser@5.46.1 OK for: metro-minify-terser@0.83.3 want: ^5.15.0
1733 silly fetch manifest @jridgewell/source-map@^0.3.3
1734 silly packumentCache full:https://registry.npmjs.org/@jridgewell%2fsource-map cache-miss
1735 silly fetch manifest acorn@^8.15.0
1736 silly packumentCache full:https://registry.npmjs.org/acorn cache-miss
1737 silly fetch manifest commander@^2.20.0
1738 silly packumentCache full:https://registry.npmjs.org/commander cache-hit
1739 silly fetch manifest source-map-support@~0.5.20
1740 silly packumentCache full:https://registry.npmjs.org/source-map-support cache-miss
1741 http cache https://registry.npmjs.org/source-map-support 6ms (cache hit)
1742 silly packumentCache full:https://registry.npmjs.org/source-map-support set size:125488 disposed:false
1743 http fetch GET 200 https://registry.npmjs.org/acorn 84ms (cache miss)
1744 silly packumentCache full:https://registry.npmjs.org/acorn set size:undefined disposed:false
1745 http fetch GET 200 https://registry.npmjs.org/@jridgewell%2fsource-map 679ms (cache miss)
1746 silly packumentCache full:https://registry.npmjs.org/@jridgewell%2fsource-map set size:undefined disposed:false
1747 silly placeDep ROOT @babel/traverse--for-generate-function-map@7.29.0 OK for: metro-source-map@0.83.3 want: npm:@babel/traverse@^7.25.3
1748 silly placeDep ROOT ob1@0.83.3 OK for: metro-source-map@0.83.3 want: 0.83.3
1749 silly placeDep ROOT vlq@1.0.1 OK for: metro-source-map@0.83.3 want: ^1.0.0
1750 silly placeDep node_modules/@babel/traverse--for-generate-function-map @babel/code-frame@7.29.0 OK for: @babel/traverse@7.29.0 want: ^7.29.0
1751 silly placeDep ROOT braces@3.0.3 OK for: micromatch@4.0.8 want: ^3.0.3
1752 silly fetch manifest fill-range@^7.1.1
1753 silly packumentCache full:https://registry.npmjs.org/fill-range cache-miss
1754 http fetch GET 200 https://registry.npmjs.org/fill-range 48ms (cache miss)
1755 silly packumentCache full:https://registry.npmjs.org/fill-range set size:undefined disposed:false
1756 silly placeDep ROOT fill-range@7.1.1 OK for: braces@3.0.3 want: ^7.1.1
1757 silly fetch manifest to-regex-range@^5.0.1
1758 silly packumentCache full:https://registry.npmjs.org/to-regex-range cache-miss
1759 http fetch GET 200 https://registry.npmjs.org/to-regex-range 48ms (cache miss)
1760 silly packumentCache full:https://registry.npmjs.org/to-regex-range set size:undefined disposed:false
1761 silly placeDep ROOT to-regex-range@5.0.1 OK for: fill-range@7.1.1 want: ^5.0.1
1762 silly fetch manifest is-number@^7.0.0
1763 silly packumentCache full:https://registry.npmjs.org/is-number cache-miss
1764 http fetch GET 200 https://registry.npmjs.org/is-number 45ms (cache miss)
1765 silly packumentCache full:https://registry.npmjs.org/is-number set size:undefined disposed:false
1766 silly placeDep ROOT mime-db@1.52.0 OK for: mime-types@2.1.35 want: 1.52.0
1767 silly placeDep ROOT brace-expansion@2.1.0 OK for: minimatch@9.0.9 want: ^2.0.2
1768 silly fetch manifest balanced-match@^1.0.0
1769 silly packumentCache full:https://registry.npmjs.org/balanced-match cache-miss
1770 http fetch GET 200 https://registry.npmjs.org/balanced-match 126ms (cache miss)
1771 silly packumentCache full:https://registry.npmjs.org/balanced-match set size:undefined disposed:false
1772 silly placeDep ROOT balanced-match@1.0.2 OK for: brace-expansion@2.1.0 want: ^1.0.0
1773 silly placeDep ROOT ee-first@1.1.1 OK for: on-finished@2.3.0 want: 1.1.1
1774 silly placeDep ROOT yocto-queue@0.1.0 OK for: p-limit@3.1.0 want: ^0.1.0
1775 silly placeDep node_modules/path-scurry lru-cache@11.3.5 OK for: path-scurry@2.0.2 want: ^11.0.0
1776 silly placeDep node_modules/pretty-format ansi-styles@5.2.0 OK for: pretty-format@29.7.0 want: ^5.0.0
1777 silly placeDep ROOT react-is@18.3.1 OK for: pretty-format@29.7.0 want: ^18.0.0
1778 silly placeDep ROOT inherits@2.0.4 OK for: queue@6.0.2 want: ~2.0.3
1779 silly fetch manifest @babel/core@^7.8.0
1780 silly packumentCache full:https://registry.npmjs.org/@babel%2fcore cache-hit
1781 silly fetch manifest react@^19.1.0
1782 silly packumentCache full:https://registry.npmjs.org/react cache-miss
1783 http cache https://registry.npmjs.org/react 17ms (cache hit)
1784 silly packumentCache full:https://registry.npmjs.org/react set size:6613874 disposed:false
1785 silly fetch manifest @react-native-community/cli@*
1786 silly packumentCache full:https://registry.npmjs.org/@react-native-community%2fcli cache-miss
1787 http fetch GET 200 https://registry.npmjs.org/@react-native-community%2fcli 342ms (cache miss)
1788 silly packumentCache full:https://registry.npmjs.org/@react-native-community%2fcli set size:undefined disposed:false
1789 silly placeDep ROOT @jest/create-cache-key-function@29.7.0 OK for: react-native@0.81.5 want: ^29.7.0
1790 silly placeDep ROOT @react-native/assets-registry@0.81.5 OK for: react-native@0.81.5 want: 0.81.5
1791 silly placeDep ROOT @react-native/codegen@0.81.5 OK for: react-native@0.81.5 want: 0.81.5
1792 silly placeDep ROOT @react-native/community-cli-plugin@0.81.5 OK for: react-native@0.81.5 want: 0.81.5
1793 silly placeDep ROOT @react-native/gradle-plugin@0.81.5 OK for: react-native@0.81.5 want: 0.81.5
1794 silly placeDep ROOT @react-native/js-polyfills@0.81.5 OK for: react-native@0.81.5 want: 0.81.5
1795 silly placeDep ROOT @react-native/normalize-colors@0.81.5 OK for: react-native@0.81.5 want: 0.81.5
1796 silly placeDep node_modules/react-native @react-native/virtualized-lists@0.81.5 CONFLICT for: react-native@0.81.5 want: 0.81.5
1797 silly placeDep ROOT abort-controller@3.0.0 OK for: react-native@0.81.5 want: ^3.0.0
1798 silly placeDep ROOT anser@1.4.10 OK for: react-native@0.81.5 want: ^1.4.9
1799 silly placeDep ROOT ansi-regex@5.0.1 OK for: react-native@0.81.5 want: ^5.0.0
1800 silly placeDep ROOT babel-jest@29.7.0 OK for: react-native@0.81.5 want: ^29.7.0
1801 silly placeDep ROOT babel-plugin-syntax-hermes-parser@0.29.1 OK for: react-native@0.81.5 want: 0.29.1
1802 silly placeDep node_modules/react-native commander@12.1.0 OK for: react-native@0.81.5 want: ^12.0.0
1803 silly placeDep node_modules/react-native glob@7.2.3 OK for: react-native@0.81.5 want: ^7.1.1
1804 silly placeDep ROOT jest-environment-node@29.7.0 OK for: react-native@0.81.5 want: ^29.7.0
1805 silly placeDep ROOT memoize-one@5.2.1 OK for: react-native@0.81.5 want: ^5.0.0
1806 silly placeDep ROOT promise@8.3.0 OK for: react-native@0.81.5 want: ^8.3.0
1807 silly placeDep ROOT react-devtools-core@6.1.5 OK for: react-native@0.81.5 want: ^6.1.5
1808 silly placeDep ROOT regenerator-runtime@0.13.11 OK for: react-native@0.81.5 want: ^0.13.2
1809 silly placeDep ROOT scheduler@0.26.0 OK for: react-native@0.81.5 want: 0.26.0
1810 silly placeDep ROOT stacktrace-parser@0.1.11 OK for: react-native@0.81.5 want: ^0.1.10
1811 silly placeDep ROOT whatwg-fetch@3.6.20 OK for: react-native@0.81.5 want: ^3.0.0
1812 silly placeDep node_modules/react-native ws@6.2.3 OK for: react-native@0.81.5 want: ^6.2.3
1813 silly fetch manifest hermes-parser@0.29.1
1814 silly packumentCache full:https://registry.npmjs.org/hermes-parser cache-hit
1815 silly fetch manifest event-target-shim@^5.0.0
1816 silly packumentCache full:https://registry.npmjs.org/event-target-shim cache-miss
1817 silly fetch manifest @jest/transform@^29.7.0
1818 silly packumentCache full:https://registry.npmjs.org/@jest%2ftransform cache-miss
1819 silly fetch manifest babel-preset-jest@^29.6.3
1820 silly packumentCache full:https://registry.npmjs.org/babel-preset-jest cache-miss
1821 silly fetch manifest @types/babel__core@^7.1.14
1822 silly packumentCache full:https://registry.npmjs.org/@types%2fbabel__core cache-miss
1823 silly fetch manifest babel-plugin-istanbul@^6.1.1
1824 silly packumentCache full:https://registry.npmjs.org/babel-plugin-istanbul cache-miss
1825 silly fetch manifest hermes-parser@0.29.1
1826 silly packumentCache full:https://registry.npmjs.org/hermes-parser cache-hit
1827 silly fetch manifest once@^1.3.0
1828 silly packumentCache full:https://registry.npmjs.org/once cache-miss
1829 silly fetch manifest inflight@^1.0.4
1830 silly packumentCache full:https://registry.npmjs.org/inflight cache-miss
1831 silly fetch manifest minimatch@^3.1.1
1832 silly packumentCache full:https://registry.npmjs.org/minimatch cache-hit
1833 silly fetch manifest fs.realpath@^1.0.0
1834 silly packumentCache full:https://registry.npmjs.org/fs.realpath cache-miss
1835 silly fetch manifest path-is-absolute@^1.0.0
1836 silly packumentCache full:https://registry.npmjs.org/path-is-absolute cache-miss
1837 silly fetch manifest jest-mock@^29.7.0
1838 silly packumentCache full:https://registry.npmjs.org/jest-mock cache-miss
1839 silly fetch manifest @jest/environment@^29.7.0
1840 silly packumentCache full:https://registry.npmjs.org/@jest%2fenvironment cache-miss
1841 http fetch GET 200 https://registry.npmjs.org/event-target-shim 156ms (cache miss)
1842 silly packumentCache full:https://registry.npmjs.org/event-target-shim set size:undefined disposed:false
1843 silly fetch manifest @jest/fake-timers@^29.7.0
1844 silly packumentCache full:https://registry.npmjs.org/@jest%2ffake-timers cache-miss
1845 http fetch GET 200 https://registry.npmjs.org/inflight 316ms (cache miss)
1846 silly packumentCache full:https://registry.npmjs.org/inflight set size:undefined disposed:false
1847 silly fetch manifest asap@~2.0.6
1848 silly packumentCache full:https://registry.npmjs.org/asap cache-miss
1849 http fetch GET 200 https://registry.npmjs.org/path-is-absolute 318ms (cache miss)
1850 silly packumentCache full:https://registry.npmjs.org/path-is-absolute set size:undefined disposed:false
1851 silly fetch manifest shell-quote@^1.6.1
1852 silly packumentCache full:https://registry.npmjs.org/shell-quote cache-miss
1853 http fetch GET 200 https://registry.npmjs.org/once 321ms (cache miss)
1854 silly packumentCache full:https://registry.npmjs.org/once set size:undefined disposed:false
1855 silly fetch manifest type-fest@^0.7.1
1856 silly packumentCache full:https://registry.npmjs.org/type-fest cache-miss
1857 http fetch GET 200 https://registry.npmjs.org/babel-plugin-istanbul 338ms (cache miss)
1858 silly packumentCache full:https://registry.npmjs.org/babel-plugin-istanbul set size:undefined disposed:false
1859 silly fetch manifest async-limiter@~1.0.0
1860 silly packumentCache full:https://registry.npmjs.org/async-limiter cache-miss
1861 http fetch GET 200 https://registry.npmjs.org/babel-preset-jest 371ms (cache miss)
1862 silly packumentCache full:https://registry.npmjs.org/babel-preset-jest set size:undefined disposed:false
1863 http fetch GET 200 https://registry.npmjs.org/jest-mock 397ms (cache miss)
1864 silly packumentCache full:https://registry.npmjs.org/jest-mock set size:undefined disposed:false
1865 http fetch GET 200 https://registry.npmjs.org/asap 353ms (cache miss)
1866 silly packumentCache full:https://registry.npmjs.org/asap set size:undefined disposed:false
1867 http fetch GET 200 https://registry.npmjs.org/type-fest 351ms (cache miss)
1868 silly packumentCache full:https://registry.npmjs.org/type-fest set size:undefined disposed:false
1869 http fetch GET 200 https://registry.npmjs.org/@types%2fbabel__core 678ms (cache miss)
1870 silly packumentCache full:https://registry.npmjs.org/@types%2fbabel__core set size:undefined disposed:false
1871 http fetch GET 200 https://registry.npmjs.org/shell-quote 359ms (cache miss)
1872 silly packumentCache full:https://registry.npmjs.org/shell-quote set size:undefined disposed:false
1873 http fetch GET 200 https://registry.npmjs.org/async-limiter 341ms (cache miss)
1874 silly packumentCache full:https://registry.npmjs.org/async-limiter set size:undefined disposed:false
1875 http fetch GET 200 https://registry.npmjs.org/@jest%2ftransform 717ms (cache miss)
1876 silly packumentCache full:https://registry.npmjs.org/@jest%2ftransform set size:undefined disposed:false
1877 http fetch GET 200 https://registry.npmjs.org/@jest%2fenvironment 753ms (cache miss)
1878 silly packumentCache full:https://registry.npmjs.org/@jest%2fenvironment set size:undefined disposed:false
1879 http fetch GET 200 https://registry.npmjs.org/fs.realpath 764ms (cache miss)
1880 silly packumentCache full:https://registry.npmjs.org/fs.realpath set size:undefined disposed:false
1881 http fetch GET 200 https://registry.npmjs.org/@jest%2ffake-timers 736ms (cache miss)
1882 silly packumentCache full:https://registry.npmjs.org/@jest%2ffake-timers set size:undefined disposed:false
1883 silly placeDep node_modules/@react-native/codegen glob@7.2.3 OK for: @react-native/codegen@0.81.5 want: ^7.1.1
1884 silly placeDep node_modules/@react-native/codegen hermes-parser@0.29.1 OK for: @react-native/codegen@0.81.5 want: 0.29.1
1885 silly fetch manifest hermes-estree@0.29.1
1886 silly packumentCache full:https://registry.npmjs.org/hermes-estree cache-miss
1887 http cache https://registry.npmjs.org/hermes-estree 8ms (cache hit)
1888 silly packumentCache full:https://registry.npmjs.org/hermes-estree set size:125711 disposed:false
1889 silly placeDep ROOT @react-native/dev-middleware@0.81.5 OK for: @react-native/community-cli-plugin@0.81.5 want: 0.81.5
1890 silly fetch manifest open@^7.0.3
1891 silly packumentCache full:https://registry.npmjs.org/open cache-miss
1892 silly fetch manifest serve-static@^1.16.2
1893 silly packumentCache full:https://registry.npmjs.org/serve-static cache-miss
1894 silly fetch manifest chrome-launcher@^0.15.2
1895 silly packumentCache full:https://registry.npmjs.org/chrome-launcher cache-miss
1896 silly fetch manifest @isaacs/ttlcache@^1.4.1
1897 silly packumentCache full:https://registry.npmjs.org/@isaacs%2fttlcache cache-miss
1898 silly fetch manifest chromium-edge-launcher@^0.2.0
1899 silly packumentCache full:https://registry.npmjs.org/chromium-edge-launcher cache-miss
1900 silly fetch manifest @react-native/debugger-frontend@0.81.5
1901 silly packumentCache full:https://registry.npmjs.org/@react-native%2fdebugger-frontend cache-miss
1902 http fetch GET 200 https://registry.npmjs.org/serve-static 102ms (cache miss)
1903 silly packumentCache full:https://registry.npmjs.org/serve-static set size:undefined disposed:false
1904 http fetch GET 200 https://registry.npmjs.org/open 105ms (cache miss)
1905 silly packumentCache full:https://registry.npmjs.org/open set size:undefined disposed:false
1906 http fetch GET 200 https://registry.npmjs.org/chromium-edge-launcher 310ms (cache miss)
1907 silly packumentCache full:https://registry.npmjs.org/chromium-edge-launcher set size:undefined disposed:false
1908 http fetch GET 200 https://registry.npmjs.org/chrome-launcher 390ms (cache miss)
1909 silly packumentCache full:https://registry.npmjs.org/chrome-launcher set size:undefined disposed:false
1910 http fetch GET 200 https://registry.npmjs.org/@isaacs%2fttlcache 716ms (cache miss)
1911 silly packumentCache full:https://registry.npmjs.org/@isaacs%2fttlcache set size:undefined disposed:false
1912 http fetch GET 200 https://registry.npmjs.org/@react-native%2fdebugger-frontend 900ms (cache miss)
1913 silly packumentCache full:https://registry.npmjs.org/@react-native%2fdebugger-frontend set size:undefined disposed:false
1914 silly placeDep ROOT @isaacs/ttlcache@1.4.1 OK for: @react-native/dev-middleware@0.81.5 want: ^1.4.1
1915 silly placeDep ROOT @react-native/debugger-frontend@0.81.5 OK for: @react-native/dev-middleware@0.81.5 want: 0.81.5
1916 silly placeDep ROOT chrome-launcher@0.15.2 OK for: @react-native/dev-middleware@0.81.5 want: ^0.15.2
1917 silly placeDep ROOT chromium-edge-launcher@0.2.0 OK for: @react-native/dev-middleware@0.81.5 want: ^0.2.0
1918 silly placeDep ROOT open@7.4.2 OK for: @react-native/dev-middleware@0.81.5 want: ^7.0.3
1919 silly placeDep ROOT serve-static@1.16.3 OK for: @react-native/dev-middleware@0.81.5 want: ^1.16.2
1920 silly placeDep node_modules/@react-native/dev-middleware ws@6.2.3 OK for: @react-native/dev-middleware@0.81.5 want: ^6.2.3
1921 silly fetch manifest is-wsl@^2.2.0
1922 silly packumentCache full:https://registry.npmjs.org/is-wsl cache-miss
1923 silly fetch manifest lighthouse-logger@^1.0.0
1924 silly packumentCache full:https://registry.npmjs.org/lighthouse-logger cache-miss
1925 silly fetch manifest escape-string-regexp@^4.0.0
1926 silly packumentCache full:https://registry.npmjs.org/escape-string-regexp cache-miss
1927 silly fetch manifest is-wsl@^2.2.0
1928 silly packumentCache full:https://registry.npmjs.org/is-wsl cache-miss
1929 silly fetch manifest mkdirp@^1.0.4
1930 silly packumentCache full:https://registry.npmjs.org/mkdirp cache-miss
1931 silly fetch manifest rimraf@^3.0.2
1932 silly packumentCache full:https://registry.npmjs.org/rimraf cache-miss
1933 silly fetch manifest lighthouse-logger@^1.0.0
1934 silly packumentCache full:https://registry.npmjs.org/lighthouse-logger cache-miss
1935 silly fetch manifest escape-string-regexp@^4.0.0
1936 silly packumentCache full:https://registry.npmjs.org/escape-string-regexp cache-miss
1937 silly fetch manifest is-wsl@^2.1.1
1938 silly packumentCache full:https://registry.npmjs.org/is-wsl cache-miss
1939 silly fetch manifest is-docker@^2.0.0
1940 silly packumentCache full:https://registry.npmjs.org/is-docker cache-miss
1941 silly fetch manifest send@~0.19.1
1942 silly packumentCache full:https://registry.npmjs.org/send cache-miss
1943 http cache https://registry.npmjs.org/escape-string-regexp 16ms (cache hit)
1944 silly packumentCache full:https://registry.npmjs.org/escape-string-regexp set size:22244 disposed:false
1945 silly fetch manifest encodeurl@~2.0.0
1946 silly packumentCache full:https://registry.npmjs.org/encodeurl cache-miss
1947 http cache https://registry.npmjs.org/send 16ms (cache hit)
1948 silly packumentCache full:https://registry.npmjs.org/send set size:152810 disposed:false
1949 http cache https://registry.npmjs.org/escape-string-regexp 19ms (cache hit)
1950 silly packumentCache full:https://registry.npmjs.org/escape-string-regexp set size:22244 disposed:false
1951 silly packumentCache full:https://registry.npmjs.org/escape-string-regexp dispose
1952 http cache https://registry.npmjs.org/encodeurl 6ms (cache hit)
1953 silly packumentCache full:https://registry.npmjs.org/encodeurl set size:12296 disposed:false
1954 http fetch GET 200 https://registry.npmjs.org/is-wsl 57ms (cache miss)
1955 silly packumentCache full:https://registry.npmjs.org/is-wsl set size:undefined disposed:false
1956 http fetch GET 200 https://registry.npmjs.org/is-wsl 57ms (cache miss)
1957 silly packumentCache full:https://registry.npmjs.org/is-wsl set size:undefined disposed:false
1958 http fetch GET 200 https://registry.npmjs.org/is-wsl 59ms (cache miss)
1959 silly packumentCache full:https://registry.npmjs.org/is-wsl set size:undefined disposed:false
1960 http fetch GET 200 https://registry.npmjs.org/mkdirp 71ms (cache miss)
1961 silly packumentCache full:https://registry.npmjs.org/mkdirp set size:undefined disposed:false
1962 http fetch GET 200 https://registry.npmjs.org/lighthouse-logger 308ms (cache miss)
1963 silly packumentCache full:https://registry.npmjs.org/lighthouse-logger set size:undefined disposed:false
1964 http fetch GET 200 https://registry.npmjs.org/is-docker 308ms (cache miss)
1965 silly packumentCache full:https://registry.npmjs.org/is-docker set size:undefined disposed:false
1966 http fetch GET 200 https://registry.npmjs.org/lighthouse-logger 312ms (cache miss)
1967 silly packumentCache full:https://registry.npmjs.org/lighthouse-logger set size:undefined disposed:false
1968 http fetch GET 200 https://registry.npmjs.org/rimraf 361ms (cache miss)
1969 silly packumentCache full:https://registry.npmjs.org/rimraf set size:undefined disposed:false
1970 silly placeDep ROOT event-target-shim@5.0.1 OK for: abort-controller@3.0.0 want: ^5.0.0
1971 silly placeDep ROOT @jest/transform@29.7.0 OK for: babel-jest@29.7.0 want: ^29.7.0
1972 silly placeDep ROOT @types/babel__core@7.20.5 OK for: babel-jest@29.7.0 want: ^7.1.14
1973 silly placeDep ROOT babel-plugin-istanbul@6.1.1 OK for: babel-jest@29.7.0 want: ^6.1.1
1974 silly placeDep ROOT babel-preset-jest@29.6.3 OK for: babel-jest@29.7.0 want: ^29.6.3
1975 silly placeDep node_modules/babel-jest chalk@4.1.2 OK for: babel-jest@29.7.0 want: ^4.0.0
1976 silly fetch manifest pirates@^4.0.4
1977 silly packumentCache full:https://registry.npmjs.org/pirates cache-miss
1978 silly fetch manifest jest-haste-map@^29.7.0
1979 silly packumentCache full:https://registry.npmjs.org/jest-haste-map cache-miss
1980 silly fetch manifest jest-regex-util@^29.6.3
1981 silly packumentCache full:https://registry.npmjs.org/jest-regex-util cache-miss
1982 silly fetch manifest write-file-atomic@^4.0.2
1983 silly packumentCache full:https://registry.npmjs.org/write-file-atomic cache-miss
1984 silly fetch manifest fast-json-stable-stringify@^2.1.0
1985 silly packumentCache full:https://registry.npmjs.org/fast-json-stable-stringify cache-miss
1986 silly fetch manifest @types/babel__template@*
1987 silly packumentCache full:https://registry.npmjs.org/@types%2fbabel__template cache-miss
1988 silly fetch manifest @types/babel__traverse@*
1989 silly packumentCache full:https://registry.npmjs.org/@types%2fbabel__traverse cache-miss
1990 silly fetch manifest @types/babel__generator@*
1991 silly packumentCache full:https://registry.npmjs.org/@types%2fbabel__generator cache-miss
1992 silly fetch manifest test-exclude@^6.0.0
1993 silly packumentCache full:https://registry.npmjs.org/test-exclude cache-miss
1994 silly fetch manifest @istanbuljs/schema@^0.1.2
1995 silly packumentCache full:https://registry.npmjs.org/@istanbuljs%2fschema cache-miss
1996 silly fetch manifest istanbul-lib-instrument@^5.0.4
1997 silly packumentCache full:https://registry.npmjs.org/istanbul-lib-instrument cache-miss
1998 http cache https://registry.npmjs.org/pirates 11ms (cache hit)
1999 silly packumentCache full:https://registry.npmjs.org/pirates set size:51327 disposed:false
2000 silly fetch manifest @babel/helper-plugin-utils@^7.0.0
2001 silly packumentCache full:https://registry.npmjs.org/@babel%2fhelper-plugin-utils cache-miss
2002 http fetch GET 200 https://registry.npmjs.org/write-file-atomic 70ms (cache miss)
2003 silly packumentCache full:https://registry.npmjs.org/write-file-atomic set size:undefined disposed:false
2004 silly fetch manifest @istanbuljs/load-nyc-config@^1.0.0
2005 silly packumentCache full:https://registry.npmjs.org/@istanbuljs%2fload-nyc-config cache-miss
2006 http fetch GET 200 https://registry.npmjs.org/fast-json-stable-stringify 72ms (cache miss)
2007 silly packumentCache full:https://registry.npmjs.org/fast-json-stable-stringify set size:undefined disposed:false
2008 silly fetch manifest babel-plugin-jest-hoist@^29.6.3
2009 silly packumentCache full:https://registry.npmjs.org/babel-plugin-jest-hoist cache-miss
2010 http fetch GET 200 https://registry.npmjs.org/@babel%2fhelper-plugin-utils 84ms (cache miss)
2011 silly packumentCache full:https://registry.npmjs.org/@babel%2fhelper-plugin-utils set size:undefined disposed:false
2012 silly fetch manifest babel-preset-current-node-syntax@^1.0.0
2013 silly packumentCache full:https://registry.npmjs.org/babel-preset-current-node-syntax cache-miss
2014 http fetch GET 200 https://registry.npmjs.org/test-exclude 326ms (cache miss)
2015 silly packumentCache full:https://registry.npmjs.org/test-exclude set size:undefined disposed:false
2016 http fetch GET 200 https://registry.npmjs.org/istanbul-lib-instrument 329ms (cache miss)
2017 silly packumentCache full:https://registry.npmjs.org/istanbul-lib-instrument set size:undefined disposed:false
2018 http fetch GET 200 https://registry.npmjs.org/jest-haste-map 350ms (cache miss)
2019 silly packumentCache full:https://registry.npmjs.org/jest-haste-map set size:undefined disposed:false
2020 http fetch GET 200 https://registry.npmjs.org/jest-regex-util 421ms (cache miss)
2021 silly packumentCache full:https://registry.npmjs.org/jest-regex-util set size:undefined disposed:false
2022 http fetch GET 200 https://registry.npmjs.org/babel-preset-current-node-syntax 326ms (cache miss)
2023 silly packumentCache full:https://registry.npmjs.org/babel-preset-current-node-syntax set size:undefined disposed:false
2024 http fetch GET 200 https://registry.npmjs.org/@types%2fbabel__template 568ms (cache miss)
2025 silly packumentCache full:https://registry.npmjs.org/@types%2fbabel__template set size:undefined disposed:false
2026 http fetch GET 200 https://registry.npmjs.org/babel-plugin-jest-hoist 495ms (cache miss)
2027 silly packumentCache full:https://registry.npmjs.org/babel-plugin-jest-hoist set size:undefined disposed:false
2028 http fetch GET 200 https://registry.npmjs.org/@types%2fbabel__traverse 649ms (cache miss)
2029 silly packumentCache full:https://registry.npmjs.org/@types%2fbabel__traverse set size:undefined disposed:false
2030 http fetch GET 200 https://registry.npmjs.org/@istanbuljs%2fload-nyc-config 673ms (cache miss)
2031 silly packumentCache full:https://registry.npmjs.org/@istanbuljs%2fload-nyc-config set size:undefined disposed:false
2032 http fetch GET 200 https://registry.npmjs.org/@types%2fbabel__generator 1066ms (cache miss)
2033 silly packumentCache full:https://registry.npmjs.org/@types%2fbabel__generator set size:undefined disposed:false
2034 http fetch GET 200 https://registry.npmjs.org/@istanbuljs%2fschema 1155ms (cache miss)
2035 silly packumentCache full:https://registry.npmjs.org/@istanbuljs%2fschema set size:undefined disposed:false
2036 silly placeDep node_modules/@jest/transform chalk@4.1.2 OK for: @jest/transform@29.7.0 want: ^4.0.0
2037 silly placeDep ROOT fast-json-stable-stringify@2.1.0 OK for: @jest/transform@29.7.0 want: ^2.1.0
2038 silly placeDep ROOT jest-haste-map@29.7.0 OK for: @jest/transform@29.7.0 want: ^29.7.0
2039 silly placeDep ROOT jest-regex-util@29.6.3 OK for: @jest/transform@29.7.0 want: ^29.6.3
2040 silly placeDep ROOT pirates@4.0.7 OK for: @jest/transform@29.7.0 want: ^4.0.4
2041 silly placeDep ROOT write-file-atomic@4.0.2 OK for: @jest/transform@29.7.0 want: ^4.0.2
2042 silly fetch manifest anymatch@^3.0.3
2043 silly packumentCache full:https://registry.npmjs.org/anymatch cache-miss
2044 silly fetch manifest @types/graceful-fs@^4.1.3
2045 silly packumentCache full:https://registry.npmjs.org/@types%2fgraceful-fs cache-miss
2046 silly fetch manifest fsevents@^2.3.2
2047 silly packumentCache full:https://registry.npmjs.org/fsevents cache-miss
2048 silly fetch manifest imurmurhash@^0.1.4
2049 silly packumentCache full:https://registry.npmjs.org/imurmurhash cache-miss
2050 silly fetch manifest signal-exit@^3.0.7
2051 silly packumentCache full:https://registry.npmjs.org/signal-exit cache-miss
2052 http fetch GET 200 https://registry.npmjs.org/anymatch 54ms (cache miss)
2053 silly packumentCache full:https://registry.npmjs.org/anymatch set size:undefined disposed:false
2054 http fetch GET 200 https://registry.npmjs.org/signal-exit 61ms (cache miss)
2055 silly packumentCache full:https://registry.npmjs.org/signal-exit set size:undefined disposed:false
2056 http fetch GET 200 https://registry.npmjs.org/imurmurhash 69ms (cache miss)
2057 silly packumentCache full:https://registry.npmjs.org/imurmurhash set size:undefined disposed:false
2058 http fetch GET 200 https://registry.npmjs.org/fsevents 70ms (cache miss)
2059 silly packumentCache full:https://registry.npmjs.org/fsevents set size:undefined disposed:false
2060 http fetch GET 200 https://registry.npmjs.org/@types%2fgraceful-fs 563ms (cache miss)
2061 silly packumentCache full:https://registry.npmjs.org/@types%2fgraceful-fs set size:undefined disposed:false
2062 silly placeDep ROOT @types/babel__generator@7.27.0 OK for: @types/babel__core@7.20.5 want: *
2063 silly placeDep ROOT @types/babel__template@7.4.4 OK for: @types/babel__core@7.20.5 want: *
2064 silly placeDep ROOT @types/babel__traverse@7.28.0 OK for: @types/babel__core@7.20.5 want: *
2065 silly placeDep ROOT @babel/helper-plugin-utils@7.28.6 OK for: babel-plugin-istanbul@6.1.1 want: ^7.0.0
2066 silly placeDep ROOT @istanbuljs/load-nyc-config@1.1.0 OK for: babel-plugin-istanbul@6.1.1 want: ^1.0.0
2067 silly placeDep ROOT @istanbuljs/schema@0.1.6 OK for: babel-plugin-istanbul@6.1.1 want: ^0.1.2
2068 silly placeDep ROOT istanbul-lib-instrument@5.2.1 OK for: babel-plugin-istanbul@6.1.1 want: ^5.0.4
2069 silly placeDep ROOT test-exclude@6.0.0 OK for: babel-plugin-istanbul@6.1.1 want: ^6.0.0
2070 silly fetch manifest camelcase@^5.3.1
2071 silly packumentCache full:https://registry.npmjs.org/camelcase cache-miss
2072 silly fetch manifest find-up@^4.1.0
2073 silly packumentCache full:https://registry.npmjs.org/find-up cache-miss
2074 silly fetch manifest get-package-type@^0.1.0
2075 silly packumentCache full:https://registry.npmjs.org/get-package-type cache-miss
2076 silly fetch manifest js-yaml@^3.13.1
2077 silly packumentCache full:https://registry.npmjs.org/js-yaml cache-miss
2078 silly fetch manifest semver@^6.3.0
2079 silly packumentCache full:https://registry.npmjs.org/semver cache-hit
2080 silly fetch manifest istanbul-lib-coverage@^3.2.0
2081 silly packumentCache full:https://registry.npmjs.org/istanbul-lib-coverage cache-miss
2082 silly fetch manifest glob@^7.1.4
2083 silly packumentCache full:https://registry.npmjs.org/glob cache-hit
2084 silly fetch manifest minimatch@^3.0.4
2085 silly packumentCache full:https://registry.npmjs.org/minimatch cache-hit
2086 http cache https://registry.npmjs.org/camelcase 9ms (cache hit)
2087 silly packumentCache full:https://registry.npmjs.org/camelcase set size:60255 disposed:false
2088 http fetch GET 200 https://registry.npmjs.org/find-up 81ms (cache miss)
2089 silly packumentCache full:https://registry.npmjs.org/find-up set size:undefined disposed:false
2090 http fetch GET 200 https://registry.npmjs.org/js-yaml 87ms (cache miss)
2091 silly packumentCache full:https://registry.npmjs.org/js-yaml set size:undefined disposed:false
2092 http fetch GET 200 https://registry.npmjs.org/get-package-type 293ms (cache miss)
2093 silly packumentCache full:https://registry.npmjs.org/get-package-type set size:undefined disposed:false
2094 http fetch GET 200 https://registry.npmjs.org/istanbul-lib-coverage 391ms (cache miss)
2095 silly packumentCache full:https://registry.npmjs.org/istanbul-lib-coverage set size:undefined disposed:false
2096 silly placeDep node_modules/@istanbuljs/load-nyc-config camelcase@5.3.1 OK for: @istanbuljs/load-nyc-config@1.1.0 want: ^5.3.1
2097 silly placeDep ROOT find-up@4.1.0 OK for: @istanbuljs/load-nyc-config@1.1.0 want: ^4.1.0
2098 silly placeDep ROOT get-package-type@0.1.0 OK for: @istanbuljs/load-nyc-config@1.1.0 want: ^0.1.0
2099 silly placeDep ROOT js-yaml@3.14.2 OK for: @istanbuljs/load-nyc-config@1.1.0 want: ^3.13.1
2100 silly fetch manifest locate-path@^5.0.0
2101 silly packumentCache full:https://registry.npmjs.org/locate-path cache-miss
2102 silly fetch manifest path-exists@^4.0.0
2103 silly packumentCache full:https://registry.npmjs.org/path-exists cache-miss
2104 silly fetch manifest esprima@^4.0.0
2105 silly packumentCache full:https://registry.npmjs.org/esprima cache-miss
2106 silly fetch manifest argparse@^1.0.7
2107 silly packumentCache full:https://registry.npmjs.org/argparse cache-miss
2108 http fetch GET 200 https://registry.npmjs.org/path-exists 168ms (cache miss)
2109 silly packumentCache full:https://registry.npmjs.org/path-exists set size:undefined disposed:false
2110 http fetch GET 200 https://registry.npmjs.org/locate-path 176ms (cache miss)
2111 silly packumentCache full:https://registry.npmjs.org/locate-path set size:undefined disposed:false
2112 http fetch GET 200 https://registry.npmjs.org/argparse 177ms (cache miss)
2113 silly packumentCache full:https://registry.npmjs.org/argparse set size:undefined disposed:false
2114 http fetch GET 200 https://registry.npmjs.org/esprima 340ms (cache miss)
2115 silly packumentCache full:https://registry.npmjs.org/esprima set size:undefined disposed:false
2116 silly placeDep node_modules/babel-plugin-syntax-hermes-parser hermes-parser@0.29.1 OK for: babel-plugin-syntax-hermes-parser@0.29.1 want: 0.29.1
2117 silly placeDep ROOT babel-plugin-jest-hoist@29.6.3 OK for: babel-preset-jest@29.6.3 want: ^29.6.3
2118 silly placeDep ROOT babel-preset-current-node-syntax@1.2.0 OK for: babel-preset-jest@29.6.3 want: ^1.0.0
2119 silly fetch manifest @babel/plugin-syntax-async-generators@^7.8.4
2120 silly packumentCache full:https://registry.npmjs.org/@babel%2fplugin-syntax-async-generators cache-miss
2121 silly fetch manifest @babel/plugin-syntax-bigint@^7.8.3
2122 silly packumentCache full:https://registry.npmjs.org/@babel%2fplugin-syntax-bigint cache-miss
2123 silly fetch manifest @babel/plugin-syntax-class-properties@^7.12.13
2124 silly packumentCache full:https://registry.npmjs.org/@babel%2fplugin-syntax-class-properties cache-miss
2125 silly fetch manifest @babel/plugin-syntax-class-static-block@^7.14.5
2126 silly packumentCache full:https://registry.npmjs.org/@babel%2fplugin-syntax-class-static-block cache-miss
2127 silly fetch manifest @babel/plugin-syntax-import-attributes@^7.24.7
2128 silly packumentCache full:https://registry.npmjs.org/@babel%2fplugin-syntax-import-attributes cache-miss
2129 silly fetch manifest @babel/plugin-syntax-import-meta@^7.10.4
2130 silly packumentCache full:https://registry.npmjs.org/@babel%2fplugin-syntax-import-meta cache-miss
2131 silly fetch manifest @babel/plugin-syntax-json-strings@^7.8.3
2132 silly packumentCache full:https://registry.npmjs.org/@babel%2fplugin-syntax-json-strings cache-miss
2133 silly fetch manifest @babel/plugin-syntax-logical-assignment-operators@^7.10.4
2134 silly packumentCache full:https://registry.npmjs.org/@babel%2fplugin-syntax-logical-assignment-operators cache-miss
2135 silly fetch manifest @babel/plugin-syntax-nullish-coalescing-operator@^7.8.3
2136 silly packumentCache full:https://registry.npmjs.org/@babel%2fplugin-syntax-nullish-coalescing-operator cache-miss
2137 silly fetch manifest @babel/plugin-syntax-numeric-separator@^7.10.4
2138 silly packumentCache full:https://registry.npmjs.org/@babel%2fplugin-syntax-numeric-separator cache-miss
2139 silly fetch manifest @babel/plugin-syntax-object-rest-spread@^7.8.3
2140 silly packumentCache full:https://registry.npmjs.org/@babel%2fplugin-syntax-object-rest-spread cache-miss
2141 http fetch GET 200 https://registry.npmjs.org/@babel%2fplugin-syntax-async-generators 568ms (cache miss)
2142 silly packumentCache full:https://registry.npmjs.org/@babel%2fplugin-syntax-async-generators set size:undefined disposed:false
2143 silly fetch manifest @babel/plugin-syntax-optional-catch-binding@^7.8.3
2144 silly packumentCache full:https://registry.npmjs.org/@babel%2fplugin-syntax-optional-catch-binding cache-miss
2145 http fetch GET 200 https://registry.npmjs.org/@babel%2fplugin-syntax-class-static-block 572ms (cache miss)
2146 silly packumentCache full:https://registry.npmjs.org/@babel%2fplugin-syntax-class-static-block set size:undefined disposed:false
2147 silly fetch manifest @babel/plugin-syntax-optional-chaining@^7.8.3
2148 silly packumentCache full:https://registry.npmjs.org/@babel%2fplugin-syntax-optional-chaining cache-miss
2149 http fetch GET 200 https://registry.npmjs.org/@babel%2fplugin-syntax-nullish-coalescing-operator 582ms (cache miss)
2150 silly packumentCache full:https://registry.npmjs.org/@babel%2fplugin-syntax-nullish-coalescing-operator set size:undefined disposed:false
2151 silly fetch manifest @babel/plugin-syntax-private-property-in-object@^7.14.5
2152 silly packumentCache full:https://registry.npmjs.org/@babel%2fplugin-syntax-private-property-in-object cache-miss
2153 http fetch GET 200 https://registry.npmjs.org/@babel%2fplugin-syntax-class-properties 584ms (cache miss)
2154 silly packumentCache full:https://registry.npmjs.org/@babel%2fplugin-syntax-class-properties set size:undefined disposed:false
2155 silly fetch manifest @babel/plugin-syntax-top-level-await@^7.14.5
2156 silly packumentCache full:https://registry.npmjs.org/@babel%2fplugin-syntax-top-level-await cache-miss
2157 http fetch GET 200 https://registry.npmjs.org/@babel%2fplugin-syntax-bigint 594ms (cache miss)
2158 silly packumentCache full:https://registry.npmjs.org/@babel%2fplugin-syntax-bigint set size:undefined disposed:false
2159 http fetch GET 200 https://registry.npmjs.org/@babel%2fplugin-syntax-import-attributes 594ms (cache miss)
2160 silly packumentCache full:https://registry.npmjs.org/@babel%2fplugin-syntax-import-attributes set size:undefined disposed:false
2161 http fetch GET 200 https://registry.npmjs.org/@babel%2fplugin-syntax-logical-assignment-operators 595ms (cache miss)
2162 silly packumentCache full:https://registry.npmjs.org/@babel%2fplugin-syntax-logical-assignment-operators set size:undefined disposed:false
2163 http fetch GET 200 https://registry.npmjs.org/@babel%2fplugin-syntax-object-rest-spread 596ms (cache miss)
2164 silly packumentCache full:https://registry.npmjs.org/@babel%2fplugin-syntax-object-rest-spread set size:undefined disposed:false
2165 http fetch GET 200 https://registry.npmjs.org/@babel%2fplugin-syntax-json-strings 596ms (cache miss)
2166 silly packumentCache full:https://registry.npmjs.org/@babel%2fplugin-syntax-json-strings set size:undefined disposed:false
2167 http fetch GET 200 https://registry.npmjs.org/@babel%2fplugin-syntax-numeric-separator 597ms (cache miss)
2168 silly packumentCache full:https://registry.npmjs.org/@babel%2fplugin-syntax-numeric-separator set size:undefined disposed:false
2169 http fetch GET 200 https://registry.npmjs.org/@babel%2fplugin-syntax-import-meta 821ms (cache miss)
2170 silly packumentCache full:https://registry.npmjs.org/@babel%2fplugin-syntax-import-meta set size:undefined disposed:false
2171 http fetch GET 200 https://registry.npmjs.org/@babel%2fplugin-syntax-top-level-await 652ms (cache miss)
2172 silly packumentCache full:https://registry.npmjs.org/@babel%2fplugin-syntax-top-level-await set size:undefined disposed:false
2173 http fetch GET 200 https://registry.npmjs.org/@babel%2fplugin-syntax-private-property-in-object 657ms (cache miss)
2174 silly packumentCache full:https://registry.npmjs.org/@babel%2fplugin-syntax-private-property-in-object set size:undefined disposed:false
2175 http fetch GET 200 https://registry.npmjs.org/@babel%2fplugin-syntax-optional-chaining 667ms (cache miss)
2176 silly packumentCache full:https://registry.npmjs.org/@babel%2fplugin-syntax-optional-chaining set size:undefined disposed:false
2177 http fetch GET 200 https://registry.npmjs.org/@babel%2fplugin-syntax-optional-catch-binding 675ms (cache miss)
2178 silly packumentCache full:https://registry.npmjs.org/@babel%2fplugin-syntax-optional-catch-binding set size:undefined disposed:false
2179 silly fetch manifest @babel/core@^7.0.0 || ^8.0.0-0
2180 silly packumentCache full:https://registry.npmjs.org/@babel%2fcore cache-hit
2181 silly placeDep ROOT @babel/plugin-syntax-async-generators@7.8.4 OK for: babel-preset-current-node-syntax@1.2.0 want: ^7.8.4
2182 silly placeDep ROOT @babel/plugin-syntax-bigint@7.8.3 OK for: babel-preset-current-node-syntax@1.2.0 want: ^7.8.3
2183 silly placeDep ROOT @babel/plugin-syntax-class-properties@7.12.13 OK for: babel-preset-current-node-syntax@1.2.0 want: ^7.12.13
2184 silly placeDep ROOT @babel/plugin-syntax-class-static-block@7.14.5 OK for: babel-preset-current-node-syntax@1.2.0 want: ^7.14.5
2185 silly placeDep ROOT @babel/plugin-syntax-import-attributes@7.28.6 OK for: babel-preset-current-node-syntax@1.2.0 want: ^7.24.7
2186 silly placeDep ROOT @babel/plugin-syntax-import-meta@7.10.4 OK for: babel-preset-current-node-syntax@1.2.0 want: ^7.10.4
2187 silly placeDep ROOT @babel/plugin-syntax-json-strings@7.8.3 OK for: babel-preset-current-node-syntax@1.2.0 want: ^7.8.3
2188 silly placeDep ROOT @babel/plugin-syntax-logical-assignment-operators@7.10.4 OK for: babel-preset-current-node-syntax@1.2.0 want: ^7.10.4
2189 silly placeDep ROOT @babel/plugin-syntax-nullish-coalescing-operator@7.8.3 OK for: babel-preset-current-node-syntax@1.2.0 want: ^7.8.3
2190 silly placeDep ROOT @babel/plugin-syntax-numeric-separator@7.10.4 OK for: babel-preset-current-node-syntax@1.2.0 want: ^7.10.4
2191 silly placeDep ROOT @babel/plugin-syntax-object-rest-spread@7.8.3 OK for: babel-preset-current-node-syntax@1.2.0 want: ^7.8.3
2192 silly placeDep ROOT @babel/plugin-syntax-optional-catch-binding@7.8.3 OK for: babel-preset-current-node-syntax@1.2.0 want: ^7.8.3
2193 silly placeDep ROOT @babel/plugin-syntax-optional-chaining@7.8.3 OK for: babel-preset-current-node-syntax@1.2.0 want: ^7.8.3
2194 silly placeDep ROOT @babel/plugin-syntax-private-property-in-object@7.14.5 OK for: babel-preset-current-node-syntax@1.2.0 want: ^7.14.5
2195 silly placeDep ROOT @babel/plugin-syntax-top-level-await@7.14.5 OK for: babel-preset-current-node-syntax@1.2.0 want: ^7.14.5
2196 silly placeDep node_modules/chrome-launcher escape-string-regexp@4.0.0 OK for: chrome-launcher@0.15.2 want: ^4.0.0
2197 silly placeDep ROOT is-wsl@2.2.0 OK for: chrome-launcher@0.15.2 want: ^2.2.0
2198 silly placeDep ROOT lighthouse-logger@1.4.2 OK for: chrome-launcher@0.15.2 want: ^1.0.0
2199 silly fetch manifest debug@^2.6.9
2200 silly packumentCache full:https://registry.npmjs.org/debug cache-hit
2201 silly fetch manifest marky@^1.2.2
2202 silly packumentCache full:https://registry.npmjs.org/marky cache-miss
2203 http fetch GET 200 https://registry.npmjs.org/marky 577ms (cache miss)
2204 silly packumentCache full:https://registry.npmjs.org/marky set size:undefined disposed:false
2205 silly placeDep node_modules/chromium-edge-launcher escape-string-regexp@4.0.0 OK for: chromium-edge-launcher@0.2.0 want: ^4.0.0
2206 silly placeDep ROOT mkdirp@1.0.4 OK for: chromium-edge-launcher@0.2.0 want: ^1.0.4
2207 silly placeDep ROOT rimraf@3.0.2 OK for: chromium-edge-launcher@0.2.0 want: ^3.0.2
2208 silly fetch manifest glob@^7.1.3
2209 silly packumentCache full:https://registry.npmjs.org/glob cache-hit
2210 silly placeDep ROOT locate-path@5.0.0 OK for: find-up@4.1.0 want: ^5.0.0
2211 silly placeDep ROOT path-exists@4.0.0 OK for: find-up@4.1.0 want: ^4.0.0
2212 silly fetch manifest p-locate@^4.1.0
2213 silly packumentCache full:https://registry.npmjs.org/p-locate cache-miss
2214 http fetch GET 200 https://registry.npmjs.org/p-locate 356ms (cache miss)
2215 silly packumentCache full:https://registry.npmjs.org/p-locate set size:undefined disposed:false
2216 silly placeDep ROOT is-docker@2.2.1 OK for: is-wsl@2.2.0 want: ^2.0.0
2217 silly placeDep ROOT istanbul-lib-coverage@3.2.2 OK for: istanbul-lib-instrument@5.2.1 want: ^3.2.0
2218 silly placeDep node_modules/istanbul-lib-instrument semver@6.3.1 OK for: istanbul-lib-instrument@5.2.1 want: ^6.3.0
2219 silly placeDep ROOT @jest/environment@29.7.0 OK for: jest-environment-node@29.7.0 want: ^29.7.0
2220 silly placeDep ROOT @jest/fake-timers@29.7.0 OK for: jest-environment-node@29.7.0 want: ^29.7.0
2221 silly placeDep ROOT jest-mock@29.7.0 OK for: jest-environment-node@29.7.0 want: ^29.7.0
2222 silly fetch manifest jest-message-util@^29.7.0
2223 silly packumentCache full:https://registry.npmjs.org/jest-message-util cache-miss
2224 silly fetch manifest @sinonjs/fake-timers@^10.0.2
2225 silly packumentCache full:https://registry.npmjs.org/@sinonjs%2ffake-timers cache-miss
2226 http fetch GET 200 https://registry.npmjs.org/jest-message-util 354ms (cache miss)
2227 silly packumentCache full:https://registry.npmjs.org/jest-message-util set size:undefined disposed:false
2228 http fetch GET 200 https://registry.npmjs.org/@sinonjs%2ffake-timers 815ms (cache miss)
2229 silly packumentCache full:https://registry.npmjs.org/@sinonjs%2ffake-timers set size:undefined disposed:false
2230 silly placeDep ROOT @sinonjs/fake-timers@10.3.0 OK for: @jest/fake-timers@29.7.0 want: ^10.0.2
2231 silly placeDep ROOT jest-message-util@29.7.0 OK for: @jest/fake-timers@29.7.0 want: ^29.7.0
2232 silly fetch manifest @sinonjs/commons@^3.0.0
2233 silly packumentCache full:https://registry.npmjs.org/@sinonjs%2fcommons cache-miss
2234 silly fetch manifest stack-utils@^2.0.3
2235 silly packumentCache full:https://registry.npmjs.org/stack-utils cache-miss
2236 silly fetch manifest @babel/code-frame@^7.12.13
2237 silly packumentCache full:https://registry.npmjs.org/@babel%2fcode-frame cache-hit
2238 silly fetch manifest @types/stack-utils@^2.0.0
2239 silly packumentCache full:https://registry.npmjs.org/@types%2fstack-utils cache-miss
2240 http fetch GET 200 https://registry.npmjs.org/stack-utils 308ms (cache miss)
2241 silly packumentCache full:https://registry.npmjs.org/stack-utils set size:undefined disposed:false
2242 http fetch GET 200 https://registry.npmjs.org/@types%2fstack-utils 658ms (cache miss)
2243 silly packumentCache full:https://registry.npmjs.org/@types%2fstack-utils set size:undefined disposed:false
2244 http fetch GET 200 https://registry.npmjs.org/@sinonjs%2fcommons 689ms (cache miss)
2245 silly packumentCache full:https://registry.npmjs.org/@sinonjs%2fcommons set size:undefined disposed:false
2246 silly placeDep ROOT @sinonjs/commons@3.0.1 OK for: @sinonjs/fake-timers@10.3.0 want: ^3.0.0
2247 silly fetch manifest type-detect@4.0.8
2248 silly packumentCache full:https://registry.npmjs.org/type-detect cache-miss
2249 http fetch GET 200 https://registry.npmjs.org/type-detect 306ms (cache miss)
2250 silly packumentCache full:https://registry.npmjs.org/type-detect set size:undefined disposed:false
2251 silly placeDep ROOT type-detect@4.0.8 OK for: @sinonjs/commons@3.0.1 want: 4.0.8
2252 silly placeDep ROOT @types/graceful-fs@4.1.9 OK for: jest-haste-map@29.7.0 want: ^4.1.3
2253 silly placeDep ROOT anymatch@3.1.3 OK for: jest-haste-map@29.7.0 want: ^3.0.3
2254 silly placeDep ROOT fsevents@2.3.3 OK for: jest-haste-map@29.7.0 want: ^2.3.2
2255 silly fetch manifest normalize-path@^3.0.0
2256 silly packumentCache full:https://registry.npmjs.org/normalize-path cache-miss
2257 http fetch GET 200 https://registry.npmjs.org/normalize-path 67ms (cache miss)
2258 silly packumentCache full:https://registry.npmjs.org/normalize-path set size:undefined disposed:false
2259 silly placeDep ROOT normalize-path@3.0.0 OK for: anymatch@3.1.3 want: ^3.0.0
2260 silly placeDep node_modules/jest-message-util @babel/code-frame@7.29.0 OK for: jest-message-util@29.7.0 want: ^7.12.13
2261 silly placeDep ROOT @types/stack-utils@2.0.3 OK for: jest-message-util@29.7.0 want: ^2.0.0
2262 silly placeDep node_modules/jest-message-util chalk@4.1.2 OK for: jest-message-util@29.7.0 want: ^4.0.0
2263 silly placeDep ROOT stack-utils@2.0.6 OK for: jest-message-util@29.7.0 want: ^2.0.3
2264 silly fetch manifest escape-string-regexp@^2.0.0
2265 silly packumentCache full:https://registry.npmjs.org/escape-string-regexp cache-hit
2266 silly placeDep ROOT argparse@1.0.10 OK for: js-yaml@3.14.2 want: ^1.0.7
2267 silly placeDep ROOT esprima@4.0.1 OK for: js-yaml@3.14.2 want: ^4.0.0
2268 silly fetch manifest sprintf-js@~1.0.2
2269 silly packumentCache full:https://registry.npmjs.org/sprintf-js cache-miss
2270 http fetch GET 200 https://registry.npmjs.org/sprintf-js 37ms (cache miss)
2271 silly packumentCache full:https://registry.npmjs.org/sprintf-js set size:undefined disposed:false
2272 silly placeDep ROOT sprintf-js@1.0.3 OK for: argparse@1.0.10 want: ~1.0.2
2273 silly placeDep node_modules/lighthouse-logger debug@2.6.9 OK for: lighthouse-logger@1.4.2 want: ^2.6.9
2274 silly placeDep ROOT marky@1.3.0 OK for: lighthouse-logger@1.4.2 want: ^1.2.2
2275 silly placeDep ROOT p-locate@4.1.0 OK for: locate-path@5.0.0 want: ^4.1.0
2276 silly fetch manifest p-limit@^2.2.0
2277 silly packumentCache full:https://registry.npmjs.org/p-limit cache-miss
2278 http cache https://registry.npmjs.org/p-limit 5ms (cache hit)
2279 silly packumentCache full:https://registry.npmjs.org/p-limit set size:61867 disposed:false
2280 silly placeDep node_modules/p-locate p-limit@2.3.0 OK for: p-locate@4.1.0 want: ^2.2.0
2281 silly fetch manifest p-try@^2.0.0
2282 silly packumentCache full:https://registry.npmjs.org/p-try cache-miss
2283 http fetch GET 200 https://registry.npmjs.org/p-try 312ms (cache miss)
2284 silly packumentCache full:https://registry.npmjs.org/p-try set size:undefined disposed:false
2285 silly placeDep ROOT asap@2.0.6 OK for: promise@8.3.0 want: ~2.0.6
2286 silly placeDep ROOT shell-quote@1.8.3 OK for: react-devtools-core@6.1.5 want: ^1.6.1
2287 silly placeDep node_modules/rimraf glob@7.2.3 OK for: rimraf@3.0.2 want: ^7.1.3
2288 silly placeDep node_modules/serve-static encodeurl@2.0.0 OK for: serve-static@1.16.3 want: ~2.0.0
2289 silly placeDep ROOT send@0.19.2 OK for: serve-static@1.16.3 want: ~0.19.1
2290 silly fetch manifest depd@2.0.0
2291 silly packumentCache full:https://registry.npmjs.org/depd cache-miss
2292 silly fetch manifest etag@~1.8.1
2293 silly packumentCache full:https://registry.npmjs.org/etag cache-miss
2294 silly fetch manifest mime@1.6.0
2295 silly packumentCache full:https://registry.npmjs.org/mime cache-miss
2296 silly fetch manifest fresh@~0.5.2
2297 silly packumentCache full:https://registry.npmjs.org/fresh cache-miss
2298 silly fetch manifest destroy@1.2.0
2299 silly packumentCache full:https://registry.npmjs.org/destroy cache-miss
2300 silly fetch manifest statuses@~2.0.2
2301 silly packumentCache full:https://registry.npmjs.org/statuses cache-miss
2302 silly fetch manifest http-errors@~2.0.1
2303 silly packumentCache full:https://registry.npmjs.org/http-errors cache-miss
2304 silly fetch manifest on-finished@~2.4.1
2305 silly packumentCache full:https://registry.npmjs.org/on-finished cache-miss
2306 silly fetch manifest range-parser@~1.2.1
2307 silly packumentCache full:https://registry.npmjs.org/range-parser cache-miss
2308 http cache https://registry.npmjs.org/statuses 16ms (cache hit)
2309 silly packumentCache full:https://registry.npmjs.org/statuses set size:37117 disposed:false
2310 http cache https://registry.npmjs.org/on-finished 16ms (cache hit)
2311 silly packumentCache full:https://registry.npmjs.org/on-finished set size:23212 disposed:false
2312 http fetch GET 200 https://registry.npmjs.org/destroy 111ms (cache miss)
2313 silly packumentCache full:https://registry.npmjs.org/destroy set size:undefined disposed:false
2314 http fetch GET 200 https://registry.npmjs.org/depd 116ms (cache miss)
2315 silly packumentCache full:https://registry.npmjs.org/depd set size:undefined disposed:false
2316 http fetch GET 200 https://registry.npmjs.org/fresh 116ms (cache miss)
2317 silly packumentCache full:https://registry.npmjs.org/fresh set size:undefined disposed:false
2318 http fetch GET 200 https://registry.npmjs.org/range-parser 117ms (cache miss)
2319 silly packumentCache full:https://registry.npmjs.org/range-parser set size:undefined disposed:false
2320 http fetch GET 200 https://registry.npmjs.org/etag 119ms (cache miss)
2321 silly packumentCache full:https://registry.npmjs.org/etag set size:undefined disposed:false
2322 http fetch GET 200 https://registry.npmjs.org/mime 120ms (cache miss)
2323 silly packumentCache full:https://registry.npmjs.org/mime set size:undefined disposed:false
2324 http fetch GET 200 https://registry.npmjs.org/http-errors 121ms (cache miss)
2325 silly packumentCache full:https://registry.npmjs.org/http-errors set size:undefined disposed:false
2326 silly placeDep node_modules/send debug@2.6.9 OK for: send@0.19.2 want: 2.6.9
2327 silly placeDep ROOT depd@2.0.0 OK for: send@0.19.2 want: 2.0.0
2328 silly placeDep ROOT destroy@1.2.0 OK for: send@0.19.2 want: 1.2.0
2329 silly placeDep node_modules/send encodeurl@2.0.0 OK for: send@0.19.2 want: ~2.0.0
2330 silly placeDep ROOT etag@1.8.1 OK for: send@0.19.2 want: ~1.8.1
2331 silly placeDep ROOT fresh@0.5.2 OK for: send@0.19.2 want: ~0.5.2
2332 silly placeDep ROOT http-errors@2.0.1 OK for: send@0.19.2 want: ~2.0.1
2333 silly placeDep ROOT mime@1.6.0 OK for: send@0.19.2 want: 1.6.0
2334 silly placeDep node_modules/send on-finished@2.4.1 OK for: send@0.19.2 want: ~2.4.1
2335 silly placeDep ROOT range-parser@1.2.1 OK for: send@0.19.2 want: ~1.2.1
2336 silly placeDep node_modules/send statuses@2.0.2 OK for: send@0.19.2 want: ~2.0.2
2337 silly fetch manifest setprototypeof@~1.2.0
2338 silly packumentCache full:https://registry.npmjs.org/setprototypeof cache-miss
2339 silly fetch manifest toidentifier@~1.0.1
2340 silly packumentCache full:https://registry.npmjs.org/toidentifier cache-miss
2341 http fetch GET 200 https://registry.npmjs.org/toidentifier 40ms (cache miss)
2342 silly packumentCache full:https://registry.npmjs.org/toidentifier set size:undefined disposed:false
2343 http fetch GET 200 https://registry.npmjs.org/setprototypeof 370ms (cache miss)
2344 silly packumentCache full:https://registry.npmjs.org/setprototypeof set size:undefined disposed:false
2345 silly placeDep ROOT setprototypeof@1.2.0 OK for: http-errors@2.0.1 want: ~1.2.0
2346 silly placeDep node_modules/http-errors statuses@2.0.2 OK for: http-errors@2.0.1 want: ~2.0.2
2347 silly placeDep ROOT toidentifier@1.0.1 OK for: http-errors@2.0.1 want: ~1.0.1
2348 silly placeDep ROOT shebang-regex@3.0.0 OK for: shebang-command@2.0.0 want: ^3.0.0
2349 silly placeDep node_modules/stack-utils escape-string-regexp@2.0.0 OK for: stack-utils@2.0.6 want: ^2.0.0
2350 silly placeDep ROOT type-fest@0.7.1 OK for: stacktrace-parser@0.1.11 want: ^0.7.1
2351 silly placeDep node_modules/sucrase commander@4.1.1 OK for: sucrase@3.35.1 want: ^4.0.0
2352 silly placeDep ROOT lines-and-columns@1.2.4 OK for: sucrase@3.35.1 want: ^1.1.6
2353 silly placeDep ROOT mz@2.7.0 OK for: sucrase@3.35.1 want: ^2.7.0
2354 silly placeDep ROOT tinyglobby@0.2.16 OK for: sucrase@3.35.1 want: ^0.2.11
2355 silly placeDep ROOT ts-interface-checker@0.1.13 OK for: sucrase@3.35.1 want: ^0.1.9
2356 silly fetch manifest any-promise@^1.0.0
2357 silly packumentCache full:https://registry.npmjs.org/any-promise cache-miss
2358 silly fetch manifest object-assign@^4.0.1
2359 silly packumentCache full:https://registry.npmjs.org/object-assign cache-miss
2360 silly fetch manifest thenify-all@^1.0.0
2361 silly packumentCache full:https://registry.npmjs.org/thenify-all cache-miss
2362 silly fetch manifest fdir@^6.5.0
2363 silly packumentCache full:https://registry.npmjs.org/fdir cache-miss
2364 silly fetch manifest picomatch@^4.0.4
2365 silly packumentCache full:https://registry.npmjs.org/picomatch cache-hit
2366 http fetch GET 200 https://registry.npmjs.org/any-promise 78ms (cache miss)
2367 silly packumentCache full:https://registry.npmjs.org/any-promise set size:undefined disposed:false
2368 http fetch GET 200 https://registry.npmjs.org/object-assign 82ms (cache miss)
2369 silly packumentCache full:https://registry.npmjs.org/object-assign set size:undefined disposed:false
2370 http fetch GET 200 https://registry.npmjs.org/thenify-all 87ms (cache miss)
2371 silly packumentCache full:https://registry.npmjs.org/thenify-all set size:undefined disposed:false
2372 http fetch GET 200 https://registry.npmjs.org/fdir 324ms (cache miss)
2373 silly packumentCache full:https://registry.npmjs.org/fdir set size:undefined disposed:false
2374 silly placeDep ROOT any-promise@1.3.0 OK for: mz@2.7.0 want: ^1.0.0
2375 silly placeDep ROOT object-assign@4.1.1 OK for: mz@2.7.0 want: ^4.0.1
2376 silly placeDep ROOT thenify-all@1.6.0 OK for: mz@2.7.0 want: ^1.0.0
2377 silly fetch manifest thenify@>= 3.1.0 < 4
2378 silly packumentCache full:https://registry.npmjs.org/thenify cache-miss
2379 http fetch GET 200 https://registry.npmjs.org/thenify 63ms (cache miss)
2380 silly packumentCache full:https://registry.npmjs.org/thenify set size:undefined disposed:false
2381 silly placeDep ROOT has-flag@3.0.0 OK for: supports-color@5.5.0 want: ^3.0.0
2382 silly placeDep ROOT @jridgewell/source-map@0.3.11 OK for: terser@5.46.1 want: ^0.3.3
2383 silly placeDep ROOT acorn@8.16.0 OK for: terser@5.46.1 want: ^8.15.0
2384 silly placeDep node_modules/terser commander@2.20.3 OK for: terser@5.46.1 want: ^2.20.0
2385 silly placeDep ROOT source-map-support@0.5.21 OK for: terser@5.46.1 want: ~0.5.20
2386 silly fetch manifest buffer-from@^1.0.0
2387 silly packumentCache full:https://registry.npmjs.org/buffer-from cache-miss
2388 silly fetch manifest source-map@^0.6.0
2389 silly packumentCache full:https://registry.npmjs.org/source-map cache-miss
2390 http cache https://registry.npmjs.org/source-map 3ms (cache hit)
2391 silly packumentCache full:https://registry.npmjs.org/source-map set size:226141 disposed:false
2392 http fetch GET 200 https://registry.npmjs.org/buffer-from 85ms (cache miss)
2393 silly packumentCache full:https://registry.npmjs.org/buffer-from set size:undefined disposed:false
2394 silly placeDep ROOT buffer-from@1.1.2 OK for: source-map-support@0.5.21 want: ^1.0.0
2395 silly placeDep node_modules/source-map-support source-map@0.6.1 OK for: source-map-support@0.5.21 want: ^0.6.0
2396 silly placeDep node_modules/test-exclude glob@7.2.3 OK for: test-exclude@6.0.0 want: ^7.1.4
2397 silly placeDep node_modules/test-exclude minimatch@3.1.5 OK for: test-exclude@6.0.0 want: ^3.0.4
2398 silly fetch manifest brace-expansion@^1.1.7
2399 silly packumentCache full:https://registry.npmjs.org/brace-expansion cache-hit
2400 silly placeDep ROOT thenify@3.3.1 OK for: thenify-all@1.6.0 want: >= 3.1.0 < 4
2401 silly placeDep node_modules/tinyglobby fdir@6.5.0 OK for: tinyglobby@0.2.16 want: ^6.5.0
2402 silly placeDep node_modules/tinyglobby picomatch@4.0.4 OK for: fdir@6.5.0 want: ^3 || ^4
2403 silly placeDep ROOT is-number@7.0.0 OK for: to-regex-range@5.0.1 want: ^7.0.0
2404 silly placeDep ROOT escalade@3.2.0 OK for: update-browserslist-db@1.2.3 want: ^3.2.0
2405 silly placeDep ROOT makeerror@1.0.12 OK for: walker@1.0.8 want: 1.0.12
2406 silly fetch manifest tmpl@1.0.5
2407 silly packumentCache full:https://registry.npmjs.org/tmpl cache-miss
2408 http fetch GET 200 https://registry.npmjs.org/tmpl 352ms (cache miss)
2409 silly packumentCache full:https://registry.npmjs.org/tmpl set size:undefined disposed:false
2410 silly placeDep ROOT tmpl@1.0.5 OK for: makeerror@1.0.12 want: 1.0.5
2411 silly placeDep ROOT buffer@5.7.1 OK for: whatwg-url-without-unicode@8.0.0-3 want: ^5.4.3
2412 silly placeDep ROOT punycode@2.3.1 OK for: whatwg-url-without-unicode@8.0.0-3 want: ^2.1.1
2413 silly placeDep ROOT webidl-conversions@5.0.0 OK for: whatwg-url-without-unicode@8.0.0-3 want: ^5.0.0
2414 silly fetch manifest ieee754@^1.1.13
2415 silly packumentCache full:https://registry.npmjs.org/ieee754 cache-miss
2416 http fetch GET 200 https://registry.npmjs.org/ieee754 361ms (cache miss)
2417 silly packumentCache full:https://registry.npmjs.org/ieee754 set size:undefined disposed:false
2418 silly placeDep ROOT ieee754@1.2.1 OK for: buffer@5.7.1 want: ^1.1.13
2419 silly placeDep ROOT isexe@2.0.0 OK for: which@2.0.2 want: ^2.0.0
2420 silly placeDep ROOT imurmurhash@0.1.4 OK for: write-file-atomic@4.0.2 want: ^0.1.4
2421 silly placeDep ROOT signal-exit@3.0.7 OK for: write-file-atomic@4.0.2 want: ^3.0.7
2422 silly placeDep ROOT simple-plist@1.3.1 OK for: xcode@3.0.1 want: ^1.1.0
2423 silly placeDep ROOT uuid@7.0.3 OK for: xcode@3.0.1 want: ^7.0.3
2424 silly fetch manifest bplist-parser@0.3.1
2425 silly packumentCache full:https://registry.npmjs.org/bplist-parser cache-miss
2426 silly fetch manifest plist@^3.0.5
2427 silly packumentCache full:https://registry.npmjs.org/plist cache-miss
2428 http cache https://registry.npmjs.org/bplist-parser 8ms (cache hit)
2429 silly packumentCache full:https://registry.npmjs.org/bplist-parser set size:21877 disposed:false
2430 http fetch GET 200 https://registry.npmjs.org/plist 356ms (cache miss)
2431 silly packumentCache full:https://registry.npmjs.org/plist set size:undefined disposed:false
2432 silly placeDep ROOT bplist-creator@0.1.0 OK for: simple-plist@1.3.1 want: 0.1.0
2433 silly placeDep ROOT bplist-parser@0.3.1 OK for: simple-plist@1.3.1 want: 0.3.1
2434 silly placeDep ROOT plist@3.1.0 OK for: simple-plist@1.3.1 want: ^3.0.5
2435 silly fetch manifest stream-buffers@2.2.x
2436 silly packumentCache full:https://registry.npmjs.org/stream-buffers cache-miss
2437 silly fetch manifest big-integer@1.6.x
2438 silly packumentCache full:https://registry.npmjs.org/big-integer cache-miss
2439 http fetch GET 200 https://registry.npmjs.org/big-integer 69ms (cache miss)
2440 silly packumentCache full:https://registry.npmjs.org/big-integer set size:undefined disposed:false
2441 http fetch GET 200 https://registry.npmjs.org/stream-buffers 114ms (cache miss)
2442 silly packumentCache full:https://registry.npmjs.org/stream-buffers set size:undefined disposed:false
2443 silly placeDep ROOT stream-buffers@2.2.0 OK for: bplist-creator@0.1.0 want: 2.2.x
2444 silly placeDep ROOT big-integer@1.6.52 OK for: bplist-parser@0.3.1 want: 1.6.x
2445 silly placeDep ROOT sax@1.6.0 OK for: xml2js@0.6.0 want: >=0.6.0
2446 silly placeDep node_modules/xml2js xmlbuilder@11.0.1 OK for: xml2js@0.6.0 want: ~11.0.0
2447 silly placeDep ROOT cliui@8.0.1 OK for: yargs@17.7.2 want: ^8.0.1
2448 silly placeDep ROOT get-caller-file@2.0.5 OK for: yargs@17.7.2 want: ^2.0.5
2449 silly placeDep ROOT require-directory@2.1.1 OK for: yargs@17.7.2 want: ^2.1.1
2450 silly placeDep ROOT string-width@4.2.3 OK for: yargs@17.7.2 want: ^4.2.3
2451 silly placeDep ROOT y18n@5.0.8 OK for: yargs@17.7.2 want: ^5.0.5
2452 silly placeDep ROOT yargs-parser@21.1.1 OK for: yargs@17.7.2 want: ^21.1.1
2453 silly fetch manifest strip-ansi@^6.0.1
2454 silly packumentCache full:https://registry.npmjs.org/strip-ansi cache-miss
2455 silly fetch manifest string-width@^4.2.0
2456 silly packumentCache full:https://registry.npmjs.org/string-width cache-miss
2457 silly fetch manifest strip-ansi@^6.0.1
2458 silly packumentCache full:https://registry.npmjs.org/strip-ansi cache-miss
2459 silly fetch manifest emoji-regex@^8.0.0
2460 silly packumentCache full:https://registry.npmjs.org/emoji-regex cache-miss
2461 silly fetch manifest is-fullwidth-code-point@^3.0.0
2462 silly packumentCache full:https://registry.npmjs.org/is-fullwidth-code-point cache-miss
2463 http cache https://registry.npmjs.org/string-width 9ms (cache hit)
2464 silly packumentCache full:https://registry.npmjs.org/string-width set size:68305 disposed:false
2465 http fetch GET 200 https://registry.npmjs.org/strip-ansi 95ms (cache miss)
2466 silly packumentCache full:https://registry.npmjs.org/strip-ansi set size:undefined disposed:false
2467 http fetch GET 200 https://registry.npmjs.org/strip-ansi 97ms (cache miss)
2468 silly packumentCache full:https://registry.npmjs.org/strip-ansi set size:undefined disposed:false
2469 http fetch GET 200 https://registry.npmjs.org/emoji-regex 98ms (cache miss)
2470 silly packumentCache full:https://registry.npmjs.org/emoji-regex set size:undefined disposed:false
2471 http fetch GET 200 https://registry.npmjs.org/is-fullwidth-code-point 100ms (cache miss)
2472 silly packumentCache full:https://registry.npmjs.org/is-fullwidth-code-point set size:undefined disposed:false
2473 silly placeDep ROOT strip-ansi@6.0.1 OK for: cliui@8.0.1 want: ^6.0.1
2474 silly placeDep ROOT wrap-ansi@7.0.0 OK for: cliui@8.0.1 want: ^7.0.0
2475 silly fetch manifest ansi-styles@^4.0.0
2476 silly packumentCache full:https://registry.npmjs.org/ansi-styles cache-hit
2477 silly placeDep ROOT emoji-regex@8.0.0 OK for: string-width@4.2.3 want: ^8.0.0
2478 silly placeDep ROOT is-fullwidth-code-point@3.0.0 OK for: string-width@4.2.3 want: ^3.0.0
2479 silly placeDep node_modules/wrap-ansi ansi-styles@4.3.0 OK for: wrap-ansi@7.0.0 want: ^4.0.0
2480 silly fetch manifest color-convert@^2.0.1
2481 silly packumentCache full:https://registry.npmjs.org/color-convert cache-miss
2482 http cache https://registry.npmjs.org/color-convert 4ms (cache hit)
2483 silly packumentCache full:https://registry.npmjs.org/color-convert set size:72663 disposed:false
2484 silly placeDep node_modules/@expo/config-plugins ansi-styles@4.3.0 OK for: chalk@4.1.2 want: ^4.1.0
2485 silly placeDep node_modules/@expo/config-plugins supports-color@7.2.0 OK for: chalk@4.1.2 want: ^7.1.0
2486 silly placeDep node_modules/@expo/config-plugins color-convert@2.0.1 OK for: ansi-styles@4.3.0 want: ^2.0.1
2487 silly fetch manifest color-name@~1.1.4
2488 silly packumentCache full:https://registry.npmjs.org/color-name cache-miss
2489 http cache https://registry.npmjs.org/color-name 6ms (cache hit)
2490 silly packumentCache full:https://registry.npmjs.org/color-name set size:19467 disposed:false
2491 silly placeDep node_modules/@expo/config-plugins color-name@1.1.4 OK for: color-convert@2.0.1 want: ~1.1.4
2492 silly placeDep node_modules/@expo/config-plugins has-flag@4.0.0 OK for: supports-color@7.2.0 want: ^4.0.0
2493 silly placeDep node_modules/@expo/devtools ansi-styles@4.3.0 OK for: chalk@4.1.2 want: ^4.1.0
2494 silly placeDep node_modules/@expo/devtools supports-color@7.2.0 OK for: chalk@4.1.2 want: ^7.1.0
2495 silly placeDep node_modules/@expo/devtools color-convert@2.0.1 OK for: ansi-styles@4.3.0 want: ^2.0.1
2496 silly placeDep node_modules/@expo/devtools color-name@1.1.4 OK for: color-convert@2.0.1 want: ~1.1.4
2497 silly placeDep node_modules/@expo/devtools has-flag@4.0.0 OK for: supports-color@7.2.0 want: ^4.0.0
2498 silly placeDep node_modules/@expo/fingerprint ansi-styles@4.3.0 OK for: chalk@4.1.2 want: ^4.1.0
2499 silly placeDep node_modules/@expo/fingerprint supports-color@7.2.0 OK for: chalk@4.1.2 want: ^7.1.0
2500 silly placeDep node_modules/@expo/fingerprint color-convert@2.0.1 OK for: ansi-styles@4.3.0 want: ^2.0.1
2501 silly placeDep node_modules/@expo/fingerprint color-name@1.1.4 OK for: color-convert@2.0.1 want: ~1.1.4
2502 silly placeDep node_modules/@expo/fingerprint has-flag@4.0.0 OK for: supports-color@7.2.0 want: ^4.0.0
2503 silly placeDep node_modules/@jest/transform ansi-styles@4.3.0 OK for: chalk@4.1.2 want: ^4.1.0
2504 silly placeDep node_modules/@jest/transform supports-color@7.2.0 OK for: chalk@4.1.2 want: ^7.1.0
2505 silly placeDep node_modules/@jest/transform color-convert@2.0.1 OK for: ansi-styles@4.3.0 want: ^2.0.1
2506 silly placeDep node_modules/@jest/transform color-name@1.1.4 OK for: color-convert@2.0.1 want: ~1.1.4
2507 silly placeDep node_modules/@jest/transform has-flag@4.0.0 OK for: supports-color@7.2.0 want: ^4.0.0
2508 silly placeDep node_modules/@jest/types ansi-styles@4.3.0 OK for: chalk@4.1.2 want: ^4.1.0
2509 silly placeDep node_modules/@jest/types supports-color@7.2.0 OK for: chalk@4.1.2 want: ^7.1.0
2510 silly placeDep node_modules/@jest/types color-convert@2.0.1 OK for: ansi-styles@4.3.0 want: ^2.0.1
2511 silly placeDep node_modules/@jest/types color-name@1.1.4 OK for: color-convert@2.0.1 want: ~1.1.4
2512 silly placeDep node_modules/@jest/types has-flag@4.0.0 OK for: supports-color@7.2.0 want: ^4.0.0
2513 silly placeDep ROOT fs.realpath@1.0.0 OK for: glob@7.2.3 want: ^1.0.0
2514 silly placeDep ROOT inflight@1.0.6 OK for: glob@7.2.3 want: ^1.0.4
2515 silly placeDep node_modules/@react-native/codegen minimatch@3.1.5 OK for: glob@7.2.3 want: ^3.1.1
2516 silly placeDep ROOT once@1.4.0 OK for: glob@7.2.3 want: ^1.3.0
2517 silly placeDep ROOT path-is-absolute@1.0.1 OK for: glob@7.2.3 want: ^1.0.0
2518 silly fetch manifest wrappy@1
2519 silly packumentCache full:https://registry.npmjs.org/wrappy cache-miss
2520 silly fetch manifest wrappy@1
2521 silly packumentCache full:https://registry.npmjs.org/wrappy cache-miss
2522 http fetch GET 200 https://registry.npmjs.org/wrappy 85ms (cache miss)
2523 silly packumentCache full:https://registry.npmjs.org/wrappy set size:undefined disposed:false
2524 http fetch GET 200 https://registry.npmjs.org/wrappy 89ms (cache miss)
2525 silly packumentCache full:https://registry.npmjs.org/wrappy set size:undefined disposed:false
2526 silly placeDep ROOT wrappy@1.0.2 OK for: inflight@1.0.6 want: 1
2527 silly placeDep node_modules/@react-native/codegen hermes-estree@0.29.1 OK for: hermes-parser@0.29.1 want: 0.29.1
2528 silly placeDep node_modules/@react-native/codegen brace-expansion@1.1.14 OK for: minimatch@3.1.5 want: ^1.1.7
2529 silly fetch manifest concat-map@0.0.1
2530 silly packumentCache full:https://registry.npmjs.org/concat-map cache-miss
2531 http fetch GET 200 https://registry.npmjs.org/concat-map 73ms (cache miss)
2532 silly packumentCache full:https://registry.npmjs.org/concat-map set size:undefined disposed:false
2533 silly placeDep ROOT concat-map@0.0.1 OK for: brace-expansion@1.1.14 want: 0.0.1
2534 silly placeDep ROOT async-limiter@1.0.1 OK for: ws@6.2.3 want: ~1.0.0
2535 silly placeDep node_modules/babel-jest ansi-styles@4.3.0 OK for: chalk@4.1.2 want: ^4.1.0
2536 silly placeDep node_modules/babel-jest supports-color@7.2.0 OK for: chalk@4.1.2 want: ^7.1.0
2537 silly placeDep node_modules/babel-jest color-convert@2.0.1 OK for: ansi-styles@4.3.0 want: ^2.0.1
2538 silly placeDep node_modules/babel-jest color-name@1.1.4 OK for: color-convert@2.0.1 want: ~1.1.4
2539 silly placeDep node_modules/babel-jest has-flag@4.0.0 OK for: supports-color@7.2.0 want: ^4.0.0
2540 silly placeDep node_modules/babel-plugin-syntax-hermes-parser hermes-estree@0.29.1 OK for: hermes-parser@0.29.1 want: 0.29.1
2541 silly placeDep node_modules/connect ms@2.0.0 OK for: debug@2.6.9 want: 2.0.0
2542 silly placeDep node_modules/expo-modules-autolinking ansi-styles@4.3.0 OK for: chalk@4.1.2 want: ^4.1.0
2543 silly placeDep node_modules/expo-modules-autolinking supports-color@7.2.0 OK for: chalk@4.1.2 want: ^7.1.0
2544 silly placeDep node_modules/expo-modules-autolinking color-convert@2.0.1 OK for: ansi-styles@4.3.0 want: ^2.0.1
2545 silly placeDep node_modules/expo-modules-autolinking color-name@1.1.4 OK for: color-convert@2.0.1 want: ~1.1.4
2546 silly placeDep node_modules/expo-modules-autolinking has-flag@4.0.0 OK for: supports-color@7.2.0 want: ^4.0.0
2547 silly fetch manifest utf-8-validate@>=5.0.2
2548 silly packumentCache full:https://registry.npmjs.org/utf-8-validate cache-miss
2549 http cache https://registry.npmjs.org/utf-8-validate 7ms (cache hit)
2550 silly packumentCache full:https://registry.npmjs.org/utf-8-validate set size:77148 disposed:false
2551 silly fetch manifest graphql@^14.0.0 || ^15.0.0 || ^16.0.0
2552 silly packumentCache full:https://registry.npmjs.org/graphql cache-miss
2553 http fetch GET 200 https://registry.npmjs.org/graphql 257ms (cache miss)
2554 silly packumentCache full:https://registry.npmjs.org/graphql set size:undefined disposed:false
2555 silly placeDep ROOT @0no-co/graphql.web@1.2.0 OK for: @expo/cli@54.0.23 want: ^1.0.8
2556 silly placeDep ROOT @expo/code-signing-certificates@0.0.6 OK for: @expo/cli@54.0.23 want: ^0.0.6
2557 silly placeDep ROOT @expo/devcert@1.2.1 OK for: @expo/cli@54.0.23 want: ^1.2.1
2558 silly placeDep ROOT @expo/env@2.0.11 OK for: @expo/cli@54.0.23 want: ~2.0.8
2559 silly placeDep ROOT @expo/image-utils@0.8.13 OK for: @expo/cli@54.0.23 want: ^0.8.8
2560 silly placeDep ROOT @expo/osascript@2.4.2 OK for: @expo/cli@54.0.23 want: ^2.3.8
2561 silly placeDep ROOT @expo/package-manager@1.10.4 OK for: @expo/cli@54.0.23 want: ^1.9.10
2562 silly placeDep node_modules/expo/node_modules/@expo/cli @expo/prebuild-config@54.0.8 CONFLICT for: @expo/cli@54.0.23 want: ^54.0.8
2563 silly placeDep ROOT @expo/schema-utils@0.1.8 OK for: @expo/cli@54.0.23 want: ^0.1.8
2564 silly placeDep ROOT @expo/ws-tunnel@1.0.6 OK for: @expo/cli@54.0.23 want: ^1.0.1
2565 silly placeDep ROOT @expo/xcpretty@4.4.3 OK for: @expo/cli@54.0.23 want: ^4.3.0
2566 silly placeDep ROOT @urql/core@5.2.0 OK for: @expo/cli@54.0.23 want: ^5.0.6
2567 silly placeDep ROOT @urql/exchange-retry@1.3.2 OK for: @expo/cli@54.0.23 want: ^1.3.0
2568 silly placeDep ROOT better-opn@3.0.2 OK for: @expo/cli@54.0.23 want: ~3.0.2
2569 silly placeDep node_modules/expo chalk@4.1.2 OK for: @expo/cli@54.0.23 want: ^4.0.0
2570 silly placeDep node_modules/expo ci-info@3.9.0 OK for: @expo/cli@54.0.23 want: ^3.3.0
2571 silly placeDep ROOT compression@1.8.1 OK for: @expo/cli@54.0.23 want: ^1.7.4
2572 silly placeDep ROOT env-editor@0.4.2 OK for: @expo/cli@54.0.23 want: ^0.4.1
2573 silly placeDep ROOT expo-server@1.0.5 OK for: @expo/cli@54.0.23 want: ^1.0.5
2574 silly placeDep ROOT freeport-async@2.0.0 OK for: @expo/cli@54.0.23 want: ^2.0.0
2575 silly placeDep ROOT lan-network@0.1.7 OK for: @expo/cli@54.0.23 want: ^0.1.6
2576 silly placeDep ROOT node-forge@1.4.0 OK for: @expo/cli@54.0.23 want: ^1.3.3
2577 silly placeDep ROOT npm-package-arg@11.0.3 OK for: @expo/cli@54.0.23 want: ^11.0.0
2578 silly placeDep ROOT ora@3.4.0 OK for: @expo/cli@54.0.23 want: ^3.4.0
2579 silly placeDep node_modules/expo picomatch@3.0.2 OK for: @expo/cli@54.0.23 want: ^3.0.1
2580 silly placeDep ROOT pretty-bytes@5.6.0 OK for: @expo/cli@54.0.23 want: ^5.6.0
2581 silly placeDep ROOT progress@2.0.3 OK for: @expo/cli@54.0.23 want: ^2.0.3
2582 silly placeDep ROOT prompts@2.4.2 OK for: @expo/cli@54.0.23 want: ^2.3.2
2583 silly placeDep ROOT qrcode-terminal@0.11.0 OK for: @expo/cli@54.0.23 want: 0.11.0
2584 silly placeDep ROOT requireg@0.2.2 OK for: @expo/cli@54.0.23 want: ^0.2.2
2585 silly placeDep ROOT resolve@1.22.12 OK for: @expo/cli@54.0.23 want: ^1.22.2
2586 silly placeDep ROOT resolve.exports@2.0.3 OK for: @expo/cli@54.0.23 want: ^2.0.3
2587 silly placeDep ROOT structured-headers@0.4.1 OK for: @expo/cli@54.0.23 want: ^0.4.1
2588 silly placeDep ROOT tar@7.5.13 OK for: @expo/cli@54.0.23 want: ^7.5.2
2589 silly placeDep ROOT terminal-link@2.1.1 OK for: @expo/cli@54.0.23 want: ^2.1.1
2590 silly placeDep ROOT undici@6.25.0 OK for: @expo/cli@54.0.23 want: ^6.18.2
2591 silly placeDep node_modules/expo ws@8.20.0 OK for: @expo/cli@54.0.23 want: ^8.12.1
2592 silly fetch manifest debug@^3.1.0
2593 silly packumentCache full:https://registry.npmjs.org/debug cache-hit
2594 silly fetch manifest @expo/sudo-prompt@^9.3.1
2595 silly packumentCache full:https://registry.npmjs.org/@expo%2fsudo-prompt cache-miss
2596 silly fetch manifest parse-png@^2.1.0
2597 silly packumentCache full:https://registry.npmjs.org/parse-png cache-miss
2598 silly fetch manifest jimp-compact@0.16.1
2599 silly packumentCache full:https://registry.npmjs.org/jimp-compact cache-miss
2600 silly fetch manifest @expo/require-utils@^55.0.4
2601 silly packumentCache full:https://registry.npmjs.org/@expo%2frequire-utils cache-miss
2602 silly fetch manifest js-yaml@^4.1.0
2603 silly packumentCache full:https://registry.npmjs.org/js-yaml cache-miss
2604 silly fetch manifest wonka@^6.3.2
2605 silly packumentCache full:https://registry.npmjs.org/wonka cache-miss
2606 silly fetch manifest wonka@^6.3.2
2607 silly packumentCache full:https://registry.npmjs.org/wonka cache-miss
2608 silly fetch manifest open@^8.0.4
2609 silly packumentCache full:https://registry.npmjs.org/open cache-miss
2610 silly fetch manifest vary@~1.1.2
2611 silly packumentCache full:https://registry.npmjs.org/vary cache-miss
2612 silly fetch manifest bytes@3.1.2
2613 silly packumentCache full:https://registry.npmjs.org/bytes cache-miss
2614 silly fetch manifest negotiator@~0.6.4
2615 silly packumentCache full:https://registry.npmjs.org/negotiator cache-miss
2616 http cache https://registry.npmjs.org/negotiator 9ms (cache hit)
2617 silly packumentCache full:https://registry.npmjs.org/negotiator set size:48046 disposed:false
2618 silly fetch manifest on-headers@~1.1.0
2619 silly packumentCache full:https://registry.npmjs.org/on-headers cache-miss
2620 http cache https://registry.npmjs.org/open 12ms (cache hit)
2621 silly packumentCache full:https://registry.npmjs.org/open set size:136392 disposed:false
2622 silly fetch manifest safe-buffer@5.2.1
2623 silly packumentCache full:https://registry.npmjs.org/safe-buffer cache-miss
2624 http cache https://registry.npmjs.org/js-yaml 15ms (cache hit)
2625 silly packumentCache full:https://registry.npmjs.org/js-yaml set size:152232 disposed:false
2626 silly fetch manifest compressible@~2.0.18
2627 silly packumentCache full:https://registry.npmjs.org/compressible cache-miss
2628 http fetch GET 200 https://registry.npmjs.org/jimp-compact 142ms (cache miss)
2629 silly packumentCache full:https://registry.npmjs.org/jimp-compact set size:undefined disposed:false
2630 silly fetch manifest proc-log@^4.0.0
2631 silly packumentCache full:https://registry.npmjs.org/proc-log cache-miss
2632 http fetch GET 200 https://registry.npmjs.org/on-headers 154ms (cache miss)
2633 silly packumentCache full:https://registry.npmjs.org/on-headers set size:undefined disposed:false
2634 silly fetch manifest hosted-git-info@^7.0.0
2635 silly packumentCache full:https://registry.npmjs.org/hosted-git-info cache-miss
2636 http fetch GET 200 https://registry.npmjs.org/parse-png 169ms (cache miss)
2637 silly packumentCache full:https://registry.npmjs.org/parse-png set size:undefined disposed:false
2638 silly fetch manifest validate-npm-package-name@^5.0.0
2639 silly packumentCache full:https://registry.npmjs.org/validate-npm-package-name cache-miss
2640 http fetch GET 200 https://registry.npmjs.org/safe-buffer 159ms (cache miss)
2641 silly packumentCache full:https://registry.npmjs.org/safe-buffer set size:undefined disposed:false
2642 silly fetch manifest wcwidth@^1.0.1
2643 silly packumentCache full:https://registry.npmjs.org/wcwidth cache-miss
2644 http fetch GET 200 https://registry.npmjs.org/compressible 160ms (cache miss)
2645 silly packumentCache full:https://registry.npmjs.org/compressible set size:undefined disposed:false
2646 silly fetch manifest cli-cursor@^2.1.0
2647 silly packumentCache full:https://registry.npmjs.org/cli-cursor cache-miss
2648 http fetch GET 200 https://registry.npmjs.org/vary 177ms (cache miss)
2649 silly packumentCache full:https://registry.npmjs.org/vary set size:undefined disposed:false
2650 silly fetch manifest strip-ansi@^5.2.0
2651 silly packumentCache full:https://registry.npmjs.org/strip-ansi cache-miss
2652 http fetch GET 200 https://registry.npmjs.org/bytes 181ms (cache miss)
2653 silly packumentCache full:https://registry.npmjs.org/bytes set size:undefined disposed:false
2654 silly fetch manifest log-symbols@^2.2.0
2655 silly packumentCache full:https://registry.npmjs.org/log-symbols cache-miss
2656 http cache https://registry.npmjs.org/strip-ansi 12ms (cache hit)
2657 silly packumentCache full:https://registry.npmjs.org/strip-ansi set size:44998 disposed:false
2658 silly fetch manifest cli-spinners@^2.0.0
2659 silly packumentCache full:https://registry.npmjs.org/cli-spinners cache-miss
2660 http fetch GET 200 https://registry.npmjs.org/wonka 194ms (cache miss)
2661 silly packumentCache full:https://registry.npmjs.org/wonka set size:undefined disposed:false
2662 silly fetch manifest kleur@^3.0.3
2663 silly packumentCache full:https://registry.npmjs.org/kleur cache-miss
2664 http fetch GET 200 https://registry.npmjs.org/cli-cursor 158ms (cache miss)
2665 silly packumentCache full:https://registry.npmjs.org/cli-cursor set size:undefined disposed:false
2666 silly fetch manifest sisteransi@^1.0.5
2667 silly packumentCache full:https://registry.npmjs.org/sisteransi cache-miss
2668 http fetch GET 200 https://registry.npmjs.org/validate-npm-package-name 181ms (cache miss)
2669 silly packumentCache full:https://registry.npmjs.org/validate-npm-package-name set size:undefined disposed:false
2670 silly fetch manifest nested-error-stacks@~2.0.1
2671 silly packumentCache full:https://registry.npmjs.org/nested-error-stacks cache-miss
2672 http fetch GET 200 https://registry.npmjs.org/wcwidth 180ms (cache miss)
2673 silly packumentCache full:https://registry.npmjs.org/wcwidth set size:undefined disposed:false
2674 silly fetch manifest rc@~1.2.7
2675 silly packumentCache full:https://registry.npmjs.org/rc cache-miss
2676 http fetch GET 200 https://registry.npmjs.org/proc-log 214ms (cache miss)
2677 silly packumentCache full:https://registry.npmjs.org/proc-log set size:undefined disposed:false
2678 silly fetch manifest resolve@~1.7.1
2679 silly packumentCache full:https://registry.npmjs.org/resolve cache-miss
2680 http fetch GET 200 https://registry.npmjs.org/log-symbols 179ms (cache miss)
2681 silly packumentCache full:https://registry.npmjs.org/log-symbols set size:undefined disposed:false
2682 silly fetch manifest es-errors@^1.3.0
2683 silly packumentCache full:https://registry.npmjs.org/es-errors cache-miss
2684 http fetch GET 200 https://registry.npmjs.org/cli-spinners 171ms (cache miss)
2685 silly packumentCache full:https://registry.npmjs.org/cli-spinners set size:undefined disposed:false
2686 silly fetch manifest is-core-module@^2.16.1
2687 silly packumentCache full:https://registry.npmjs.org/is-core-module cache-miss
2688 http fetch GET 200 https://registry.npmjs.org/wonka 364ms (cache miss)
2689 silly packumentCache full:https://registry.npmjs.org/wonka set size:undefined disposed:false
2690 silly fetch manifest path-parse@^1.0.7
2691 silly packumentCache full:https://registry.npmjs.org/path-parse cache-miss
2692 http fetch GET 200 https://registry.npmjs.org/@expo%2fsudo-prompt 368ms (cache miss)
2693 silly packumentCache full:https://registry.npmjs.org/@expo%2fsudo-prompt set size:undefined disposed:false
2694 silly fetch manifest supports-preserve-symlinks-flag@^1.0.0
2695 silly packumentCache full:https://registry.npmjs.org/supports-preserve-symlinks-flag cache-miss
2696 http fetch GET 200 https://registry.npmjs.org/kleur 172ms (cache miss)
2697 silly packumentCache full:https://registry.npmjs.org/kleur set size:undefined disposed:false
2698 silly fetch manifest @isaacs/fs-minipass@^4.0.0
2699 silly packumentCache full:https://registry.npmjs.org/@isaacs%2ffs-minipass cache-miss
2700 http fetch GET 200 https://registry.npmjs.org/hosted-git-info 205ms (cache miss)
2701 silly packumentCache full:https://registry.npmjs.org/hosted-git-info set size:undefined disposed:false
2702 silly fetch manifest chownr@^3.0.0
2703 silly packumentCache full:https://registry.npmjs.org/chownr cache-miss
2704 http cache https://registry.npmjs.org/resolve 17ms (cache hit)
2705 silly packumentCache full:https://registry.npmjs.org/resolve set size:252941 disposed:false
2706 silly fetch manifest minizlib@^3.1.0
2707 silly packumentCache full:https://registry.npmjs.org/minizlib cache-miss
2708 http fetch GET 200 https://registry.npmjs.org/es-errors 80ms (cache miss)
2709 silly packumentCache full:https://registry.npmjs.org/es-errors set size:undefined disposed:false
2710 silly fetch manifest yallist@^5.0.0
2711 silly packumentCache full:https://registry.npmjs.org/yallist cache-miss
2712 http fetch GET 200 https://registry.npmjs.org/supports-preserve-symlinks-flag 76ms (cache miss)
2713 silly packumentCache full:https://registry.npmjs.org/supports-preserve-symlinks-flag set size:undefined disposed:false
2714 silly fetch manifest ansi-escapes@^4.2.1
2715 silly packumentCache full:https://registry.npmjs.org/ansi-escapes cache-miss
2716 http fetch GET 200 https://registry.npmjs.org/sisteransi 106ms (cache miss)
2717 silly packumentCache full:https://registry.npmjs.org/sisteransi set size:undefined disposed:false
2718 silly fetch manifest supports-hyperlinks@^2.0.0
2719 silly packumentCache full:https://registry.npmjs.org/supports-hyperlinks cache-miss
2720 http fetch GET 200 https://registry.npmjs.org/nested-error-stacks 91ms (cache miss)
2721 silly packumentCache full:https://registry.npmjs.org/nested-error-stacks set size:undefined disposed:false
2722 http fetch GET 200 https://registry.npmjs.org/chownr 72ms (cache miss)
2723 silly packumentCache full:https://registry.npmjs.org/chownr set size:undefined disposed:false
2724 http fetch GET 200 https://registry.npmjs.org/minizlib 70ms (cache miss)
2725 silly packumentCache full:https://registry.npmjs.org/minizlib set size:undefined disposed:false
2726 http fetch GET 200 https://registry.npmjs.org/path-parse 82ms (cache miss)
2727 silly packumentCache full:https://registry.npmjs.org/path-parse set size:undefined disposed:false
2728 http fetch GET 200 https://registry.npmjs.org/rc 92ms (cache miss)
2729 silly packumentCache full:https://registry.npmjs.org/rc set size:undefined disposed:false
2730 http cache https://registry.npmjs.org/yallist 11ms (cache hit)
2731 silly packumentCache full:https://registry.npmjs.org/yallist set size:34610 disposed:false
2732 http fetch GET 200 https://registry.npmjs.org/ansi-escapes 60ms (cache miss)
2733 silly packumentCache full:https://registry.npmjs.org/ansi-escapes set size:undefined disposed:false
2734 http fetch GET 200 https://registry.npmjs.org/is-core-module 144ms (cache miss)
2735 silly packumentCache full:https://registry.npmjs.org/is-core-module set size:undefined disposed:false
2736 http fetch GET 200 https://registry.npmjs.org/supports-hyperlinks 65ms (cache miss)
2737 silly packumentCache full:https://registry.npmjs.org/supports-hyperlinks set size:undefined disposed:false
2738 http fetch GET 200 https://registry.npmjs.org/@expo%2frequire-utils 719ms (cache miss)
2739 silly packumentCache full:https://registry.npmjs.org/@expo%2frequire-utils set size:undefined disposed:false
2740 http fetch GET 200 https://registry.npmjs.org/@isaacs%2ffs-minipass 500ms (cache miss)
2741 silly packumentCache full:https://registry.npmjs.org/@isaacs%2ffs-minipass set size:undefined disposed:false
2742 silly placeDep ROOT @expo/sudo-prompt@9.3.2 OK for: @expo/devcert@1.2.1 want: ^9.3.1
2743 silly placeDep node_modules/@expo/devcert debug@3.2.7 OK for: @expo/devcert@1.2.1 want: ^3.1.0
2744 silly placeDep node_modules/@expo/env chalk@4.1.2 OK for: @expo/env@2.0.11 want: ^4.0.0
2745 silly placeDep ROOT dotenv@16.4.7 OK for: @expo/env@2.0.11 want: ~16.4.5
2746 silly placeDep ROOT dotenv-expand@11.0.7 OK for: @expo/env@2.0.11 want: ~11.0.6
2747 silly fetch manifest typescript@^5.0.0 || ^5.0.0-0
2748 silly packumentCache full:https://registry.npmjs.org/typescript cache-miss
2749 http fetch GET 200 https://registry.npmjs.org/typescript 1166ms (cache miss)
2750 silly packumentCache full:https://registry.npmjs.org/typescript set size:undefined disposed:false
2751 silly placeDep ROOT @expo/require-utils@55.0.4 OK for: @expo/image-utils@0.8.13 want: ^55.0.4
2752 silly placeDep node_modules/@expo/image-utils chalk@4.1.2 OK for: @expo/image-utils@0.8.13 want: ^4.0.0
2753 silly placeDep ROOT jimp-compact@0.16.1 OK for: @expo/image-utils@0.8.13 want: 0.16.1
2754 silly placeDep ROOT parse-png@2.1.0 OK for: @expo/image-utils@0.8.13 want: ^2.1.0
2755 silly fetch manifest pngjs@^3.3.0
2756 silly packumentCache full:https://registry.npmjs.org/pngjs cache-miss
2757 http fetch GET 200 https://registry.npmjs.org/pngjs 47ms (cache miss)
2758 silly packumentCache full:https://registry.npmjs.org/pngjs set size:undefined disposed:false
2759 silly placeDep node_modules/@expo/package-manager chalk@4.1.2 OK for: @expo/package-manager@1.10.4 want: ^4.0.0
2760 silly placeDep node_modules/@expo/require-utils @babel/code-frame@7.29.0 OK for: @expo/require-utils@55.0.4 want: ^7.20.0
2761 silly placeDep ROOT @babel/plugin-transform-modules-commonjs@7.28.6 OK for: @expo/require-utils@55.0.4 want: ^7.24.8
2762 silly placeDep node_modules/@expo/xcpretty @babel/code-frame@7.29.0 OK for: @expo/xcpretty@4.4.3 want: ^7.20.0
2763 silly placeDep node_modules/@expo/xcpretty chalk@4.1.2 OK for: @expo/xcpretty@4.4.3 want: ^4.1.0
2764 silly placeDep node_modules/@expo/xcpretty js-yaml@4.1.1 OK for: @expo/xcpretty@4.4.3 want: ^4.1.0
2765 silly fetch manifest argparse@^2.0.1
2766 silly packumentCache full:https://registry.npmjs.org/argparse cache-miss
2767 http cache https://registry.npmjs.org/argparse 4ms (cache hit)
2768 silly packumentCache full:https://registry.npmjs.org/argparse set size:49266 disposed:false
2769 silly placeDep ROOT wonka@6.3.6 OK for: @urql/core@5.2.0 want: ^6.3.2
2770 silly placeDep node_modules/better-opn open@8.4.2 OK for: better-opn@3.0.2 want: ^8.0.4
2771 silly fetch manifest define-lazy-prop@^2.0.0
2772 silly packumentCache full:https://registry.npmjs.org/define-lazy-prop cache-miss
2773 http fetch GET 200 https://registry.npmjs.org/define-lazy-prop 99ms (cache miss)
2774 silly packumentCache full:https://registry.npmjs.org/define-lazy-prop set size:undefined disposed:false
2775 silly placeDep ROOT bytes@3.1.2 OK for: compression@1.8.1 want: 3.1.2
2776 silly placeDep ROOT compressible@2.0.18 OK for: compression@1.8.1 want: ~2.0.18
2777 silly placeDep node_modules/compression debug@2.6.9 OK for: compression@1.8.1 want: 2.6.9
2778 silly placeDep node_modules/compression negotiator@0.6.4 OK for: compression@1.8.1 want: ~0.6.4
2779 silly placeDep ROOT on-headers@1.1.0 OK for: compression@1.8.1 want: ~1.1.0
2780 silly placeDep ROOT safe-buffer@5.2.1 OK for: compression@1.8.1 want: 5.2.1
2781 silly placeDep ROOT vary@1.1.2 OK for: compression@1.8.1 want: ~1.1.2
2782 silly placeDep ROOT hosted-git-info@7.0.2 OK for: npm-package-arg@11.0.3 want: ^7.0.0
2783 silly placeDep ROOT proc-log@4.2.0 OK for: npm-package-arg@11.0.3 want: ^4.0.0
2784 silly placeDep ROOT validate-npm-package-name@5.0.1 OK for: npm-package-arg@11.0.3 want: ^5.0.0
2785 silly fetch manifest lru-cache@^10.0.1
2786 silly packumentCache full:https://registry.npmjs.org/lru-cache cache-hit
2787 silly placeDep node_modules/hosted-git-info lru-cache@10.4.3 OK for: hosted-git-info@7.0.2 want: ^10.0.1
2788 silly placeDep ROOT cli-cursor@2.1.0 OK for: ora@3.4.0 want: ^2.1.0
2789 silly placeDep ROOT cli-spinners@2.9.2 OK for: ora@3.4.0 want: ^2.0.0
2790 silly placeDep ROOT log-symbols@2.2.0 OK for: ora@3.4.0 want: ^2.2.0
2791 silly placeDep node_modules/ora strip-ansi@5.2.0 OK for: ora@3.4.0 want: ^5.2.0
2792 silly placeDep ROOT wcwidth@1.0.1 OK for: ora@3.4.0 want: ^1.0.1
2793 silly fetch manifest restore-cursor@^2.0.0
2794 silly packumentCache full:https://registry.npmjs.org/restore-cursor cache-miss
2795 silly fetch manifest ansi-regex@^4.1.0
2796 silly packumentCache full:https://registry.npmjs.org/ansi-regex cache-miss
2797 silly fetch manifest defaults@^1.0.3
2798 silly packumentCache full:https://registry.npmjs.org/defaults cache-miss
2799 http cache https://registry.npmjs.org/ansi-regex 10ms (cache hit)
2800 silly packumentCache full:https://registry.npmjs.org/ansi-regex set size:43572 disposed:false
2801 http fetch GET 200 https://registry.npmjs.org/defaults 63ms (cache miss)
2802 silly packumentCache full:https://registry.npmjs.org/defaults set size:undefined disposed:false
2803 http fetch GET 200 https://registry.npmjs.org/restore-cursor 65ms (cache miss)
2804 silly packumentCache full:https://registry.npmjs.org/restore-cursor set size:undefined disposed:false
2805 silly placeDep ROOT restore-cursor@2.0.0 OK for: cli-cursor@2.1.0 want: ^2.0.0
2806 silly fetch manifest onetime@^2.0.0
2807 silly packumentCache full:https://registry.npmjs.org/onetime cache-miss
2808 http fetch GET 200 https://registry.npmjs.org/onetime 75ms (cache miss)
2809 silly packumentCache full:https://registry.npmjs.org/onetime set size:undefined disposed:false
2810 silly placeDep ROOT pngjs@3.4.0 OK for: parse-png@2.1.0 want: ^3.3.0
2811 silly placeDep ROOT kleur@3.0.3 OK for: prompts@2.4.2 want: ^3.0.3
2812 silly placeDep ROOT sisteransi@1.0.5 OK for: prompts@2.4.2 want: ^1.0.5
2813 silly placeDep ROOT nested-error-stacks@2.0.1 OK for: requireg@0.2.2 want: ~2.0.1
2814 silly placeDep ROOT rc@1.2.8 OK for: requireg@0.2.2 want: ~1.2.7
2815 silly placeDep node_modules/requireg resolve@1.7.1 OK for: requireg@0.2.2 want: ~1.7.1
2816 silly fetch manifest ini@~1.3.0
2817 silly packumentCache full:https://registry.npmjs.org/ini cache-miss
2818 silly fetch manifest minimist@^1.2.0
2819 silly packumentCache full:https://registry.npmjs.org/minimist cache-miss
2820 silly fetch manifest deep-extend@^0.6.0
2821 silly packumentCache full:https://registry.npmjs.org/deep-extend cache-miss
2822 silly fetch manifest strip-json-comments@~2.0.1
2823 silly packumentCache full:https://registry.npmjs.org/strip-json-comments cache-miss
2824 silly fetch manifest path-parse@^1.0.5
2825 silly packumentCache full:https://registry.npmjs.org/path-parse cache-miss
2826 http cache https://registry.npmjs.org/path-parse 6ms (cache hit)
2827 silly packumentCache full:https://registry.npmjs.org/path-parse set size:14523 disposed:false
2828 http fetch GET 200 https://registry.npmjs.org/strip-json-comments 176ms (cache miss)
2829 silly packumentCache full:https://registry.npmjs.org/strip-json-comments set size:undefined disposed:false
2830 http fetch GET 200 https://registry.npmjs.org/minimist 179ms (cache miss)
2831 silly packumentCache full:https://registry.npmjs.org/minimist set size:undefined disposed:false
2832 http fetch GET 200 https://registry.npmjs.org/deep-extend 180ms (cache miss)
2833 silly packumentCache full:https://registry.npmjs.org/deep-extend set size:undefined disposed:false
2834 http fetch GET 200 https://registry.npmjs.org/ini 184ms (cache miss)
2835 silly packumentCache full:https://registry.npmjs.org/ini set size:undefined disposed:false
2836 silly placeDep ROOT deep-extend@0.6.0 OK for: rc@1.2.8 want: ^0.6.0
2837 silly placeDep ROOT ini@1.3.8 OK for: rc@1.2.8 want: ~1.3.0
2838 silly placeDep ROOT minimist@1.2.8 OK for: rc@1.2.8 want: ^1.2.0
2839 silly placeDep ROOT strip-json-comments@2.0.1 OK for: rc@1.2.8 want: ~2.0.1
2840 silly placeDep ROOT es-errors@1.3.0 OK for: resolve@1.22.12 want: ^1.3.0
2841 silly placeDep ROOT is-core-module@2.16.1 OK for: resolve@1.22.12 want: ^2.16.1
2842 silly placeDep ROOT path-parse@1.0.7 OK for: resolve@1.22.12 want: ^1.0.7
2843 silly placeDep ROOT supports-preserve-symlinks-flag@1.0.0 OK for: resolve@1.22.12 want: ^1.0.0
2844 silly fetch manifest hasown@^2.0.2
2845 silly packumentCache full:https://registry.npmjs.org/hasown cache-miss
2846 http fetch GET 200 https://registry.npmjs.org/hasown 135ms (cache miss)
2847 silly packumentCache full:https://registry.npmjs.org/hasown set size:undefined disposed:false
2848 silly placeDep ROOT hasown@2.0.3 OK for: is-core-module@2.16.1 want: ^2.0.2
2849 silly fetch manifest function-bind@^1.1.2
2850 silly packumentCache full:https://registry.npmjs.org/function-bind cache-miss
2851 http fetch GET 200 https://registry.npmjs.org/function-bind 86ms (cache miss)
2852 silly packumentCache full:https://registry.npmjs.org/function-bind set size:undefined disposed:false
2853 silly placeDep ROOT function-bind@1.1.2 OK for: hasown@2.0.3 want: ^1.1.2
2854 silly placeDep ROOT onetime@2.0.1 OK for: restore-cursor@2.0.0 want: ^2.0.0
2855 silly fetch manifest mimic-fn@^1.0.0
2856 silly packumentCache full:https://registry.npmjs.org/mimic-fn cache-miss
2857 http fetch GET 200 https://registry.npmjs.org/mimic-fn 65ms (cache miss)
2858 silly packumentCache full:https://registry.npmjs.org/mimic-fn set size:undefined disposed:false
2859 silly placeDep ROOT mimic-fn@1.2.0 OK for: onetime@2.0.1 want: ^1.0.0
2860 silly placeDep ROOT @isaacs/fs-minipass@4.0.1 OK for: tar@7.5.13 want: ^4.0.0
2861 silly placeDep ROOT chownr@3.0.0 OK for: tar@7.5.13 want: ^3.0.0
2862 silly placeDep ROOT minizlib@3.1.0 OK for: tar@7.5.13 want: ^3.1.0
2863 silly placeDep node_modules/tar yallist@5.0.0 OK for: tar@7.5.13 want: ^5.0.0
2864 silly placeDep ROOT ansi-escapes@4.3.2 OK for: terminal-link@2.1.1 want: ^4.2.1
2865 silly placeDep ROOT supports-hyperlinks@2.3.0 OK for: terminal-link@2.1.1 want: ^2.0.0
2866 silly fetch manifest type-fest@^0.21.3
2867 silly packumentCache full:https://registry.npmjs.org/type-fest cache-miss
2868 silly fetch manifest supports-color@^7.0.0
2869 silly packumentCache full:https://registry.npmjs.org/supports-color cache-hit
2870 http cache https://registry.npmjs.org/type-fest 5ms (cache hit)
2871 silly packumentCache full:https://registry.npmjs.org/type-fest set size:560517 disposed:false
2872 silly placeDep node_modules/ansi-escapes type-fest@0.21.3 OK for: ansi-escapes@4.3.2 want: ^0.21.3
2873 silly placeDep node_modules/supports-hyperlinks has-flag@4.0.0 OK for: supports-hyperlinks@2.3.0 want: ^4.0.0
2874 silly placeDep node_modules/supports-hyperlinks supports-color@7.2.0 OK for: supports-hyperlinks@2.3.0 want: ^7.0.0
2875 silly placeDep ROOT defaults@1.0.4 OK for: wcwidth@1.0.1 want: ^1.0.3
2876 silly fetch manifest clone@^1.0.2
2877 silly packumentCache full:https://registry.npmjs.org/clone cache-miss
2878 http fetch GET 200 https://registry.npmjs.org/clone 54ms (cache miss)
2879 silly packumentCache full:https://registry.npmjs.org/clone set size:undefined disposed:false
2880 silly placeDep ROOT clone@1.0.4 OK for: defaults@1.0.4 want: ^1.0.2
2881 silly placeDep node_modules/@expo/env ansi-styles@4.3.0 OK for: chalk@4.1.2 want: ^4.1.0
2882 silly placeDep node_modules/@expo/env supports-color@7.2.0 OK for: chalk@4.1.2 want: ^7.1.0
2883 silly placeDep node_modules/@expo/env color-convert@2.0.1 OK for: ansi-styles@4.3.0 want: ^2.0.1
2884 silly placeDep node_modules/@expo/env color-name@1.1.4 OK for: color-convert@2.0.1 want: ~1.1.4
2885 silly placeDep node_modules/@expo/env has-flag@4.0.0 OK for: supports-color@7.2.0 want: ^4.0.0
2886 silly placeDep node_modules/@expo/image-utils ansi-styles@4.3.0 OK for: chalk@4.1.2 want: ^4.1.0
2887 silly placeDep node_modules/@expo/image-utils supports-color@7.2.0 OK for: chalk@4.1.2 want: ^7.1.0
2888 silly placeDep node_modules/@expo/image-utils color-convert@2.0.1 OK for: ansi-styles@4.3.0 want: ^2.0.1
2889 silly placeDep node_modules/@expo/image-utils color-name@1.1.4 OK for: color-convert@2.0.1 want: ~1.1.4
2890 silly placeDep node_modules/@expo/image-utils has-flag@4.0.0 OK for: supports-color@7.2.0 want: ^4.0.0
2891 silly placeDep node_modules/@expo/package-manager ansi-styles@4.3.0 OK for: chalk@4.1.2 want: ^4.1.0
2892 silly placeDep node_modules/@expo/package-manager supports-color@7.2.0 OK for: chalk@4.1.2 want: ^7.1.0
2893 silly placeDep node_modules/@expo/package-manager color-convert@2.0.1 OK for: ansi-styles@4.3.0 want: ^2.0.1
2894 silly placeDep node_modules/@expo/package-manager color-name@1.1.4 OK for: color-convert@2.0.1 want: ~1.1.4
2895 silly placeDep node_modules/@expo/package-manager has-flag@4.0.0 OK for: supports-color@7.2.0 want: ^4.0.0
2896 silly placeDep node_modules/@expo/xcpretty ansi-styles@4.3.0 OK for: chalk@4.1.2 want: ^4.1.0
2897 silly placeDep node_modules/@expo/xcpretty supports-color@7.2.0 OK for: chalk@4.1.2 want: ^7.1.0
2898 silly placeDep node_modules/@expo/xcpretty color-convert@2.0.1 OK for: ansi-styles@4.3.0 want: ^2.0.1
2899 silly placeDep node_modules/@expo/xcpretty color-name@1.1.4 OK for: color-convert@2.0.1 want: ~1.1.4
2900 silly placeDep node_modules/@expo/xcpretty argparse@2.0.1 OK for: js-yaml@4.1.1 want: ^2.0.1
2901 silly placeDep node_modules/@expo/xcpretty has-flag@4.0.0 OK for: supports-color@7.2.0 want: ^4.0.0
2902 silly placeDep ROOT define-lazy-prop@2.0.0 OK for: open@8.4.2 want: ^2.0.0
2903 silly placeDep node_modules/compression ms@2.0.0 OK for: debug@2.6.9 want: 2.0.0
2904 silly placeDep node_modules/expo @babel/code-frame@7.29.0 OK for: @expo/metro-config@54.0.14 want: ^7.20.0
2905 silly placeDep node_modules/expo hermes-parser@0.29.1 OK for: @expo/metro-config@54.0.14 want: ^0.29.1
2906 silly placeDep ROOT lightningcss@1.32.0 OK for: @expo/metro-config@54.0.14 want: ^1.30.1
2907 silly placeDep ROOT postcss@8.4.49 OK for: @expo/metro-config@54.0.14 want: ~8.4.32
2908 silly fetch manifest detect-libc@^2.0.3
2909 silly packumentCache full:https://registry.npmjs.org/detect-libc cache-miss
2910 silly fetch manifest lightningcss-darwin-x64@1.32.0
2911 silly packumentCache full:https://registry.npmjs.org/lightningcss-darwin-x64 cache-miss
2912 silly fetch manifest lightningcss-linux-x64-gnu@1.32.0
2913 silly packumentCache full:https://registry.npmjs.org/lightningcss-linux-x64-gnu cache-miss
2914 silly fetch manifest lightningcss-win32-x64-msvc@1.32.0
2915 silly packumentCache full:https://registry.npmjs.org/lightningcss-win32-x64-msvc cache-miss
2916 silly fetch manifest lightningcss-win32-arm64-msvc@1.32.0
2917 silly packumentCache full:https://registry.npmjs.org/lightningcss-win32-arm64-msvc cache-miss
2918 silly fetch manifest lightningcss-darwin-arm64@1.32.0
2919 silly packumentCache full:https://registry.npmjs.org/lightningcss-darwin-arm64 cache-miss
2920 silly fetch manifest lightningcss-linux-arm64-gnu@1.32.0
2921 silly packumentCache full:https://registry.npmjs.org/lightningcss-linux-arm64-gnu cache-miss
2922 silly fetch manifest lightningcss-linux-arm-gnueabihf@1.32.0
2923 silly packumentCache full:https://registry.npmjs.org/lightningcss-linux-arm-gnueabihf cache-miss
2924 silly fetch manifest lightningcss-linux-arm64-musl@1.32.0
2925 silly packumentCache full:https://registry.npmjs.org/lightningcss-linux-arm64-musl cache-miss
2926 silly fetch manifest lightningcss-linux-x64-musl@1.32.0
2927 silly packumentCache full:https://registry.npmjs.org/lightningcss-linux-x64-musl cache-miss
2928 silly fetch manifest lightningcss-freebsd-x64@1.32.0
2929 silly packumentCache full:https://registry.npmjs.org/lightningcss-freebsd-x64 cache-miss
2930 http fetch GET 200 https://registry.npmjs.org/lightningcss-linux-x64-gnu 67ms (cache miss)
2931 silly packumentCache full:https://registry.npmjs.org/lightningcss-linux-x64-gnu set size:undefined disposed:false
2932 silly fetch manifest lightningcss-android-arm64@1.32.0
2933 silly packumentCache full:https://registry.npmjs.org/lightningcss-android-arm64 cache-miss
2934 http fetch GET 200 https://registry.npmjs.org/detect-libc 77ms (cache miss)
2935 silly packumentCache full:https://registry.npmjs.org/detect-libc set size:undefined disposed:false
2936 silly fetch manifest nanoid@^3.3.7
2937 silly packumentCache full:https://registry.npmjs.org/nanoid cache-miss
2938 http fetch GET 200 https://registry.npmjs.org/lightningcss-win32-x64-msvc 79ms (cache miss)
2939 silly packumentCache full:https://registry.npmjs.org/lightningcss-win32-x64-msvc set size:undefined disposed:false
2940 silly fetch manifest source-map-js@^1.2.1
2941 silly packumentCache full:https://registry.npmjs.org/source-map-js cache-miss
2942 http fetch GET 200 https://registry.npmjs.org/lightningcss-freebsd-x64 79ms (cache miss)
2943 silly packumentCache full:https://registry.npmjs.org/lightningcss-freebsd-x64 set size:undefined disposed:false
2944 http fetch GET 200 https://registry.npmjs.org/lightningcss-darwin-x64 83ms (cache miss)
2945 silly packumentCache full:https://registry.npmjs.org/lightningcss-darwin-x64 set size:undefined disposed:false
2946 http fetch GET 200 https://registry.npmjs.org/lightningcss-linux-x64-musl 83ms (cache miss)
2947 silly packumentCache full:https://registry.npmjs.org/lightningcss-linux-x64-musl set size:undefined disposed:false
2948 http fetch GET 200 https://registry.npmjs.org/lightningcss-linux-arm64-gnu 84ms (cache miss)
2949 silly packumentCache full:https://registry.npmjs.org/lightningcss-linux-arm64-gnu set size:undefined disposed:false
2950 http fetch GET 200 https://registry.npmjs.org/lightningcss-darwin-arm64 85ms (cache miss)
2951 silly packumentCache full:https://registry.npmjs.org/lightningcss-darwin-arm64 set size:undefined disposed:false
2952 http fetch GET 200 https://registry.npmjs.org/lightningcss-android-arm64 115ms (cache miss)
2953 silly packumentCache full:https://registry.npmjs.org/lightningcss-android-arm64 set size:undefined disposed:false
2954 http fetch GET 200 https://registry.npmjs.org/lightningcss-win32-arm64-msvc 183ms (cache miss)
2955 silly packumentCache full:https://registry.npmjs.org/lightningcss-win32-arm64-msvc set size:undefined disposed:false
2956 http fetch GET 200 https://registry.npmjs.org/lightningcss-linux-arm64-musl 196ms (cache miss)
2957 silly packumentCache full:https://registry.npmjs.org/lightningcss-linux-arm64-musl set size:undefined disposed:false
2958 http fetch GET 200 https://registry.npmjs.org/source-map-js 119ms (cache miss)
2959 silly packumentCache full:https://registry.npmjs.org/source-map-js set size:undefined disposed:false
2960 http fetch GET 200 https://registry.npmjs.org/nanoid 123ms (cache miss)
2961 silly packumentCache full:https://registry.npmjs.org/nanoid set size:undefined disposed:false
2962 http fetch GET 200 https://registry.npmjs.org/lightningcss-linux-arm-gnueabihf 397ms (cache miss)
2963 silly packumentCache full:https://registry.npmjs.org/lightningcss-linux-arm-gnueabihf set size:undefined disposed:false
2964 silly placeDep ROOT detect-libc@2.1.2 OK for: lightningcss@1.32.0 want: ^2.0.3
2965 silly placeDep ROOT lightningcss-android-arm64@1.32.0 OK for: lightningcss@1.32.0 want: 1.32.0
2966 silly placeDep ROOT lightningcss-darwin-arm64@1.32.0 OK for: lightningcss@1.32.0 want: 1.32.0
2967 silly placeDep ROOT lightningcss-darwin-x64@1.32.0 OK for: lightningcss@1.32.0 want: 1.32.0
2968 silly placeDep ROOT lightningcss-freebsd-x64@1.32.0 OK for: lightningcss@1.32.0 want: 1.32.0
2969 silly placeDep ROOT lightningcss-linux-arm-gnueabihf@1.32.0 OK for: lightningcss@1.32.0 want: 1.32.0
2970 silly placeDep ROOT lightningcss-linux-arm64-gnu@1.32.0 OK for: lightningcss@1.32.0 want: 1.32.0
2971 silly placeDep ROOT lightningcss-linux-arm64-musl@1.32.0 OK for: lightningcss@1.32.0 want: 1.32.0
2972 silly placeDep ROOT lightningcss-linux-x64-gnu@1.32.0 OK for: lightningcss@1.32.0 want: 1.32.0
2973 silly placeDep ROOT lightningcss-linux-x64-musl@1.32.0 OK for: lightningcss@1.32.0 want: 1.32.0
2974 silly placeDep ROOT lightningcss-win32-arm64-msvc@1.32.0 OK for: lightningcss@1.32.0 want: 1.32.0
2975 silly placeDep ROOT lightningcss-win32-x64-msvc@1.32.0 OK for: lightningcss@1.32.0 want: 1.32.0
2976 silly placeDep ROOT nanoid@3.3.11 OK for: postcss@8.4.49 want: ^3.3.7
2977 silly placeDep ROOT source-map-js@1.2.1 OK for: postcss@8.4.49 want: ^1.2.1
2978 silly fetch manifest @babel/core@^7.0.0-0
2979 silly packumentCache full:https://registry.npmjs.org/@babel%2fcore cache-hit
2980 silly fetch manifest @babel/core@^7.12.0
2981 silly packumentCache full:https://registry.npmjs.org/@babel%2fcore cache-hit
2982 silly placeDep ROOT @babel/plugin-proposal-decorators@7.29.0 OK for: babel-preset-expo@54.0.10 want: ^7.12.9
2983 silly placeDep ROOT @babel/plugin-proposal-export-default-from@7.27.1 OK for: babel-preset-expo@54.0.10 want: ^7.24.7
2984 silly placeDep ROOT @babel/plugin-syntax-export-default-from@7.28.6 OK for: babel-preset-expo@54.0.10 want: ^7.24.7
2985 silly placeDep ROOT @babel/plugin-transform-class-static-block@7.28.6 OK for: babel-preset-expo@54.0.10 want: ^7.27.1
2986 silly placeDep ROOT @babel/plugin-transform-export-namespace-from@7.27.1 OK for: babel-preset-expo@54.0.10 want: ^7.25.9
2987 silly placeDep ROOT @babel/plugin-transform-flow-strip-types@7.27.1 OK for: babel-preset-expo@54.0.10 want: ^7.25.2
2988 silly placeDep ROOT @babel/plugin-transform-object-rest-spread@7.28.6 OK for: babel-preset-expo@54.0.10 want: ^7.24.7
2989 silly placeDep ROOT @babel/plugin-transform-parameters@7.27.7 OK for: babel-preset-expo@54.0.10 want: ^7.24.7
2990 silly placeDep ROOT @babel/plugin-transform-private-methods@7.28.6 OK for: babel-preset-expo@54.0.10 want: ^7.24.7
2991 silly placeDep ROOT @babel/plugin-transform-private-property-in-object@7.28.6 OK for: babel-preset-expo@54.0.10 want: ^7.24.7
2992 silly placeDep ROOT @babel/plugin-transform-runtime@7.29.0 OK for: babel-preset-expo@54.0.10 want: ^7.24.7
2993 silly placeDep ROOT @babel/preset-react@7.28.5 OK for: babel-preset-expo@54.0.10 want: ^7.22.15
2994 silly placeDep ROOT @babel/preset-typescript@7.28.5 OK for: babel-preset-expo@54.0.10 want: ^7.23.0
2995 silly placeDep ROOT @react-native/babel-preset@0.81.5 OK for: babel-preset-expo@54.0.10 want: 0.81.5
2996 silly placeDep ROOT babel-plugin-react-compiler@1.0.0 OK for: babel-preset-expo@54.0.10 want: ^1.0.0
2997 silly placeDep ROOT babel-plugin-react-native-web@0.21.2 OK for: babel-preset-expo@54.0.10 want: ~0.21.0
2998 silly placeDep ROOT babel-plugin-transform-flow-enums@0.0.2 OK for: babel-preset-expo@54.0.10 want: ^0.0.2
2999 silly fetch manifest @babel/plugin-syntax-decorators@^7.28.6
3000 silly packumentCache full:https://registry.npmjs.org/@babel%2fplugin-syntax-decorators cache-miss
3001 silly fetch manifest @babel/helper-create-class-features-plugin@^7.28.6
3002 silly packumentCache full:https://registry.npmjs.org/@babel%2fhelper-create-class-features-plugin cache-miss
3003 silly fetch manifest @babel/helper-create-class-features-plugin@^7.28.6
3004 silly packumentCache full:https://registry.npmjs.org/@babel%2fhelper-create-class-features-plugin cache-miss
3005 silly fetch manifest @babel/plugin-syntax-flow@^7.27.1
3006 silly packumentCache full:https://registry.npmjs.org/@babel%2fplugin-syntax-flow cache-miss
3007 silly fetch manifest @babel/plugin-transform-parameters@^7.27.7
3008 silly packumentCache full:https://registry.npmjs.org/@babel%2fplugin-transform-parameters cache-miss
3009 silly fetch manifest @babel/plugin-transform-destructuring@^7.28.5
3010 silly packumentCache full:https://registry.npmjs.org/@babel%2fplugin-transform-destructuring cache-miss
3011 silly fetch manifest @babel/helper-create-class-features-plugin@^7.28.6
3012 silly packumentCache full:https://registry.npmjs.org/@babel%2fhelper-create-class-features-plugin cache-miss
3013 silly fetch manifest @babel/helper-annotate-as-pure@^7.27.3
3014 silly packumentCache full:https://registry.npmjs.org/@babel%2fhelper-annotate-as-pure cache-miss
3015 silly fetch manifest @babel/helper-create-class-features-plugin@^7.28.6
3016 silly packumentCache full:https://registry.npmjs.org/@babel%2fhelper-create-class-features-plugin cache-miss
3017 silly fetch manifest babel-plugin-polyfill-corejs2@^0.4.14
3018 silly packumentCache full:https://registry.npmjs.org/babel-plugin-polyfill-corejs2 cache-miss
3019 silly fetch manifest babel-plugin-polyfill-corejs3@^0.13.0
3020 silly packumentCache full:https://registry.npmjs.org/babel-plugin-polyfill-corejs3 cache-miss
3021 http cache https://registry.npmjs.org/@babel%2fplugin-transform-parameters 21ms (cache hit)
3022 silly packumentCache full:https://registry.npmjs.org/@babel%2fplugin-transform-parameters set size:269382 disposed:false
3023 silly fetch manifest babel-plugin-polyfill-regenerator@^0.6.5
3024 silly packumentCache full:https://registry.npmjs.org/babel-plugin-polyfill-regenerator cache-miss
3025 http fetch GET 200 https://registry.npmjs.org/babel-plugin-polyfill-corejs2 117ms (cache miss)
3026 silly packumentCache full:https://registry.npmjs.org/babel-plugin-polyfill-corejs2 set size:undefined disposed:false
3027 silly fetch manifest @babel/plugin-transform-react-jsx@^7.27.1
3028 silly packumentCache full:https://registry.npmjs.org/@babel%2fplugin-transform-react-jsx cache-miss
3029 http fetch GET 200 https://registry.npmjs.org/@babel%2fplugin-syntax-decorators 128ms (cache miss)
3030 silly packumentCache full:https://registry.npmjs.org/@babel%2fplugin-syntax-decorators set size:undefined disposed:false
3031 silly fetch manifest @babel/plugin-transform-react-display-name@^7.28.0
3032 silly packumentCache full:https://registry.npmjs.org/@babel%2fplugin-transform-react-display-name cache-miss
3033 http fetch GET 200 https://registry.npmjs.org/@babel%2fhelper-create-class-features-plugin 149ms (cache miss)
3034 silly packumentCache full:https://registry.npmjs.org/@babel%2fhelper-create-class-features-plugin set size:undefined disposed:false
3035 silly fetch manifest @babel/plugin-transform-react-jsx-development@^7.27.1
3036 silly packumentCache full:https://registry.npmjs.org/@babel%2fplugin-transform-react-jsx-development cache-miss
3037 http fetch GET 200 https://registry.npmjs.org/babel-plugin-polyfill-corejs3 150ms (cache miss)
3038 silly packumentCache full:https://registry.npmjs.org/babel-plugin-polyfill-corejs3 set size:undefined disposed:false
3039 silly fetch manifest @babel/plugin-transform-react-pure-annotations@^7.27.1
3040 silly packumentCache full:https://registry.npmjs.org/@babel%2fplugin-transform-react-pure-annotations cache-miss
3041 http fetch GET 200 https://registry.npmjs.org/@babel%2fplugin-transform-destructuring 166ms (cache miss)
3042 silly packumentCache full:https://registry.npmjs.org/@babel%2fplugin-transform-destructuring set size:undefined disposed:false
3043 silly fetch manifest @babel/plugin-syntax-jsx@^7.27.1
3044 silly packumentCache full:https://registry.npmjs.org/@babel%2fplugin-syntax-jsx cache-miss
3045 http fetch GET 200 https://registry.npmjs.org/@babel%2fhelper-create-class-features-plugin 199ms (cache miss)
3046 silly packumentCache full:https://registry.npmjs.org/@babel%2fhelper-create-class-features-plugin set size:undefined disposed:false
3047 silly fetch manifest @babel/plugin-transform-typescript@^7.28.5
3048 silly packumentCache full:https://registry.npmjs.org/@babel%2fplugin-transform-typescript cache-miss
3049 http fetch GET 200 https://registry.npmjs.org/@babel%2fplugin-transform-react-jsx 87ms (cache miss)
3050 silly packumentCache full:https://registry.npmjs.org/@babel%2fplugin-transform-react-jsx set size:undefined disposed:false
3051 silly fetch manifest @babel/plugin-transform-for-of@^7.24.7
3052 silly packumentCache full:https://registry.npmjs.org/@babel%2fplugin-transform-for-of cache-miss
3053 http fetch GET 200 https://registry.npmjs.org/@babel%2fplugin-transform-react-jsx-development 65ms (cache miss)
3054 silly packumentCache full:https://registry.npmjs.org/@babel%2fplugin-transform-react-jsx-development set size:undefined disposed:false
3055 silly fetch manifest @babel/plugin-transform-spread@^7.24.7
3056 silly packumentCache full:https://registry.npmjs.org/@babel%2fplugin-transform-spread cache-miss
3057 http fetch GET 200 https://registry.npmjs.org/@babel%2fhelper-annotate-as-pure 240ms (cache miss)
3058 silly packumentCache full:https://registry.npmjs.org/@babel%2fhelper-annotate-as-pure set size:undefined disposed:false
3059 silly fetch manifest @babel/plugin-transform-classes@^7.25.4
3060 silly packumentCache full:https://registry.npmjs.org/@babel%2fplugin-transform-classes cache-miss
3061 http fetch GET 200 https://registry.npmjs.org/@babel%2fplugin-transform-react-pure-annotations 99ms (cache miss)
3062 silly packumentCache full:https://registry.npmjs.org/@babel%2fplugin-transform-react-pure-annotations set size:undefined disposed:false
3063 silly fetch manifest @babel/plugin-transform-literals@^7.25.2
3064 silly packumentCache full:https://registry.npmjs.org/@babel%2fplugin-transform-literals cache-miss
3065 http fetch GET 200 https://registry.npmjs.org/@babel%2fhelper-create-class-features-plugin 268ms (cache miss)
3066 silly packumentCache full:https://registry.npmjs.org/@babel%2fhelper-create-class-features-plugin set size:undefined disposed:false
3067 silly fetch manifest @babel/plugin-transform-react-jsx@^7.25.2
3068 silly packumentCache full:https://registry.npmjs.org/@babel%2fplugin-transform-react-jsx cache-miss
3069 http cache https://registry.npmjs.org/@babel%2fplugin-transform-react-jsx 8ms (cache hit)
3070 silly packumentCache full:https://registry.npmjs.org/@babel%2fplugin-transform-react-jsx set size:284411 disposed:false
3071 silly fetch manifest @babel/plugin-transform-typescript@^7.25.2
3072 silly packumentCache full:https://registry.npmjs.org/@babel%2fplugin-transform-typescript cache-miss
3073 http fetch GET 200 https://registry.npmjs.org/@babel%2fplugin-transform-spread 168ms (cache miss)
3074 silly packumentCache full:https://registry.npmjs.org/@babel%2fplugin-transform-spread set size:undefined disposed:false
3075 silly fetch manifest @react-native/babel-plugin-codegen@0.81.5
3076 silly packumentCache full:https://registry.npmjs.org/@react-native%2fbabel-plugin-codegen cache-miss
3077 http fetch GET 200 https://registry.npmjs.org/babel-plugin-polyfill-regenerator 374ms (cache miss)
3078 silly packumentCache full:https://registry.npmjs.org/babel-plugin-polyfill-regenerator set size:undefined disposed:false
3079 silly fetch manifest @babel/plugin-syntax-dynamic-import@^7.8.3
3080 silly packumentCache full:https://registry.npmjs.org/@babel%2fplugin-syntax-dynamic-import cache-miss
3081 http fetch GET 200 https://registry.npmjs.org/@babel%2fplugin-transform-classes 162ms (cache miss)
3082 silly packumentCache full:https://registry.npmjs.org/@babel%2fplugin-transform-classes set size:undefined disposed:false
3083 silly fetch manifest @babel/plugin-transform-regenerator@^7.24.7
3084 silly packumentCache full:https://registry.npmjs.org/@babel%2fplugin-transform-regenerator cache-miss
3085 http fetch GET 200 https://registry.npmjs.org/@babel%2fplugin-transform-literals 231ms (cache miss)
3086 silly packumentCache full:https://registry.npmjs.org/@babel%2fplugin-transform-literals set size:undefined disposed:false
3087 silly fetch manifest @babel/plugin-transform-sticky-regex@^7.24.7
3088 silly packumentCache full:https://registry.npmjs.org/@babel%2fplugin-transform-sticky-regex cache-miss
3089 http fetch GET 200 https://registry.npmjs.org/@babel%2fplugin-syntax-jsx 356ms (cache miss)
3090 silly packumentCache full:https://registry.npmjs.org/@babel%2fplugin-syntax-jsx set size:undefined disposed:false
3091 silly fetch manifest @babel/plugin-transform-block-scoping@^7.25.0
3092 silly packumentCache full:https://registry.npmjs.org/@babel%2fplugin-transform-block-scoping cache-miss
3093 http fetch GET 200 https://registry.npmjs.org/@babel%2fplugin-transform-react-display-name 444ms (cache miss)
3094 silly packumentCache full:https://registry.npmjs.org/@babel%2fplugin-transform-react-display-name set size:undefined disposed:false
3095 silly fetch manifest @babel/plugin-transform-destructuring@^7.24.8
3096 silly packumentCache full:https://registry.npmjs.org/@babel%2fplugin-transform-destructuring cache-miss
3097 http cache https://registry.npmjs.org/@babel%2fplugin-transform-destructuring 5ms (cache hit)
3098 silly packumentCache full:https://registry.npmjs.org/@babel%2fplugin-transform-destructuring set size:288677 disposed:false
3099 silly fetch manifest @babel/plugin-transform-function-name@^7.25.1
3100 silly packumentCache full:https://registry.npmjs.org/@babel%2fplugin-transform-function-name cache-miss
3101 http fetch GET 200 https://registry.npmjs.org/@babel%2fplugin-syntax-dynamic-import 206ms (cache miss)
3102 silly packumentCache full:https://registry.npmjs.org/@babel%2fplugin-syntax-dynamic-import set size:undefined disposed:false
3103 silly fetch manifest @babel/plugin-transform-unicode-regex@^7.24.7
3104 silly packumentCache full:https://registry.npmjs.org/@babel%2fplugin-transform-unicode-regex cache-miss
3105 http fetch GET 200 https://registry.npmjs.org/@babel%2fplugin-transform-typescript 330ms (cache miss)
3106 silly packumentCache full:https://registry.npmjs.org/@babel%2fplugin-transform-typescript set size:undefined disposed:false
3107 silly fetch manifest @babel/plugin-transform-react-jsx-self@^7.24.7
3108 silly packumentCache full:https://registry.npmjs.org/@babel%2fplugin-transform-react-jsx-self cache-miss
3109 http fetch GET 200 https://registry.npmjs.org/@babel%2fplugin-syntax-flow 635ms (cache miss)
3110 silly packumentCache full:https://registry.npmjs.org/@babel%2fplugin-syntax-flow set size:undefined disposed:false
3111 silly fetch manifest @babel/plugin-transform-arrow-functions@^7.24.7
3112 silly packumentCache full:https://registry.npmjs.org/@babel%2fplugin-transform-arrow-functions cache-miss
3113 http fetch GET 200 https://registry.npmjs.org/@react-native%2fbabel-plugin-codegen 245ms (cache miss)
3114 silly packumentCache full:https://registry.npmjs.org/@react-native%2fbabel-plugin-codegen set size:undefined disposed:false
3115 silly fetch manifest @babel/plugin-transform-class-properties@^7.25.4
3116 silly packumentCache full:https://registry.npmjs.org/@babel%2fplugin-transform-class-properties cache-miss
3117 http fetch GET 200 https://registry.npmjs.org/@babel%2fplugin-transform-sticky-regex 164ms (cache miss)
3118 silly packumentCache full:https://registry.npmjs.org/@babel%2fplugin-transform-sticky-regex set size:undefined disposed:false
3119 silly fetch manifest @babel/plugin-transform-react-jsx-source@^7.24.7
3120 silly packumentCache full:https://registry.npmjs.org/@babel%2fplugin-transform-react-jsx-source cache-miss
3121 http fetch GET 200 https://registry.npmjs.org/@babel%2fplugin-transform-function-name 72ms (cache miss)
3122 silly packumentCache full:https://registry.npmjs.org/@babel%2fplugin-transform-function-name set size:undefined disposed:false
3123 silly fetch manifest @babel/plugin-transform-numeric-separator@^7.24.7
3124 silly packumentCache full:https://registry.npmjs.org/@babel%2fplugin-transform-numeric-separator cache-miss
3125 http fetch GET 200 https://registry.npmjs.org/@babel%2fplugin-transform-block-scoping 134ms (cache miss)
3126 silly packumentCache full:https://registry.npmjs.org/@babel%2fplugin-transform-block-scoping set size:undefined disposed:false
3127 silly fetch manifest @babel/plugin-transform-optional-chaining@^7.24.8
3128 silly packumentCache full:https://registry.npmjs.org/@babel%2fplugin-transform-optional-chaining cache-miss
3129 http fetch GET 200 https://registry.npmjs.org/@babel%2fplugin-transform-arrow-functions 158ms (cache miss)
3130 silly packumentCache full:https://registry.npmjs.org/@babel%2fplugin-transform-arrow-functions set size:undefined disposed:false
3131 silly fetch manifest @babel/plugin-transform-async-to-generator@^7.24.7
3132 silly packumentCache full:https://registry.npmjs.org/@babel%2fplugin-transform-async-to-generator cache-miss
3133 http fetch GET 200 https://registry.npmjs.org/@babel%2fplugin-transform-optional-chaining 132ms (cache miss)
3134 silly packumentCache full:https://registry.npmjs.org/@babel%2fplugin-transform-optional-chaining set size:undefined disposed:false
3135 silly fetch manifest @babel/plugin-transform-react-display-name@^7.24.7
3136 silly packumentCache full:https://registry.npmjs.org/@babel%2fplugin-transform-react-display-name cache-miss
3137 http fetch GET 200 https://registry.npmjs.org/@babel%2fplugin-transform-for-of 590ms (cache miss)
3138 silly packumentCache full:https://registry.npmjs.org/@babel%2fplugin-transform-for-of set size:undefined disposed:false
3139 silly fetch manifest @babel/plugin-transform-computed-properties@^7.24.7
3140 silly packumentCache full:https://registry.npmjs.org/@babel%2fplugin-transform-computed-properties cache-miss
3141 http cache https://registry.npmjs.org/@babel%2fplugin-transform-react-display-name 5ms (cache hit)
3142 silly packumentCache full:https://registry.npmjs.org/@babel%2fplugin-transform-react-display-name set size:205760 disposed:false
3143 silly fetch manifest @babel/plugin-transform-shorthand-properties@^7.24.7
3144 silly packumentCache full:https://registry.npmjs.org/@babel%2fplugin-transform-shorthand-properties cache-miss
3145 http fetch GET 200 https://registry.npmjs.org/@babel%2fplugin-transform-typescript 646ms (cache miss)
3146 silly packumentCache full:https://registry.npmjs.org/@babel%2fplugin-transform-typescript set size:undefined disposed:false
3147 silly fetch manifest @babel/plugin-transform-optional-catch-binding@^7.24.7
3148 silly packumentCache full:https://registry.npmjs.org/@babel%2fplugin-transform-optional-catch-binding cache-miss
3149 http fetch GET 200 https://registry.npmjs.org/@babel%2fplugin-transform-react-jsx-self 255ms (cache miss)
3150 silly packumentCache full:https://registry.npmjs.org/@babel%2fplugin-transform-react-jsx-self set size:undefined disposed:false
3151 silly fetch manifest @babel/plugin-transform-async-generator-functions@^7.25.4
3152 silly packumentCache full:https://registry.npmjs.org/@babel%2fplugin-transform-async-generator-functions cache-miss
3153 http fetch GET 200 https://registry.npmjs.org/@babel%2fplugin-transform-react-jsx-source 299ms (cache miss)
3154 silly packumentCache full:https://registry.npmjs.org/@babel%2fplugin-transform-react-jsx-source set size:undefined disposed:false
3155 silly fetch manifest @babel/plugin-transform-nullish-coalescing-operator@^7.24.7
3156 silly packumentCache full:https://registry.npmjs.org/@babel%2fplugin-transform-nullish-coalescing-operator cache-miss
3157 http fetch GET 200 https://registry.npmjs.org/@babel%2fhelper-create-class-features-plugin 952ms (cache miss)
3158 silly packumentCache full:https://registry.npmjs.org/@babel%2fhelper-create-class-features-plugin set size:undefined disposed:false
3159 silly fetch manifest @babel/plugin-transform-logical-assignment-operators@^7.24.7
3160 silly packumentCache full:https://registry.npmjs.org/@babel%2fplugin-transform-logical-assignment-operators cache-miss
3161 http fetch GET 200 https://registry.npmjs.org/@babel%2fplugin-transform-unicode-regex 352ms (cache miss)
3162 silly packumentCache full:https://registry.npmjs.org/@babel%2fplugin-transform-unicode-regex set size:undefined disposed:false
3163 silly fetch manifest @babel/plugin-transform-named-capturing-groups-regex@^7.24.7
3164 silly packumentCache full:https://registry.npmjs.org/@babel%2fplugin-transform-named-capturing-groups-regex cache-miss
3165 http fetch GET 200 https://registry.npmjs.org/@babel%2fplugin-transform-computed-properties 160ms (cache miss)
3166 silly packumentCache full:https://registry.npmjs.org/@babel%2fplugin-transform-computed-properties set size:undefined disposed:false
3167 silly fetch manifest @babel/plugin-syntax-flow@^7.12.1
3168 silly packumentCache full:https://registry.npmjs.org/@babel%2fplugin-syntax-flow cache-miss
3169 http fetch GET 200 https://registry.npmjs.org/@babel%2fplugin-transform-async-to-generator 167ms (cache miss)
3170 silly packumentCache full:https://registry.npmjs.org/@babel%2fplugin-transform-async-to-generator set size:undefined disposed:false
3171 http cache https://registry.npmjs.org/@babel%2fplugin-syntax-flow 4ms (cache hit)
3172 silly packumentCache full:https://registry.npmjs.org/@babel%2fplugin-syntax-flow set size:188912 disposed:false
3173 http fetch GET 200 https://registry.npmjs.org/@babel%2fplugin-transform-nullish-coalescing-operator 226ms (cache miss)
3174 silly packumentCache full:https://registry.npmjs.org/@babel%2fplugin-transform-nullish-coalescing-operator set size:undefined disposed:false
3175 http fetch GET 200 https://registry.npmjs.org/@babel%2fplugin-transform-regenerator 769ms (cache miss)
3176 silly packumentCache full:https://registry.npmjs.org/@babel%2fplugin-transform-regenerator set size:undefined disposed:false
3177 http fetch GET 200 https://registry.npmjs.org/@babel%2fplugin-transform-class-properties 586ms (cache miss)
3178 silly packumentCache full:https://registry.npmjs.org/@babel%2fplugin-transform-class-properties set size:undefined disposed:false
3179 http fetch GET 200 https://registry.npmjs.org/@babel%2fplugin-transform-numeric-separator 576ms (cache miss)
3180 silly packumentCache full:https://registry.npmjs.org/@babel%2fplugin-transform-numeric-separator set size:undefined disposed:false
3181 http fetch GET 200 https://registry.npmjs.org/@babel%2fplugin-transform-shorthand-properties 431ms (cache miss)
3182 silly packumentCache full:https://registry.npmjs.org/@babel%2fplugin-transform-shorthand-properties set size:undefined disposed:false
3183 http fetch GET 200 https://registry.npmjs.org/@babel%2fplugin-transform-named-capturing-groups-regex 337ms (cache miss)
3184 silly packumentCache full:https://registry.npmjs.org/@babel%2fplugin-transform-named-capturing-groups-regex set size:undefined disposed:false
3185 http fetch GET 200 https://registry.npmjs.org/@babel%2fplugin-transform-optional-catch-binding 583ms (cache miss)
3186 silly packumentCache full:https://registry.npmjs.org/@babel%2fplugin-transform-optional-catch-binding set size:undefined disposed:false
3187 http fetch GET 200 https://registry.npmjs.org/@babel%2fplugin-transform-async-generator-functions 661ms (cache miss)
3188 silly packumentCache full:https://registry.npmjs.org/@babel%2fplugin-transform-async-generator-functions set size:undefined disposed:false
3189 http fetch GET 200 https://registry.npmjs.org/@babel%2fplugin-transform-logical-assignment-operators 664ms (cache miss)
3190 silly packumentCache full:https://registry.npmjs.org/@babel%2fplugin-transform-logical-assignment-operators set size:undefined disposed:false
3191 silly placeDep ROOT @babel/helper-create-class-features-plugin@7.28.6 OK for: @babel/plugin-proposal-decorators@7.29.0 want: ^7.28.6
3192 silly placeDep ROOT @babel/plugin-syntax-decorators@7.28.6 OK for: @babel/plugin-proposal-decorators@7.29.0 want: ^7.28.6
3193 silly fetch manifest @babel/helper-replace-supers@^7.28.6
3194 silly packumentCache full:https://registry.npmjs.org/@babel%2fhelper-replace-supers cache-miss
3195 silly fetch manifest @babel/helper-optimise-call-expression@^7.27.1
3196 silly packumentCache full:https://registry.npmjs.org/@babel%2fhelper-optimise-call-expression cache-miss
3197 silly fetch manifest @babel/helper-member-expression-to-functions@^7.28.5
3198 silly packumentCache full:https://registry.npmjs.org/@babel%2fhelper-member-expression-to-functions cache-miss
3199 silly fetch manifest @babel/helper-skip-transparent-expression-wrappers@^7.27.1
3200 silly packumentCache full:https://registry.npmjs.org/@babel%2fhelper-skip-transparent-expression-wrappers cache-miss
3201 http fetch GET 200 https://registry.npmjs.org/@babel%2fhelper-skip-transparent-expression-wrappers 74ms (cache miss)
3202 silly packumentCache full:https://registry.npmjs.org/@babel%2fhelper-skip-transparent-expression-wrappers set size:undefined disposed:false
3203 http fetch GET 200 https://registry.npmjs.org/@babel%2fhelper-optimise-call-expression 100ms (cache miss)
3204 silly packumentCache full:https://registry.npmjs.org/@babel%2fhelper-optimise-call-expression set size:undefined disposed:false
3205 http fetch GET 200 https://registry.npmjs.org/@babel%2fhelper-replace-supers 138ms (cache miss)
3206 silly packumentCache full:https://registry.npmjs.org/@babel%2fhelper-replace-supers set size:undefined disposed:false
3207 http fetch GET 200 https://registry.npmjs.org/@babel%2fhelper-member-expression-to-functions 219ms (cache miss)
3208 silly packumentCache full:https://registry.npmjs.org/@babel%2fhelper-member-expression-to-functions set size:undefined disposed:false
3209 silly placeDep ROOT @babel/helper-annotate-as-pure@7.27.3 OK for: @babel/helper-create-class-features-plugin@7.28.6 want: ^7.27.3
3210 silly placeDep ROOT @babel/helper-member-expression-to-functions@7.28.5 OK for: @babel/helper-create-class-features-plugin@7.28.6 want: ^7.28.5
3211 silly placeDep ROOT @babel/helper-optimise-call-expression@7.27.1 OK for: @babel/helper-create-class-features-plugin@7.28.6 want: ^7.27.1
3212 silly placeDep ROOT @babel/helper-replace-supers@7.28.6 OK for: @babel/helper-create-class-features-plugin@7.28.6 want: ^7.28.6
3213 silly placeDep ROOT @babel/helper-skip-transparent-expression-wrappers@7.27.1 OK for: @babel/helper-create-class-features-plugin@7.28.6 want: ^7.27.1
3214 silly placeDep node_modules/@babel/helper-create-class-features-plugin semver@6.3.1 OK for: @babel/helper-create-class-features-plugin@7.28.6 want: ^6.3.1
3215 silly placeDep ROOT @babel/plugin-syntax-flow@7.28.6 OK for: @babel/plugin-transform-flow-strip-types@7.27.1 want: ^7.27.1
3216 silly placeDep ROOT @babel/plugin-transform-destructuring@7.28.5 OK for: @babel/plugin-transform-object-rest-spread@7.28.6 want: ^7.28.5
3217 silly placeDep ROOT babel-plugin-polyfill-corejs2@0.4.17 OK for: @babel/plugin-transform-runtime@7.29.0 want: ^0.4.14
3218 silly placeDep ROOT babel-plugin-polyfill-corejs3@0.13.0 OK for: @babel/plugin-transform-runtime@7.29.0 want: ^0.13.0
3219 silly placeDep ROOT babel-plugin-polyfill-regenerator@0.6.8 OK for: @babel/plugin-transform-runtime@7.29.0 want: ^0.6.5
3220 silly placeDep node_modules/@babel/plugin-transform-runtime semver@6.3.1 OK for: @babel/plugin-transform-runtime@7.29.0 want: ^6.3.1
3221 silly fetch manifest @babel/helper-define-polyfill-provider@^0.6.8
3222 silly packumentCache full:https://registry.npmjs.org/@babel%2fhelper-define-polyfill-provider cache-miss
3223 silly fetch manifest core-js-compat@^3.43.0
3224 silly packumentCache full:https://registry.npmjs.org/core-js-compat cache-miss
3225 silly fetch manifest @babel/helper-define-polyfill-provider@^0.6.5
3226 silly packumentCache full:https://registry.npmjs.org/@babel%2fhelper-define-polyfill-provider cache-miss
3227 silly fetch manifest @babel/helper-define-polyfill-provider@^0.6.8
3228 silly packumentCache full:https://registry.npmjs.org/@babel%2fhelper-define-polyfill-provider cache-miss
3229 http fetch GET 200 https://registry.npmjs.org/@babel%2fhelper-define-polyfill-provider 95ms (cache miss)
3230 silly packumentCache full:https://registry.npmjs.org/@babel%2fhelper-define-polyfill-provider set size:undefined disposed:false
3231 http fetch GET 200 https://registry.npmjs.org/@babel%2fhelper-define-polyfill-provider 98ms (cache miss)
3232 silly packumentCache full:https://registry.npmjs.org/@babel%2fhelper-define-polyfill-provider set size:undefined disposed:false
3233 http fetch GET 200 https://registry.npmjs.org/core-js-compat 104ms (cache miss)
3234 silly packumentCache full:https://registry.npmjs.org/core-js-compat set size:undefined disposed:false
3235 http fetch GET 200 https://registry.npmjs.org/@babel%2fhelper-define-polyfill-provider 135ms (cache miss)
3236 silly packumentCache full:https://registry.npmjs.org/@babel%2fhelper-define-polyfill-provider set size:undefined disposed:false
3237 silly placeDep ROOT @babel/plugin-transform-react-display-name@7.28.0 OK for: @babel/preset-react@7.28.5 want: ^7.28.0
3238 silly placeDep ROOT @babel/plugin-transform-react-jsx@7.28.6 OK for: @babel/preset-react@7.28.5 want: ^7.27.1
3239 silly placeDep ROOT @babel/plugin-transform-react-jsx-development@7.27.1 OK for: @babel/preset-react@7.28.5 want: ^7.27.1
3240 silly placeDep ROOT @babel/plugin-transform-react-pure-annotations@7.27.1 OK for: @babel/preset-react@7.28.5 want: ^7.27.1
3241 silly fetch manifest @babel/plugin-syntax-jsx@^7.28.6
3242 silly packumentCache full:https://registry.npmjs.org/@babel%2fplugin-syntax-jsx cache-miss
3243 http cache https://registry.npmjs.org/@babel%2fplugin-syntax-jsx 3ms (cache hit)
3244 silly packumentCache full:https://registry.npmjs.org/@babel%2fplugin-syntax-jsx set size:182973 disposed:false
3245 silly placeDep ROOT @babel/plugin-syntax-jsx@7.28.6 OK for: @babel/plugin-transform-react-jsx@7.28.6 want: ^7.28.6
3246 silly placeDep ROOT @babel/plugin-transform-typescript@7.28.6 OK for: @babel/preset-typescript@7.28.5 want: ^7.28.5
3247 silly fetch manifest @babel/plugin-syntax-typescript@^7.28.6
3248 silly packumentCache full:https://registry.npmjs.org/@babel%2fplugin-syntax-typescript cache-miss
3249 http fetch GET 200 https://registry.npmjs.org/@babel%2fplugin-syntax-typescript 93ms (cache miss)
3250 silly packumentCache full:https://registry.npmjs.org/@babel%2fplugin-syntax-typescript set size:undefined disposed:false
3251 silly placeDep ROOT @babel/plugin-syntax-typescript@7.28.6 OK for: @babel/plugin-transform-typescript@7.28.6 want: ^7.28.6
3252 silly placeDep ROOT @babel/plugin-syntax-dynamic-import@7.8.3 OK for: @react-native/babel-preset@0.81.5 want: ^7.8.3
3253 silly placeDep ROOT @babel/plugin-transform-arrow-functions@7.27.1 OK for: @react-native/babel-preset@0.81.5 want: ^7.24.7
3254 silly placeDep ROOT @babel/plugin-transform-async-generator-functions@7.29.0 OK for: @react-native/babel-preset@0.81.5 want: ^7.25.4
3255 silly placeDep ROOT @babel/plugin-transform-async-to-generator@7.28.6 OK for: @react-native/babel-preset@0.81.5 want: ^7.24.7
3256 silly placeDep ROOT @babel/plugin-transform-block-scoping@7.28.6 OK for: @react-native/babel-preset@0.81.5 want: ^7.25.0
3257 silly placeDep ROOT @babel/plugin-transform-class-properties@7.28.6 OK for: @react-native/babel-preset@0.81.5 want: ^7.25.4
3258 silly placeDep ROOT @babel/plugin-transform-classes@7.28.6 OK for: @react-native/babel-preset@0.81.5 want: ^7.25.4
3259 silly placeDep ROOT @babel/plugin-transform-computed-properties@7.28.6 OK for: @react-native/babel-preset@0.81.5 want: ^7.24.7
3260 silly placeDep ROOT @babel/plugin-transform-for-of@7.27.1 OK for: @react-native/babel-preset@0.81.5 want: ^7.24.7
3261 silly placeDep ROOT @babel/plugin-transform-function-name@7.27.1 OK for: @react-native/babel-preset@0.81.5 want: ^7.25.1
3262 silly placeDep ROOT @babel/plugin-transform-literals@7.27.1 OK for: @react-native/babel-preset@0.81.5 want: ^7.25.2
3263 silly placeDep ROOT @babel/plugin-transform-logical-assignment-operators@7.28.6 OK for: @react-native/babel-preset@0.81.5 want: ^7.24.7
3264 silly placeDep ROOT @babel/plugin-transform-named-capturing-groups-regex@7.29.0 OK for: @react-native/babel-preset@0.81.5 want: ^7.24.7
3265 silly placeDep ROOT @babel/plugin-transform-nullish-coalescing-operator@7.28.6 OK for: @react-native/babel-preset@0.81.5 want: ^7.24.7
3266 silly placeDep ROOT @babel/plugin-transform-numeric-separator@7.28.6 OK for: @react-native/babel-preset@0.81.5 want: ^7.24.7
3267 silly placeDep ROOT @babel/plugin-transform-optional-catch-binding@7.28.6 OK for: @react-native/babel-preset@0.81.5 want: ^7.24.7
3268 silly placeDep ROOT @babel/plugin-transform-optional-chaining@7.28.6 OK for: @react-native/babel-preset@0.81.5 want: ^7.24.8
3269 silly placeDep ROOT @babel/plugin-transform-react-jsx-self@7.27.1 OK for: @react-native/babel-preset@0.81.5 want: ^7.24.7
3270 silly placeDep ROOT @babel/plugin-transform-react-jsx-source@7.27.1 OK for: @react-native/babel-preset@0.81.5 want: ^7.24.7
3271 silly placeDep ROOT @babel/plugin-transform-regenerator@7.29.0 OK for: @react-native/babel-preset@0.81.5 want: ^7.24.7
3272 silly placeDep ROOT @babel/plugin-transform-shorthand-properties@7.27.1 OK for: @react-native/babel-preset@0.81.5 want: ^7.24.7
3273 silly placeDep ROOT @babel/plugin-transform-spread@7.28.6 OK for: @react-native/babel-preset@0.81.5 want: ^7.24.7
3274 silly placeDep ROOT @babel/plugin-transform-sticky-regex@7.27.1 OK for: @react-native/babel-preset@0.81.5 want: ^7.24.7
3275 silly placeDep ROOT @babel/plugin-transform-unicode-regex@7.27.1 OK for: @react-native/babel-preset@0.81.5 want: ^7.24.7
3276 silly placeDep ROOT @react-native/babel-plugin-codegen@0.81.5 OK for: @react-native/babel-preset@0.81.5 want: 0.81.5
3277 silly fetch manifest @babel/helper-remap-async-to-generator@^7.27.1
3278 silly packumentCache full:https://registry.npmjs.org/@babel%2fhelper-remap-async-to-generator cache-miss
3279 silly fetch manifest @babel/helper-remap-async-to-generator@^7.27.1
3280 silly packumentCache full:https://registry.npmjs.org/@babel%2fhelper-remap-async-to-generator cache-miss
3281 silly fetch manifest @babel/helper-create-regexp-features-plugin@^7.28.5
3282 silly packumentCache full:https://registry.npmjs.org/@babel%2fhelper-create-regexp-features-plugin cache-miss
3283 silly fetch manifest @babel/helper-create-regexp-features-plugin@^7.27.1
3284 silly packumentCache full:https://registry.npmjs.org/@babel%2fhelper-create-regexp-features-plugin cache-miss
3285 http fetch GET 200 https://registry.npmjs.org/@babel%2fhelper-remap-async-to-generator 165ms (cache miss)
3286 silly packumentCache full:https://registry.npmjs.org/@babel%2fhelper-remap-async-to-generator set size:undefined disposed:false
3287 http fetch GET 200 https://registry.npmjs.org/@babel%2fhelper-create-regexp-features-plugin 171ms (cache miss)
3288 silly packumentCache full:https://registry.npmjs.org/@babel%2fhelper-create-regexp-features-plugin set size:undefined disposed:false
3289 http fetch GET 200 https://registry.npmjs.org/@babel%2fhelper-create-regexp-features-plugin 174ms (cache miss)
3290 silly packumentCache full:https://registry.npmjs.org/@babel%2fhelper-create-regexp-features-plugin set size:undefined disposed:false
3291 http fetch GET 200 https://registry.npmjs.org/@babel%2fhelper-remap-async-to-generator 235ms (cache miss)
3292 silly packumentCache full:https://registry.npmjs.org/@babel%2fhelper-remap-async-to-generator set size:undefined disposed:false
3293 silly placeDep ROOT @babel/helper-remap-async-to-generator@7.27.1 OK for: @babel/plugin-transform-async-generator-functions@7.29.0 want: ^7.27.1
3294 silly fetch manifest @babel/helper-wrap-function@^7.27.1
3295 silly packumentCache full:https://registry.npmjs.org/@babel%2fhelper-wrap-function cache-miss
3296 http fetch GET 200 https://registry.npmjs.org/@babel%2fhelper-wrap-function 108ms (cache miss)
3297 silly packumentCache full:https://registry.npmjs.org/@babel%2fhelper-wrap-function set size:undefined disposed:false
3298 silly placeDep ROOT @babel/helper-wrap-function@7.28.6 OK for: @babel/helper-remap-async-to-generator@7.27.1 want: ^7.27.1
3299 silly placeDep ROOT @babel/helper-create-regexp-features-plugin@7.28.5 OK for: @babel/plugin-transform-named-capturing-groups-regex@7.29.0 want: ^7.28.5
3300 silly fetch manifest regexpu-core@^6.3.1
3301 silly packumentCache full:https://registry.npmjs.org/regexpu-core cache-miss
3302 http fetch GET 200 https://registry.npmjs.org/regexpu-core 152ms (cache miss)
3303 silly packumentCache full:https://registry.npmjs.org/regexpu-core set size:undefined disposed:false
3304 silly placeDep ROOT regexpu-core@6.4.0 OK for: @babel/helper-create-regexp-features-plugin@7.28.5 want: ^6.3.1
3305 silly placeDep node_modules/@babel/helper-create-regexp-features-plugin semver@6.3.1 OK for: @babel/helper-create-regexp-features-plugin@7.28.5 want: ^6.3.1
3306 silly fetch manifest regenerate@^1.4.2
3307 silly packumentCache full:https://registry.npmjs.org/regenerate cache-miss
3308 silly fetch manifest regenerate-unicode-properties@^10.2.2
3309 silly packumentCache full:https://registry.npmjs.org/regenerate-unicode-properties cache-miss
3310 silly fetch manifest regjsgen@^0.8.0
3311 silly packumentCache full:https://registry.npmjs.org/regjsgen cache-miss
3312 silly fetch manifest regjsparser@^0.13.0
3313 silly packumentCache full:https://registry.npmjs.org/regjsparser cache-miss
3314 silly fetch manifest unicode-match-property-ecmascript@^2.0.0
3315 silly packumentCache full:https://registry.npmjs.org/unicode-match-property-ecmascript cache-miss
3316 silly fetch manifest unicode-match-property-value-ecmascript@^2.2.1
3317 silly packumentCache full:https://registry.npmjs.org/unicode-match-property-value-ecmascript cache-miss
3318 http fetch GET 200 https://registry.npmjs.org/regenerate 67ms (cache miss)
3319 silly packumentCache full:https://registry.npmjs.org/regenerate set size:undefined disposed:false
3320 http fetch GET 200 https://registry.npmjs.org/unicode-match-property-ecmascript 69ms (cache miss)
3321 silly packumentCache full:https://registry.npmjs.org/unicode-match-property-ecmascript set size:undefined disposed:false
3322 http fetch GET 200 https://registry.npmjs.org/regjsgen 73ms (cache miss)
3323 silly packumentCache full:https://registry.npmjs.org/regjsgen set size:undefined disposed:false
3324 http fetch GET 200 https://registry.npmjs.org/unicode-match-property-value-ecmascript 76ms (cache miss)
3325 silly packumentCache full:https://registry.npmjs.org/unicode-match-property-value-ecmascript set size:undefined disposed:false
3326 http fetch GET 200 https://registry.npmjs.org/regjsparser 79ms (cache miss)
3327 silly packumentCache full:https://registry.npmjs.org/regjsparser set size:undefined disposed:false
3328 http fetch GET 200 https://registry.npmjs.org/regenerate-unicode-properties 394ms (cache miss)
3329 silly packumentCache full:https://registry.npmjs.org/regenerate-unicode-properties set size:undefined disposed:false
3330 silly fetch manifest @babel/core@^7.4.0 || ^8.0.0-0 <8.0.0
3331 silly packumentCache full:https://registry.npmjs.org/@babel%2fcore cache-hit
3332 silly placeDep ROOT @babel/helper-define-polyfill-provider@0.6.8 OK for: babel-plugin-polyfill-corejs2@0.4.17 want: ^0.6.8
3333 silly placeDep node_modules/babel-plugin-polyfill-corejs2 semver@6.3.1 OK for: babel-plugin-polyfill-corejs2@0.4.17 want: ^6.3.1
3334 silly fetch manifest lodash.debounce@^4.0.8
3335 silly packumentCache full:https://registry.npmjs.org/lodash.debounce cache-miss
3336 http fetch GET 200 https://registry.npmjs.org/lodash.debounce 69ms (cache miss)
3337 silly packumentCache full:https://registry.npmjs.org/lodash.debounce set size:undefined disposed:false
3338 silly placeDep ROOT lodash.debounce@4.0.8 OK for: @babel/helper-define-polyfill-provider@0.6.8 want: ^4.0.8
3339 silly placeDep ROOT core-js-compat@3.49.0 OK for: babel-plugin-polyfill-corejs3@0.13.0 want: ^3.43.0
3340 silly placeDep ROOT regenerate@1.4.2 OK for: regexpu-core@6.4.0 want: ^1.4.2
3341 silly placeDep ROOT regenerate-unicode-properties@10.2.2 OK for: regexpu-core@6.4.0 want: ^10.2.2
3342 silly placeDep ROOT regjsgen@0.8.0 OK for: regexpu-core@6.4.0 want: ^0.8.0
3343 silly placeDep ROOT regjsparser@0.13.1 OK for: regexpu-core@6.4.0 want: ^0.13.0
3344 silly placeDep ROOT unicode-match-property-ecmascript@2.0.0 OK for: regexpu-core@6.4.0 want: ^2.0.0
3345 silly placeDep ROOT unicode-match-property-value-ecmascript@2.2.1 OK for: regexpu-core@6.4.0 want: ^2.2.1
3346 silly fetch manifest unicode-canonical-property-names-ecmascript@^2.0.0
3347 silly packumentCache full:https://registry.npmjs.org/unicode-canonical-property-names-ecmascript cache-miss
3348 silly fetch manifest unicode-property-aliases-ecmascript@^2.0.0
3349 silly packumentCache full:https://registry.npmjs.org/unicode-property-aliases-ecmascript cache-miss
3350 http fetch GET 200 https://registry.npmjs.org/unicode-property-aliases-ecmascript 314ms (cache miss)
3351 silly packumentCache full:https://registry.npmjs.org/unicode-property-aliases-ecmascript set size:undefined disposed:false
3352 http fetch GET 200 https://registry.npmjs.org/unicode-canonical-property-names-ecmascript 387ms (cache miss)
3353 silly packumentCache full:https://registry.npmjs.org/unicode-canonical-property-names-ecmascript set size:undefined disposed:false
3354 silly placeDep ROOT unicode-canonical-property-names-ecmascript@2.0.1 OK for: unicode-match-property-ecmascript@2.0.0 want: ^2.0.0
3355 silly placeDep ROOT unicode-property-aliases-ecmascript@2.2.0 OK for: unicode-match-property-ecmascript@2.0.0 want: ^2.0.0
3356 silly placeDep node_modules/expo ansi-styles@4.3.0 OK for: chalk@4.1.2 want: ^4.1.0
3357 silly placeDep node_modules/expo supports-color@7.2.0 OK for: chalk@4.1.2 want: ^7.1.0
3358 silly placeDep node_modules/expo color-convert@2.0.1 OK for: ansi-styles@4.3.0 want: ^2.0.1
3359 silly placeDep node_modules/expo color-name@1.1.4 OK for: color-convert@2.0.1 want: ~1.1.4
3360 silly placeDep ROOT fontfaceobserver@2.3.0 OK for: expo-font@14.0.11 want: ^2.1.0
3361 silly placeDep node_modules/expo hermes-estree@0.29.1 OK for: hermes-parser@0.29.1 want: 0.29.1
3362 silly placeDep node_modules/expo has-flag@4.0.0 OK for: supports-color@7.2.0 want: ^4.0.0
3363 silly placeDep node_modules/finalhandler ms@2.0.0 OK for: debug@2.6.9 want: 2.0.0
3364 silly placeDep node_modules/glob brace-expansion@5.0.5 OK for: minimatch@10.2.5 want: ^5.0.5
3365 silly fetch manifest balanced-match@^4.0.2
3366 silly packumentCache full:https://registry.npmjs.org/balanced-match cache-miss
3367 http cache https://registry.npmjs.org/balanced-match 6ms (cache hit)
3368 silly packumentCache full:https://registry.npmjs.org/balanced-match set size:39082 disposed:false
3369 silly placeDep node_modules/glob balanced-match@4.0.4 OK for: brace-expansion@5.0.5 want: ^4.0.2
3370 silly placeDep node_modules/jest-message-util ansi-styles@4.3.0 OK for: chalk@4.1.2 want: ^4.1.0
3371 silly placeDep node_modules/jest-message-util supports-color@7.2.0 OK for: chalk@4.1.2 want: ^7.1.0
3372 silly placeDep node_modules/jest-message-util color-convert@2.0.1 OK for: ansi-styles@4.3.0 want: ^2.0.1
3373 silly placeDep node_modules/jest-message-util color-name@1.1.4 OK for: color-convert@2.0.1 want: ~1.1.4
3374 silly placeDep node_modules/jest-message-util has-flag@4.0.0 OK for: supports-color@7.2.0 want: ^4.0.0
3375 silly placeDep node_modules/jest-util ansi-styles@4.3.0 OK for: chalk@4.1.2 want: ^4.1.0
3376 silly placeDep node_modules/jest-util supports-color@7.2.0 OK for: chalk@4.1.2 want: ^7.1.0
3377 silly placeDep node_modules/jest-util color-convert@2.0.1 OK for: ansi-styles@4.3.0 want: ^2.0.1
3378 silly placeDep node_modules/jest-util color-name@1.1.4 OK for: color-convert@2.0.1 want: ~1.1.4
3379 silly placeDep node_modules/jest-util has-flag@4.0.0 OK for: supports-color@7.2.0 want: ^4.0.0
3380 silly placeDep node_modules/jest-validate ansi-styles@4.3.0 OK for: chalk@4.1.2 want: ^4.1.0
3381 silly placeDep node_modules/jest-validate supports-color@7.2.0 OK for: chalk@4.1.2 want: ^7.1.0
3382 silly placeDep node_modules/jest-validate color-convert@2.0.1 OK for: ansi-styles@4.3.0 want: ^2.0.1
3383 silly placeDep node_modules/jest-validate color-name@1.1.4 OK for: color-convert@2.0.1 want: ~1.1.4
3384 silly placeDep node_modules/jest-validate has-flag@4.0.0 OK for: supports-color@7.2.0 want: ^4.0.0
3385 silly placeDep node_modules/jest-worker has-flag@4.0.0 OK for: supports-color@8.1.1 want: ^4.0.0
3386 silly placeDep node_modules/lighthouse-logger ms@2.0.0 OK for: debug@2.6.9 want: 2.0.0
3387 silly placeDep node_modules/metro ansi-styles@4.3.0 OK for: chalk@4.1.2 want: ^4.1.0
3388 silly placeDep node_modules/metro supports-color@7.2.0 OK for: chalk@4.1.2 want: ^7.1.0
3389 silly placeDep node_modules/metro color-convert@2.0.1 OK for: ansi-styles@4.3.0 want: ^2.0.1
3390 silly placeDep node_modules/metro color-name@1.1.4 OK for: color-convert@2.0.1 want: ~1.1.4
3391 silly placeDep node_modules/metro has-flag@4.0.0 OK for: supports-color@7.2.0 want: ^4.0.0
3392 silly placeDep node_modules/ora ansi-regex@4.1.1 OK for: strip-ansi@5.2.0 want: ^4.1.0
3393 silly placeDep ROOT p-try@2.2.0 OK for: p-limit@2.3.0 want: ^2.0.0
3394 silly placeDep node_modules/react-native minimatch@3.1.5 OK for: glob@7.2.3 want: ^3.1.1
3395 silly placeDep node_modules/react-native brace-expansion@1.1.14 OK for: minimatch@3.1.5 want: ^1.1.7
3396 silly placeDep node_modules/rimraf minimatch@3.1.5 OK for: glob@7.2.3 want: ^3.1.1
3397 silly placeDep node_modules/rimraf brace-expansion@1.1.14 OK for: minimatch@3.1.5 want: ^1.1.7
3398 silly placeDep node_modules/send/node_modules/debug ms@2.0.0 OK for: debug@2.6.9 want: 2.0.0
3399 silly placeDep node_modules/test-exclude brace-expansion@1.1.14 OK for: minimatch@3.1.5 want: ^1.1.7
3400 silly placeDep node_modules/wrap-ansi color-convert@2.0.1 OK for: ansi-styles@4.3.0 want: ^2.0.1
3401 silly placeDep node_modules/wrap-ansi color-name@1.1.4 OK for: color-convert@2.0.1 want: ~1.1.4
3402 silly reify moves {}
3403 silly audit bulk request {
3403 silly audit   expo: [ '54.0.33' ],
3403 silly audit   react: [ '19.1.0' ],
3403 silly audit   'react-native': [ '0.81.5' ],
3403 silly audit   'expo-status-bar': [ '3.0.9' ],
3403 silly audit   '@babel/runtime': [ '7.29.2' ],
3403 silly audit   '@expo/cli': [ '54.0.23' ],
3403 silly audit   '@expo/config': [ '12.0.13' ],
3403 silly audit   '@expo/config-plugins': [ '54.0.4' ],
3403 silly audit   '@expo/devtools': [ '0.1.8' ],
3403 silly audit   '@expo/fingerprint': [ '0.15.4' ],
3403 silly audit   '@expo/metro': [ '54.2.0' ],
3403 silly audit   '@expo/metro-config': [ '54.0.14' ],
3403 silly audit   '@expo/vector-icons': [ '15.1.1' ],
3403 silly audit   'expo-font': [ '14.0.11' ],
3403 silly audit   '@ungap/structured-clone': [ '1.3.0' ],
3403 silly audit   'babel-preset-expo': [ '54.0.10' ],
3403 silly audit   'react-refresh': [ '0.14.2' ],
3403 silly audit   'expo-asset': [ '12.0.12' ],
3403 silly audit   'expo-constants': [ '18.0.13' ],
3403 silly audit   'expo-file-system': [ '19.0.21' ],
3403 silly audit   'expo-keep-awake': [ '15.0.8' ],
3403 silly audit   'expo-modules-autolinking': [ '3.0.24' ],
3403 silly audit   'expo-modules-core': [ '3.0.29' ],
3403 silly audit   'pretty-format': [ '29.7.0' ],
3403 silly audit   'whatwg-url-without-unicode': [ '8.0.0-3' ],
3403 silly audit   '@babel/code-frame': [ '7.10.4', '7.29.0' ],
3403 silly audit   '@expo/config-types': [ '54.0.10' ],
3403 silly audit   '@expo/json-file': [ '10.0.13' ],
3403 silly audit   deepmerge: [ '4.3.1' ],
3403 silly audit   getenv: [ '2.0.0' ],
3403 silly audit   glob: [ '13.0.6', '7.2.3' ],
3403 silly audit   'require-from-string': [ '2.0.2' ],
3403 silly audit   'resolve-from': [ '5.0.0' ],
3403 silly audit   'resolve-workspace-root': [ '2.0.1' ],
3403 silly audit   semver: [ '7.7.4', '6.3.1' ],
3403 silly audit   slugify: [ '1.6.9' ],
3403 silly audit   sucrase: [ '3.35.1' ],
3403 silly audit   '@babel/highlight': [ '7.25.9' ],
3403 silly audit   '@babel/helper-validator-identifier': [ '7.28.5' ],
3403 silly audit   chalk: [ '2.4.2', '4.1.2' ],
3403 silly audit   'js-tokens': [ '4.0.0' ],
3403 silly audit   picocolors: [ '1.1.1' ],
3403 silly audit   '@expo/plist': [ '0.4.8' ],
3403 silly audit   '@expo/sdk-runtime-versions': [ '1.0.0' ],
3403 silly audit   debug: [ '4.4.3', '2.6.9', '3.2.7' ],
3403 silly audit   slash: [ '3.0.0' ],
3403 silly audit   xcode: [ '3.0.1' ],
3403 silly audit   xml2js: [ '0.6.0' ],
3403 silly audit   '@expo/spawn-async': [ '1.7.2' ],
3403 silly audit   arg: [ '5.0.2' ],
3403 silly audit   ignore: [ '5.3.2' ],
3403 silly audit   minimatch: [ '9.0.9', '10.2.5', '3.1.5' ],
3403 silly audit   'p-limit': [ '3.1.0', '2.3.0' ],
3403 silly audit   json5: [ '2.2.3' ],
3403 silly audit   metro: [ '0.83.3' ],
3403 silly audit   'metro-babel-transformer': [ '0.83.3' ],
3403 silly audit   'metro-cache': [ '0.83.3' ],
3403 silly audit   'metro-cache-key': [ '0.83.3' ],
3403 silly audit   'metro-config': [ '0.83.3' ],
3403 silly audit   'metro-core': [ '0.83.3' ],
3403 silly audit   'metro-file-map': [ '0.83.3' ],
3403 silly audit   'metro-minify-terser': [ '0.83.3' ],
3403 silly audit   'metro-resolver': [ '0.83.3' ],
3403 silly audit   'metro-runtime': [ '0.83.3' ],
3403 silly audit   'metro-source-map': [ '0.83.3' ],
3403 silly audit   'metro-symbolicate': [ '0.83.3' ],
3403 silly audit   'metro-transform-plugins': [ '0.83.3' ],
3403 silly audit   'metro-transform-worker': [ '0.83.3' ],
3403 silly audit   '@xmldom/xmldom': [ '0.8.13' ],
3403 silly audit   'base64-js': [ '1.5.1' ],
3403 silly audit   xmlbuilder: [ '15.1.1', '11.0.1' ],
3403 silly audit   'cross-spawn': [ '7.0.6' ],
3403 silly audit   'ansi-styles': [ '3.2.1', '5.2.0', '4.3.0' ],
3403 silly audit   'escape-string-regexp': [ '1.0.5', '4.0.0', '2.0.0' ],
3403 silly audit   'supports-color': [ '5.5.0', '8.1.1', '7.2.0' ],
3403 silly audit   'color-convert': [ '1.9.3', '2.0.1' ],
3403 silly audit   'color-name': [ '1.1.3', '1.1.4' ],
3403 silly audit   'path-key': [ '3.1.1' ],
3403 silly audit   'shebang-command': [ '2.0.0' ],
3403 silly audit   which: [ '2.0.2' ],
3403 silly audit   ms: [ '2.1.3', '2.0.0' ],
3403 silly audit   commander: [ '7.2.0', '12.1.0', '4.1.1', '2.20.3' ],
3403 silly audit   invariant: [ '2.2.4' ],
3403 silly audit   'react-native-is-edge-to-edge': [ '1.3.1' ],
3403 silly audit   minipass: [ '7.1.3' ],
3403 silly audit   'path-scurry': [ '2.0.2' ],
3403 silly audit   'loose-envify': [ '1.4.0' ],
3403 silly audit   '@babel/core': [ '7.29.0' ],
3403 silly audit   '@babel/generator': [ '7.29.1' ],
3403 silly audit   '@babel/parser': [ '7.29.2' ],
3403 silly audit   '@babel/template': [ '7.28.6' ],
3403 silly audit   '@babel/traverse': [ '7.29.0' ],
3403 silly audit   '@babel/types': [ '7.29.0' ],
3403 silly audit   accepts: [ '1.3.8' ],
3403 silly audit   'ci-info': [ '2.0.0', '3.9.0' ],
3403 silly audit   connect: [ '3.7.0' ],
3403 silly audit   'error-stack-parser': [ '2.1.4' ],
3403 silly audit   'flow-enums-runtime': [ '0.0.6' ],
3403 silly audit   'graceful-fs': [ '4.2.11' ],
3403 silly audit   'hermes-parser': [ '0.32.0', '0.29.1' ],
3403 silly audit   'image-size': [ '1.2.1' ],
3403 silly audit   'jest-worker': [ '29.7.0' ],
3403 silly audit   'jsc-safe-url': [ '0.2.4' ],
3403 silly audit   'lodash.throttle': [ '4.1.1' ],
3403 silly audit   'mime-types': [ '2.1.35' ],
3403 silly audit   nullthrows: [ '1.1.1' ],
3403 silly audit   'serialize-error': [ '2.1.0' ],
3403 silly audit   'source-map': [ '0.5.7', '0.6.1' ],
3403 silly audit   throat: [ '5.0.0' ],
3403 silly audit   ws: [ '7.5.10', '6.2.3', '8.20.0' ],
3403 silly audit   yargs: [ '17.7.2' ],
3403 silly audit   '@babel/helper-compilation-targets': [ '7.28.6' ],
3403 silly audit   '@babel/helper-module-transforms': [ '7.28.6' ],
3403 silly audit   '@babel/helpers': [ '7.29.2' ],
3403 silly audit   '@jridgewell/remapping': [ '2.3.5' ],
3403 silly audit   'convert-source-map': [ '2.0.0' ],
3403 silly audit   gensync: [ '1.0.0-beta.2' ],
3403 silly audit   '@jridgewell/gen-mapping': [ '0.3.13' ],
3403 silly audit   '@jridgewell/trace-mapping': [ '0.3.31' ],
3403 silly audit   jsesc: [ '3.1.0' ],
3403 silly audit   '@babel/compat-data': [ '7.29.0' ],
3403 silly audit   '@babel/helper-validator-option': [ '7.27.1' ],
3403 silly audit   browserslist: [ '4.28.2' ],
3403 silly audit   'lru-cache': [ '5.1.1', '11.3.5', '10.4.3' ],
3403 silly audit   '@babel/helper-module-imports': [ '7.28.6' ],
3403 silly audit   '@babel/helper-globals': [ '7.28.0' ],
3403 silly audit   '@babel/helper-string-parser': [ '7.27.1' ],
3403 silly audit   '@jridgewell/sourcemap-codec': [ '1.5.5' ],
3403 silly audit   '@jridgewell/resolve-uri': [ '3.1.2' ],
3403 silly audit   negotiator: [ '0.6.3', '0.6.4' ],
3403 silly audit   'baseline-browser-mapping': [ '2.10.20' ],
3403 silly audit   'caniuse-lite': [ '1.0.30001788' ],
3403 silly audit   'electron-to-chromium': [ '1.5.340' ],
3403 silly audit   'node-releases': [ '2.0.37' ],
3403 silly audit   'update-browserslist-db': [ '1.2.3' ],
3403 silly audit   finalhandler: [ '1.1.2' ],
3403 silly audit   parseurl: [ '1.3.3' ],
3403 silly audit   'utils-merge': [ '1.0.1' ],
3403 silly audit   stackframe: [ '1.3.4' ],
3403 silly audit   encodeurl: [ '1.0.2', '2.0.0' ],
3403 silly audit   'escape-html': [ '1.0.3' ],
3403 silly audit   'on-finished': [ '2.3.0', '2.4.1' ],
3403 silly audit   statuses: [ '1.5.0', '2.0.2' ],
3403 silly audit   unpipe: [ '1.0.0' ],
3403 silly audit   'hermes-estree': [ '0.32.0', '0.29.1' ],
3403 silly audit   queue: [ '6.0.2' ],
3403 silly audit   '@types/node': [ '25.6.0' ],
3403 silly audit   'jest-util': [ '29.7.0' ],
3403 silly audit   'merge-stream': [ '2.0.0' ],
3403 silly audit   'undici-types': [ '7.19.2' ],
3403 silly audit   '@jest/types': [ '29.6.3' ],
3403 silly audit   picomatch: [ '2.3.2', '4.0.4', '3.0.2' ],
3403 silly audit   '@jest/schemas': [ '29.6.3' ],
3403 silly audit   '@types/istanbul-lib-coverage': [ '2.0.6' ],
3403 silly audit   '@types/istanbul-reports': [ '3.0.4' ],
3403 silly audit   '@types/yargs': [ '17.0.35' ],
3403 silly audit   '@sinclair/typebox': [ '0.27.10' ],
3403 silly audit   '@types/istanbul-lib-report': [ '3.0.3' ],
3403 silly audit   '@types/yargs-parser': [ '21.0.3' ],
3403 silly audit   yallist: [ '3.1.1', '5.0.0' ],
3403 silly audit   'exponential-backoff': [ '3.1.3' ],
3403 silly audit   'https-proxy-agent': [ '7.0.6' ],
3403 silly audit   'agent-base': [ '7.1.4' ],
3403 silly audit   'jest-validate': [ '29.7.0' ],
3403 silly audit   yaml: [ '2.8.3' ],
3403 silly audit   camelcase: [ '6.3.0', '5.3.1' ],
3403 silly audit   'jest-get-type': [ '29.6.3' ],
3403 silly audit   leven: [ '3.1.0' ],
3403 silly audit   'fb-watchman': [ '2.0.2' ],
3403 silly audit   micromatch: [ '4.0.8' ],
3403 silly audit   walker: [ '1.0.8' ],
3403 silly audit   bser: [ '2.1.1' ],
3403 silly audit   'node-int64': [ '0.4.0' ],
3403 silly audit   terser: [ '5.46.1' ],
3403 silly audit   ob1: [ '0.83.3' ],
3403 silly audit   vlq: [ '1.0.1' ],
3403 silly audit   braces: [ '3.0.3' ],
3403 silly audit   'fill-range': [ '7.1.1' ],
3403 silly audit   'to-regex-range': [ '5.0.1' ],
3403 silly audit   'mime-db': [ '1.52.0' ],
3403 silly audit   'brace-expansion': [ '2.1.0', '1.1.14', '5.0.5' ],
3403 silly audit   'balanced-match': [ '1.0.2', '4.0.4' ],
3403 silly audit   'ee-first': [ '1.1.1' ],
3403 silly audit   'yocto-queue': [ '0.1.0' ],
3403 silly audit   'react-is': [ '18.3.1' ],
3403 silly audit   inherits: [ '2.0.4' ],
3403 silly audit   '@jest/create-cache-key-function': [ '29.7.0' ],
3403 silly audit   '@react-native/assets-registry': [ '0.81.5' ],
3403 silly audit   '@react-native/codegen': [ '0.81.5' ],
3403 silly audit   '@react-native/community-cli-plugin': [ '0.81.5' ],
3403 silly audit   '@react-native/gradle-plugin': [ '0.81.5' ],
3403 silly audit   '@react-native/js-polyfills': [ '0.81.5' ],
3403 silly audit   '@react-native/normalize-colors': [ '0.81.5' ],
3403 silly audit   '@react-native/virtualized-lists': [ '0.81.5' ],
3403 silly audit   'abort-controller': [ '3.0.0' ],
3403 silly audit   anser: [ '1.4.10' ],
3403 silly audit   'ansi-regex': [ '5.0.1', '4.1.1' ],
3403 silly audit   'babel-jest': [ '29.7.0' ],
3403 silly audit   'babel-plugin-syntax-hermes-parser': [ '0.29.1' ],
3403 silly audit   'jest-environment-node': [ '29.7.0' ],
3403 silly audit   'memoize-one': [ '5.2.1' ],
3403 silly audit   promise: [ '8.3.0' ],
3403 silly audit   'react-devtools-core': [ '6.1.5' ],
3403 silly audit   'regenerator-runtime': [ '0.13.11' ],
3403 silly audit   scheduler: [ '0.26.0' ],
3403 silly audit   'stacktrace-parser': [ '0.1.11' ],
3403 silly audit   'whatwg-fetch': [ '3.6.20' ],
3403 silly audit   '@react-native/dev-middleware': [ '0.81.5' ],
3403 silly audit   '@isaacs/ttlcache': [ '1.4.1' ],
3403 silly audit   '@react-native/debugger-frontend': [ '0.81.5' ],
3403 silly audit   'chrome-launcher': [ '0.15.2' ],
3403 silly audit   'chromium-edge-launcher': [ '0.2.0' ],
3403 silly audit   open: [ '7.4.2', '8.4.2' ],
3403 silly audit   'serve-static': [ '1.16.3' ],
3403 silly audit   'event-target-shim': [ '5.0.1' ],
3403 silly audit   '@jest/transform': [ '29.7.0' ],
3403 silly audit   '@types/babel__core': [ '7.20.5' ],
3403 silly audit   'babel-plugin-istanbul': [ '6.1.1' ],
3403 silly audit   'babel-preset-jest': [ '29.6.3' ],
3403 silly audit   'fast-json-stable-stringify': [ '2.1.0' ],
3403 silly audit   'jest-haste-map': [ '29.7.0' ],
3403 silly audit   'jest-regex-util': [ '29.6.3' ],
3403 silly audit   pirates: [ '4.0.7' ],
3403 silly audit   'write-file-atomic': [ '4.0.2' ],
3403 silly audit   '@types/babel__generator': [ '7.27.0' ],
3403 silly audit   '@types/babel__template': [ '7.4.4' ],
3403 silly audit   '@types/babel__traverse': [ '7.28.0' ],
3403 silly audit   '@babel/helper-plugin-utils': [ '7.28.6' ],
3403 silly audit   '@istanbuljs/load-nyc-config': [ '1.1.0' ],
3403 silly audit   '@istanbuljs/schema': [ '0.1.6' ],
3403 silly audit   'istanbul-lib-instrument': [ '5.2.1' ],
3403 silly audit   'test-exclude': [ '6.0.0' ],
3403 silly audit   'find-up': [ '4.1.0' ],
3403 silly audit   'get-package-type': [ '0.1.0' ],
3403 silly audit   'js-yaml': [ '3.14.2', '4.1.1' ],
3403 silly audit   'babel-plugin-jest-hoist': [ '29.6.3' ],
3403 silly audit   'babel-preset-current-node-syntax': [ '1.2.0' ],
3403 silly audit   '@babel/plugin-syntax-async-generators': [ '7.8.4' ],
3403 silly audit   '@babel/plugin-syntax-bigint': [ '7.8.3' ],
3403 silly audit   '@babel/plugin-syntax-class-properties': [ '7.12.13' ],
3403 silly audit   '@babel/plugin-syntax-class-static-block': [ '7.14.5' ],
3403 silly audit   '@babel/plugin-syntax-import-attributes': [ '7.28.6' ],
3403 silly audit   '@babel/plugin-syntax-import-meta': [ '7.10.4' ],
3403 silly audit   '@babel/plugin-syntax-json-strings': [ '7.8.3' ],
3403 silly audit   '@babel/plugin-syntax-logical-assignment-operators': [ '7.10.4' ],
3403 silly audit   '@babel/plugin-syntax-nullish-coalescing-operator': [ '7.8.3' ],
3403 silly audit   '@babel/plugin-syntax-numeric-separator': [ '7.10.4' ],
3403 silly audit   '@babel/plugin-syntax-object-rest-spread': [ '7.8.3' ],
3403 silly audit   '@babel/plugin-syntax-optional-catch-binding': [ '7.8.3' ],
3403 silly audit   '@babel/plugin-syntax-optional-chaining': [ '7.8.3' ],
3403 silly audit   '@babel/plugin-syntax-private-property-in-object': [ '7.14.5' ],
3403 silly audit   '@babel/plugin-syntax-top-level-await': [ '7.14.5' ],
3403 silly audit   'is-wsl': [ '2.2.0' ],
3403 silly audit   'lighthouse-logger': [ '1.4.2' ],
3403 silly audit   mkdirp: [ '1.0.4' ],
3403 silly audit   rimraf: [ '3.0.2' ],
3403 silly audit   'locate-path': [ '5.0.0' ],
3403 silly audit   'path-exists': [ '4.0.0' ],
3403 silly audit   'is-docker': [ '2.2.1' ],
3403 silly audit   'istanbul-lib-coverage': [ '3.2.2' ],
3403 silly audit   '@jest/environment': [ '29.7.0' ],
3403 silly audit   '@jest/fake-timers': [ '29.7.0' ],
3403 silly audit   'jest-mock': [ '29.7.0' ],
3403 silly audit   '@sinonjs/fake-timers': [ '10.3.0' ],
3403 silly audit   'jest-message-util': [ '29.7.0' ],
3403 silly audit   '@sinonjs/commons': [ '3.0.1' ],
3403 silly audit   'type-detect': [ '4.0.8' ],
3403 silly audit   '@types/graceful-fs': [ '4.1.9' ],
3403 silly audit   anymatch: [ '3.1.3' ],
3403 silly audit   fsevents: [ '2.3.3' ],
3403 silly audit   'normalize-path': [ '3.0.0' ],
3403 silly audit   '@types/stack-utils': [ '2.0.3' ],
3403 silly audit   'stack-utils': [ '2.0.6' ],
3403 silly audit   argparse: [ '1.0.10', '2.0.1' ],
3403 silly audit   esprima: [ '4.0.1' ],
3403 silly audit   'sprintf-js': [ '1.0.3' ],
3403 silly audit   marky: [ '1.3.0' ],
3403 silly audit   'p-locate': [ '4.1.0' ],
3403 silly audit   asap: [ '2.0.6' ],
3403 silly audit   'shell-quote': [ '1.8.3' ],
3403 silly audit   send: [ '0.19.2' ],
3403 silly audit   depd: [ '2.0.0' ],
3403 silly audit   destroy: [ '1.2.0' ],
3403 silly audit   etag: [ '1.8.1' ],
3403 silly audit   fresh: [ '0.5.2' ],
3403 silly audit   'http-errors': [ '2.0.1' ],
3403 silly audit   mime: [ '1.6.0' ],
3403 silly audit   'range-parser': [ '1.2.1' ],
3403 silly audit   setprototypeof: [ '1.2.0' ],
3403 silly audit   toidentifier: [ '1.0.1' ],
3403 silly audit   'shebang-regex': [ '3.0.0' ],
3403 silly audit   'type-fest': [ '0.7.1', '0.21.3' ],
3403 silly audit   'lines-and-columns': [ '1.2.4' ],
3403 silly audit   mz: [ '2.7.0' ],
3403 silly audit   tinyglobby: [ '0.2.16' ],
3403 silly audit   'ts-interface-checker': [ '0.1.13' ],
3403 silly audit   'any-promise': [ '1.3.0' ],
3403 silly audit   'object-assign': [ '4.1.1' ],
3403 silly audit   'thenify-all': [ '1.6.0' ],
3403 silly audit   'has-flag': [ '3.0.0', '4.0.0' ],
3403 silly audit   '@jridgewell/source-map': [ '0.3.11' ],
3403 silly audit   acorn: [ '8.16.0' ],
3403 silly audit   'source-map-support': [ '0.5.21' ],
3403 silly audit   'buffer-from': [ '1.1.2' ],
3403 silly audit   thenify: [ '3.3.1' ],
3403 silly audit   fdir: [ '6.5.0' ],
3403 silly audit   'is-number': [ '7.0.0' ],
3403 silly audit   escalade: [ '3.2.0' ],
3403 silly audit   makeerror: [ '1.0.12' ],
3403 silly audit   tmpl: [ '1.0.5' ],
3403 silly audit   buffer: [ '5.7.1' ],
3403 silly audit   punycode: [ '2.3.1' ],
3403 silly audit   'webidl-conversions': [ '5.0.0' ],
3403 silly audit   ieee754: [ '1.2.1' ],
3403 silly audit   isexe: [ '2.0.0' ],
3403 silly audit   imurmurhash: [ '0.1.4' ],
3403 silly audit   'signal-exit': [ '3.0.7' ],
3403 silly audit   'simple-plist': [ '1.3.1' ],
3403 silly audit   uuid: [ '7.0.3' ],
3403 silly audit   'bplist-creator': [ '0.1.0' ],
3403 silly audit   'bplist-parser': [ '0.3.1' ],
3403 silly audit   plist: [ '3.1.0' ],
3403 silly audit   'stream-buffers': [ '2.2.0' ],
3403 silly audit   'big-integer': [ '1.6.52' ],
3403 silly audit   sax: [ '1.6.0' ],
3403 silly audit   cliui: [ '8.0.1' ],
3403 silly audit   'get-caller-file': [ '2.0.5' ],
3403 silly audit   'require-directory': [ '2.1.1' ],
3403 silly audit   'string-width': [ '4.2.3' ],
3403 silly audit   y18n: [ '5.0.8' ],
3403 silly audit   'yargs-parser': [ '21.1.1' ],
3403 silly audit   'strip-ansi': [ '6.0.1', '5.2.0' ],
3403 silly audit   'wrap-ansi': [ '7.0.0' ],
3403 silly audit   'emoji-regex': [ '8.0.0' ],
3403 silly audit   'is-fullwidth-code-point': [ '3.0.0' ],
3403 silly audit   'fs.realpath': [ '1.0.0' ],
3403 silly audit   inflight: [ '1.0.6' ],
3403 silly audit   once: [ '1.4.0' ],
3403 silly audit   'path-is-absolute': [ '1.0.1' ],
3403 silly audit   wrappy: [ '1.0.2' ],
3403 silly audit   'concat-map': [ '0.0.1' ],
3403 silly audit   'async-limiter': [ '1.0.1' ],
3403 silly audit   '@0no-co/graphql.web': [ '1.2.0' ],
3403 silly audit   '@expo/code-signing-certificates': [ '0.0.6' ],
3403 silly audit   '@expo/devcert': [ '1.2.1' ],
3403 silly audit   '@expo/env': [ '2.0.11' ],
3403 silly audit   '@expo/image-utils': [ '0.8.13' ],
3403 silly audit   '@expo/osascript': [ '2.4.2' ],
3403 silly audit   '@expo/package-manager': [ '1.10.4' ],
3403 silly audit   '@expo/prebuild-config': [ '54.0.8' ],
3403 silly audit   '@expo/schema-utils': [ '0.1.8' ],
3403 silly audit   '@expo/ws-tunnel': [ '1.0.6' ],
3403 silly audit   '@expo/xcpretty': [ '4.4.3' ],
3403 silly audit   '@urql/core': [ '5.2.0' ],
3403 silly audit   '@urql/exchange-retry': [ '1.3.2' ],
3403 silly audit   'better-opn': [ '3.0.2' ],
3403 silly audit   compression: [ '1.8.1' ],
3403 silly audit   'env-editor': [ '0.4.2' ],
3403 silly audit   'expo-server': [ '1.0.5' ],
3403 silly audit   'freeport-async': [ '2.0.0' ],
3403 silly audit   'lan-network': [ '0.1.7' ],
3403 silly audit   'node-forge': [ '1.4.0' ],
3403 silly audit   'npm-package-arg': [ '11.0.3' ],
3403 silly audit   ora: [ '3.4.0' ],
3403 silly audit   'pretty-bytes': [ '5.6.0' ],
3403 silly audit   progress: [ '2.0.3' ],
3403 silly audit   prompts: [ '2.4.2' ],
3403 silly audit   'qrcode-terminal': [ '0.11.0' ],
3403 silly audit   requireg: [ '0.2.2' ],
3403 silly audit   resolve: [ '1.22.12', '1.7.1' ],
3403 silly audit   'resolve.exports': [ '2.0.3' ],
3403 silly audit   'structured-headers': [ '0.4.1' ],
3403 silly audit   tar: [ '7.5.13' ],
3403 silly audit   'terminal-link': [ '2.1.1' ],
3403 silly audit   undici: [ '6.25.0' ],
3403 silly audit   '@expo/sudo-prompt': [ '9.3.2' ],
3403 silly audit   dotenv: [ '16.4.7' ],
3403 silly audit   'dotenv-expand': [ '11.0.7' ],
3403 silly audit   '@expo/require-utils': [ '55.0.4' ],
3403 silly audit   'jimp-compact': [ '0.16.1' ],
3403 silly audit   'parse-png': [ '2.1.0' ],
3403 silly audit   '@babel/plugin-transform-modules-commonjs': [ '7.28.6' ],
3403 silly audit   wonka: [ '6.3.6' ],
3403 silly audit   bytes: [ '3.1.2' ],
3403 silly audit   compressible: [ '2.0.18' ],
3403 silly audit   'on-headers': [ '1.1.0' ],
3403 silly audit   'safe-buffer': [ '5.2.1' ],
3403 silly audit   vary: [ '1.1.2' ],
3403 silly audit   'hosted-git-info': [ '7.0.2' ],
3403 silly audit   'proc-log': [ '4.2.0' ],
3403 silly audit   'validate-npm-package-name': [ '5.0.1' ],
3403 silly audit   'cli-cursor': [ '2.1.0' ],
3403 silly audit   'cli-spinners': [ '2.9.2' ],
3403 silly audit   'log-symbols': [ '2.2.0' ],
3403 silly audit   wcwidth: [ '1.0.1' ],
3403 silly audit   'restore-cursor': [ '2.0.0' ],
3403 silly audit   pngjs: [ '3.4.0' ],
3403 silly audit   kleur: [ '3.0.3' ],
3403 silly audit   sisteransi: [ '1.0.5' ],
3403 silly audit   'nested-error-stacks': [ '2.0.1' ],
3403 silly audit   rc: [ '1.2.8' ],
3403 silly audit   'deep-extend': [ '0.6.0' ],
3403 silly audit   ini: [ '1.3.8' ],
3403 silly audit   minimist: [ '1.2.8' ],
3403 silly audit   'strip-json-comments': [ '2.0.1' ],
3403 silly audit   'es-errors': [ '1.3.0' ],
3403 silly audit   'is-core-module': [ '2.16.1' ],
3403 silly audit   'path-parse': [ '1.0.7' ],
3403 silly audit   'supports-preserve-symlinks-flag': [ '1.0.0' ],
3403 silly audit   hasown: [ '2.0.3' ],
3403 silly audit   'function-bind': [ '1.1.2' ],
3403 silly audit   onetime: [ '2.0.1' ],
3403 silly audit   'mimic-fn': [ '1.2.0' ],
3403 silly audit   '@isaacs/fs-minipass': [ '4.0.1' ],
3403 silly audit   chownr: [ '3.0.0' ],
3403 silly audit   minizlib: [ '3.1.0' ],
3403 silly audit   'ansi-escapes': [ '4.3.2' ],
3403 silly audit   'supports-hyperlinks': [ '2.3.0' ],
3403 silly audit   defaults: [ '1.0.4' ],
3403 silly audit   clone: [ '1.0.4' ],
3403 silly audit   'define-lazy-prop': [ '2.0.0' ],
3403 silly audit   lightningcss: [ '1.32.0' ],
3403 silly audit   postcss: [ '8.4.49' ],
3403 silly audit   'detect-libc': [ '2.1.2' ],
3403 silly audit   'lightningcss-android-arm64': [ '1.32.0' ],
3403 silly audit   'lightningcss-darwin-arm64': [ '1.32.0' ],
3403 silly audit   'lightningcss-darwin-x64': [ '1.32.0' ],
3403 silly audit   'lightningcss-freebsd-x64': [ '1.32.0' ],
3403 silly audit   'lightningcss-linux-arm-gnueabihf': [ '1.32.0' ],
3403 silly audit   'lightningcss-linux-arm64-gnu': [ '1.32.0' ],
3403 silly audit   'lightningcss-linux-arm64-musl': [ '1.32.0' ],
3403 silly audit   'lightningcss-linux-x64-gnu': [ '1.32.0' ],
3403 silly audit   'lightningcss-linux-x64-musl': [ '1.32.0' ],
3403 silly audit   'lightningcss-win32-arm64-msvc': [ '1.32.0' ],
3403 silly audit   'lightningcss-win32-x64-msvc': [ '1.32.0' ],
3403 silly audit   nanoid: [ '3.3.11' ],
3403 silly audit   'source-map-js': [ '1.2.1' ],
3403 silly audit   '@babel/plugin-proposal-decorators': [ '7.29.0' ],
3403 silly audit   '@babel/plugin-proposal-export-default-from': [ '7.27.1' ],
3403 silly audit   '@babel/plugin-syntax-export-default-from': [ '7.28.6' ],
3403 silly audit   '@babel/plugin-transform-class-static-block': [ '7.28.6' ],
3403 silly audit   '@babel/plugin-transform-export-namespace-from': [ '7.27.1' ],
3403 silly audit   '@babel/plugin-transform-flow-strip-types': [ '7.27.1' ],
3403 silly audit   '@babel/plugin-transform-object-rest-spread': [ '7.28.6' ],
3403 silly audit   '@babel/plugin-transform-parameters': [ '7.27.7' ],
3403 silly audit   '@babel/plugin-transform-private-methods': [ '7.28.6' ],
3403 silly audit   '@babel/plugin-transform-private-property-in-object': [ '7.28.6' ],
3403 silly audit   '@babel/plugin-transform-runtime': [ '7.29.0' ],
3403 silly audit   '@babel/preset-react': [ '7.28.5' ],
3403 silly audit   '@babel/preset-typescript': [ '7.28.5' ],
3403 silly audit   '@react-native/babel-preset': [ '0.81.5' ],
3403 silly audit   'babel-plugin-react-compiler': [ '1.0.0' ],
3403 silly audit   'babel-plugin-react-native-web': [ '0.21.2' ],
3403 silly audit   'babel-plugin-transform-flow-enums': [ '0.0.2' ],
3403 silly audit   '@babel/helper-create-class-features-plugin': [ '7.28.6' ],
3403 silly audit   '@babel/plugin-syntax-decorators': [ '7.28.6' ],
3403 silly audit   '@babel/helper-annotate-as-pure': [ '7.27.3' ],
3403 silly audit   '@babel/helper-member-expression-to-functions': [ '7.28.5' ],
3403 silly audit   '@babel/helper-optimise-call-expression': [ '7.27.1' ],
3403 silly audit   '@babel/helper-replace-supers': [ '7.28.6' ],
3403 silly audit   '@babel/helper-skip-transparent-expression-wrappers': [ '7.27.1' ],
3403 silly audit   '@babel/plugin-syntax-flow': [ '7.28.6' ],
3403 silly audit   '@babel/plugin-transform-destructuring': [ '7.28.5' ],
3403 silly audit   'babel-plugin-polyfill-corejs2': [ '0.4.17' ],
3403 silly audit   'babel-plugin-polyfill-corejs3': [ '0.13.0' ],
3403 silly audit   'babel-plugin-polyfill-regenerator': [ '0.6.8' ],
3403 silly audit   '@babel/plugin-transform-react-display-name': [ '7.28.0' ],
3403 silly audit   '@babel/plugin-transform-react-jsx': [ '7.28.6' ],
3403 silly audit   '@babel/plugin-transform-react-jsx-development': [ '7.27.1' ],
3403 silly audit   '@babel/plugin-transform-react-pure-annotations': [ '7.27.1' ],
3403 silly audit   '@babel/plugin-syntax-jsx': [ '7.28.6' ],
3403 silly audit   '@babel/plugin-transform-typescript': [ '7.28.6' ],
3403 silly audit   '@babel/plugin-syntax-typescript': [ '7.28.6' ],
3403 silly audit   '@babel/plugin-syntax-dynamic-import': [ '7.8.3' ],
3403 silly audit   '@babel/plugin-transform-arrow-functions': [ '7.27.1' ],
3403 silly audit   '@babel/plugin-transform-async-generator-functions': [ '7.29.0' ],
3403 silly audit   '@babel/plugin-transform-async-to-generator': [ '7.28.6' ],
3403 silly audit   '@babel/plugin-transform-block-scoping': [ '7.28.6' ],
3403 silly audit   '@babel/plugin-transform-class-properties': [ '7.28.6' ],
3403 silly audit   '@babel/plugin-transform-classes': [ '7.28.6' ],
3403 silly audit   '@babel/plugin-transform-computed-properties': [ '7.28.6' ],
3403 silly audit   '@babel/plugin-transform-for-of': [ '7.27.1' ],
3403 silly audit   '@babel/plugin-transform-function-name': [ '7.27.1' ],
3403 silly audit   '@babel/plugin-transform-literals': [ '7.27.1' ],
3403 silly audit   '@babel/plugin-transform-logical-assignment-operators': [ '7.28.6' ],
3403 silly audit   '@babel/plugin-transform-named-capturing-groups-regex': [ '7.29.0' ],
3403 silly audit   '@babel/plugin-transform-nullish-coalescing-operator': [ '7.28.6' ],
3403 silly audit   '@babel/plugin-transform-numeric-separator': [ '7.28.6' ],
3403 silly audit   '@babel/plugin-transform-optional-catch-binding': [ '7.28.6' ],
3403 silly audit   '@babel/plugin-transform-optional-chaining': [ '7.28.6' ],
3403 silly audit   '@babel/plugin-transform-react-jsx-self': [ '7.27.1' ],
3403 silly audit   '@babel/plugin-transform-react-jsx-source': [ '7.27.1' ],
3403 silly audit   '@babel/plugin-transform-regenerator': [ '7.29.0' ],
3403 silly audit   '@babel/plugin-transform-shorthand-properties': [ '7.27.1' ],
3403 silly audit   '@babel/plugin-transform-spread': [ '7.28.6' ],
3403 silly audit   '@babel/plugin-transform-sticky-regex': [ '7.27.1' ],
3403 silly audit   '@babel/plugin-transform-unicode-regex': [ '7.27.1' ],
3403 silly audit   '@react-native/babel-plugin-codegen': [ '0.81.5' ],
3403 silly audit   '@babel/helper-remap-async-to-generator': [ '7.27.1' ],
3403 silly audit   '@babel/helper-wrap-function': [ '7.28.6' ],
3403 silly audit   '@babel/helper-create-regexp-features-plugin': [ '7.28.5' ],
3403 silly audit   'regexpu-core': [ '6.4.0' ],
3403 silly audit   '@babel/helper-define-polyfill-provider': [ '0.6.8' ],
3403 silly audit   'lodash.debounce': [ '4.0.8' ],
3403 silly audit   'core-js-compat': [ '3.49.0' ],
3403 silly audit   regenerate: [ '1.4.2' ],
3403 silly audit   'regenerate-unicode-properties': [ '10.2.2' ],
3403 silly audit   regjsgen: [ '0.8.0' ],
3403 silly audit   regjsparser: [ '0.13.1' ],
3403 silly audit   'unicode-match-property-ecmascript': [ '2.0.0' ],
3403 silly audit   'unicode-match-property-value-ecmascript': [ '2.2.1' ],
3403 silly audit   'unicode-canonical-property-names-ecmascript': [ '2.0.1' ],
3403 silly audit   'unicode-property-aliases-ecmascript': [ '2.2.0' ],
3403 silly audit   fontfaceobserver: [ '2.3.0' ],
3403 silly audit   'p-try': [ '2.2.0' ]
3403 silly audit }
3404 http cache p-try@https://registry.npmjs.org/p-try/-/p-try-2.2.0.tgz 0ms (cache hit)
3405 http cache fontfaceobserver@https://registry.npmjs.org/fontfaceobserver/-/fontfaceobserver-2.3.0.tgz 1ms (cache hit)
3406 http cache unicode-property-aliases-ecmascript@https://registry.npmjs.org/unicode-property-aliases-ecmascript/-/unicode-property-aliases-ecmascript-2.2.0.tgz 0ms (cache hit)
3407 http cache unicode-match-property-ecmascript@https://registry.npmjs.org/unicode-match-property-ecmascript/-/unicode-match-property-ecmascript-2.0.0.tgz 0ms (cache hit)
3408 http cache unicode-match-property-value-ecmascript@https://registry.npmjs.org/unicode-match-property-value-ecmascript/-/unicode-match-property-value-ecmascript-2.2.1.tgz 0ms (cache hit)
3409 http cache unicode-canonical-property-names-ecmascript@https://registry.npmjs.org/unicode-canonical-property-names-ecmascript/-/unicode-canonical-property-names-ecmascript-2.0.1.tgz 1ms (cache hit)
3410 http cache regjsparser@https://registry.npmjs.org/regjsparser/-/regjsparser-0.13.1.tgz 0ms (cache hit)
3411 http cache regenerate-unicode-properties@https://registry.npmjs.org/regenerate-unicode-properties/-/regenerate-unicode-properties-10.2.2.tgz 0ms (cache hit)
3412 http cache @babel/helper-define-polyfill-provider@https://registry.npmjs.org/@babel/helper-define-polyfill-provider/-/helper-define-polyfill-provider-0.6.8.tgz 0ms (cache hit)
3413 http cache regjsgen@https://registry.npmjs.org/regjsgen/-/regjsgen-0.8.0.tgz 0ms (cache hit)
3414 http cache @babel/helper-wrap-function@https://registry.npmjs.org/@babel/helper-wrap-function/-/helper-wrap-function-7.28.6.tgz 0ms (cache hit)
3415 http cache lodash.debounce@https://registry.npmjs.org/lodash.debounce/-/lodash.debounce-4.0.8.tgz 0ms (cache hit)
3416 http cache @babel/helper-remap-async-to-generator@https://registry.npmjs.org/@babel/helper-remap-async-to-generator/-/helper-remap-async-to-generator-7.27.1.tgz 0ms (cache hit)
3417 http cache @react-native/babel-plugin-codegen@https://registry.npmjs.org/@react-native/babel-plugin-codegen/-/babel-plugin-codegen-0.81.5.tgz 0ms (cache hit)
3418 http cache regenerate@https://registry.npmjs.org/regenerate/-/regenerate-1.4.2.tgz 0ms (cache hit)
3419 http cache @babel/plugin-transform-spread@https://registry.npmjs.org/@babel/plugin-transform-spread/-/plugin-transform-spread-7.28.6.tgz 0ms (cache hit)
3420 http cache @babel/plugin-transform-unicode-regex@https://registry.npmjs.org/@babel/plugin-transform-unicode-regex/-/plugin-transform-unicode-regex-7.27.1.tgz 0ms (cache hit)
3421 http cache core-js-compat@https://registry.npmjs.org/core-js-compat/-/core-js-compat-3.49.0.tgz 0ms (cache hit)
3422 http cache @babel/helper-create-regexp-features-plugin@https://registry.npmjs.org/@babel/helper-create-regexp-features-plugin/-/helper-create-regexp-features-plugin-7.28.5.tgz 0ms (cache hit)
3423 http cache @babel/plugin-transform-shorthand-properties@https://registry.npmjs.org/@babel/plugin-transform-shorthand-properties/-/plugin-transform-shorthand-properties-7.27.1.tgz 0ms (cache hit)
3424 http cache regexpu-core@https://registry.npmjs.org/regexpu-core/-/regexpu-core-6.4.0.tgz 0ms (cache hit)
3425 http cache @babel/plugin-transform-sticky-regex@https://registry.npmjs.org/@babel/plugin-transform-sticky-regex/-/plugin-transform-sticky-regex-7.27.1.tgz 0ms (cache hit)
3426 http cache @babel/plugin-transform-react-jsx-self@https://registry.npmjs.org/@babel/plugin-transform-react-jsx-self/-/plugin-transform-react-jsx-self-7.27.1.tgz 0ms (cache hit)
3427 http cache @babel/plugin-transform-regenerator@https://registry.npmjs.org/@babel/plugin-transform-regenerator/-/plugin-transform-regenerator-7.29.0.tgz 0ms (cache hit)
3428 http cache @babel/plugin-transform-optional-catch-binding@https://registry.npmjs.org/@babel/plugin-transform-optional-catch-binding/-/plugin-transform-optional-catch-binding-7.28.6.tgz 0ms (cache hit)
3429 http cache @babel/plugin-transform-optional-chaining@https://registry.npmjs.org/@babel/plugin-transform-optional-chaining/-/plugin-transform-optional-chaining-7.28.6.tgz 0ms (cache hit)
3430 http cache @babel/plugin-transform-react-jsx-source@https://registry.npmjs.org/@babel/plugin-transform-react-jsx-source/-/plugin-transform-react-jsx-source-7.27.1.tgz 0ms (cache hit)
3431 http cache @babel/plugin-transform-named-capturing-groups-regex@https://registry.npmjs.org/@babel/plugin-transform-named-capturing-groups-regex/-/plugin-transform-named-capturing-groups-regex-7.29.0.tgz 0ms (cache hit)
3432 http cache @babel/plugin-transform-literals@https://registry.npmjs.org/@babel/plugin-transform-literals/-/plugin-transform-literals-7.27.1.tgz 0ms (cache hit)
3433 http cache @babel/plugin-transform-for-of@https://registry.npmjs.org/@babel/plugin-transform-for-of/-/plugin-transform-for-of-7.27.1.tgz 0ms (cache hit)
3434 http cache @babel/plugin-transform-numeric-separator@https://registry.npmjs.org/@babel/plugin-transform-numeric-separator/-/plugin-transform-numeric-separator-7.28.6.tgz 0ms (cache hit)
3435 http cache @babel/plugin-transform-nullish-coalescing-operator@https://registry.npmjs.org/@babel/plugin-transform-nullish-coalescing-operator/-/plugin-transform-nullish-coalescing-operator-7.28.6.tgz 0ms (cache hit)
3436 http cache @babel/plugin-transform-logical-assignment-operators@https://registry.npmjs.org/@babel/plugin-transform-logical-assignment-operators/-/plugin-transform-logical-assignment-operators-7.28.6.tgz 0ms (cache hit)
3437 http cache @babel/plugin-transform-class-properties@https://registry.npmjs.org/@babel/plugin-transform-class-properties/-/plugin-transform-class-properties-7.28.6.tgz 0ms (cache hit)
3438 http cache @babel/plugin-transform-computed-properties@https://registry.npmjs.org/@babel/plugin-transform-computed-properties/-/plugin-transform-computed-properties-7.28.6.tgz 0ms (cache hit)
3439 http cache @babel/plugin-transform-classes@https://registry.npmjs.org/@babel/plugin-transform-classes/-/plugin-transform-classes-7.28.6.tgz 0ms (cache hit)
3440 http cache @babel/plugin-transform-function-name@https://registry.npmjs.org/@babel/plugin-transform-function-name/-/plugin-transform-function-name-7.27.1.tgz 0ms (cache hit)
3441 http cache @babel/plugin-transform-async-to-generator@https://registry.npmjs.org/@babel/plugin-transform-async-to-generator/-/plugin-transform-async-to-generator-7.28.6.tgz 0ms (cache hit)
3442 http cache @babel/plugin-transform-block-scoping@https://registry.npmjs.org/@babel/plugin-transform-block-scoping/-/plugin-transform-block-scoping-7.28.6.tgz 0ms (cache hit)
3443 http cache @babel/plugin-transform-async-generator-functions@https://registry.npmjs.org/@babel/plugin-transform-async-generator-functions/-/plugin-transform-async-generator-functions-7.29.0.tgz 0ms (cache hit)
3444 http cache @babel/plugin-syntax-typescript@https://registry.npmjs.org/@babel/plugin-syntax-typescript/-/plugin-syntax-typescript-7.28.6.tgz 0ms (cache hit)
3445 http cache @babel/plugin-transform-arrow-functions@https://registry.npmjs.org/@babel/plugin-transform-arrow-functions/-/plugin-transform-arrow-functions-7.27.1.tgz 0ms (cache hit)
3446 http cache @babel/plugin-transform-typescript@https://registry.npmjs.org/@babel/plugin-transform-typescript/-/plugin-transform-typescript-7.28.6.tgz 0ms (cache hit)
3447 http cache @babel/plugin-syntax-dynamic-import@https://registry.npmjs.org/@babel/plugin-syntax-dynamic-import/-/plugin-syntax-dynamic-import-7.8.3.tgz 0ms (cache hit)
3448 http cache @babel/plugin-transform-react-jsx-development@https://registry.npmjs.org/@babel/plugin-transform-react-jsx-development/-/plugin-transform-react-jsx-development-7.27.1.tgz 0ms (cache hit)
3449 http cache @babel/plugin-transform-react-pure-annotations@https://registry.npmjs.org/@babel/plugin-transform-react-pure-annotations/-/plugin-transform-react-pure-annotations-7.27.1.tgz 0ms (cache hit)
3450 http cache @babel/plugin-syntax-jsx@https://registry.npmjs.org/@babel/plugin-syntax-jsx/-/plugin-syntax-jsx-7.28.6.tgz 0ms (cache hit)
3451 http cache babel-plugin-polyfill-regenerator@https://registry.npmjs.org/babel-plugin-polyfill-regenerator/-/babel-plugin-polyfill-regenerator-0.6.8.tgz 0ms (cache hit)
3452 http cache babel-plugin-polyfill-corejs3@https://registry.npmjs.org/babel-plugin-polyfill-corejs3/-/babel-plugin-polyfill-corejs3-0.13.0.tgz 0ms (cache hit)
3453 http cache @babel/plugin-transform-destructuring@https://registry.npmjs.org/@babel/plugin-transform-destructuring/-/plugin-transform-destructuring-7.28.5.tgz 0ms (cache hit)
3454 http cache @babel/plugin-transform-react-display-name@https://registry.npmjs.org/@babel/plugin-transform-react-display-name/-/plugin-transform-react-display-name-7.28.0.tgz 0ms (cache hit)
3455 http cache @babel/plugin-transform-react-jsx@https://registry.npmjs.org/@babel/plugin-transform-react-jsx/-/plugin-transform-react-jsx-7.28.6.tgz 0ms (cache hit)
3456 http cache @babel/helper-skip-transparent-expression-wrappers@https://registry.npmjs.org/@babel/helper-skip-transparent-expression-wrappers/-/helper-skip-transparent-expression-wrappers-7.27.1.tgz 0ms (cache hit)
3457 http cache babel-plugin-polyfill-corejs2@https://registry.npmjs.org/babel-plugin-polyfill-corejs2/-/babel-plugin-polyfill-corejs2-0.4.17.tgz 0ms (cache hit)
3458 http cache @babel/plugin-syntax-flow@https://registry.npmjs.org/@babel/plugin-syntax-flow/-/plugin-syntax-flow-7.28.6.tgz 0ms (cache hit)
3459 http cache @babel/helper-optimise-call-expression@https://registry.npmjs.org/@babel/helper-optimise-call-expression/-/helper-optimise-call-expression-7.27.1.tgz 0ms (cache hit)
3460 http cache @babel/helper-replace-supers@https://registry.npmjs.org/@babel/helper-replace-supers/-/helper-replace-supers-7.28.6.tgz 0ms (cache hit)
3461 http cache @babel/helper-member-expression-to-functions@https://registry.npmjs.org/@babel/helper-member-expression-to-functions/-/helper-member-expression-to-functions-7.28.5.tgz 0ms (cache hit)
3462 http cache babel-plugin-transform-flow-enums@https://registry.npmjs.org/babel-plugin-transform-flow-enums/-/babel-plugin-transform-flow-enums-0.0.2.tgz 0ms (cache hit)
3463 http cache @babel/helper-annotate-as-pure@https://registry.npmjs.org/@babel/helper-annotate-as-pure/-/helper-annotate-as-pure-7.27.3.tgz 0ms (cache hit)
3464 http cache babel-plugin-react-native-web@https://registry.npmjs.org/babel-plugin-react-native-web/-/babel-plugin-react-native-web-0.21.2.tgz 0ms (cache hit)
3465 http cache babel-plugin-react-compiler@https://registry.npmjs.org/babel-plugin-react-compiler/-/babel-plugin-react-compiler-1.0.0.tgz 0ms (cache hit)
3466 http cache @babel/plugin-syntax-decorators@https://registry.npmjs.org/@babel/plugin-syntax-decorators/-/plugin-syntax-decorators-7.28.6.tgz 0ms (cache hit)
3467 http cache @react-native/babel-preset@https://registry.npmjs.org/@react-native/babel-preset/-/babel-preset-0.81.5.tgz 0ms (cache hit)
3468 http cache @babel/preset-typescript@https://registry.npmjs.org/@babel/preset-typescript/-/preset-typescript-7.28.5.tgz 0ms (cache hit)
3469 http cache @babel/helper-create-class-features-plugin@https://registry.npmjs.org/@babel/helper-create-class-features-plugin/-/helper-create-class-features-plugin-7.28.6.tgz 0ms (cache hit)
3470 http cache @babel/plugin-transform-private-methods@https://registry.npmjs.org/@babel/plugin-transform-private-methods/-/plugin-transform-private-methods-7.28.6.tgz 0ms (cache hit)
3471 http cache @babel/preset-react@https://registry.npmjs.org/@babel/preset-react/-/preset-react-7.28.5.tgz 0ms (cache hit)
3472 http cache @babel/plugin-transform-private-property-in-object@https://registry.npmjs.org/@babel/plugin-transform-private-property-in-object/-/plugin-transform-private-property-in-object-7.28.6.tgz 0ms (cache hit)
3473 http cache @babel/plugin-transform-parameters@https://registry.npmjs.org/@babel/plugin-transform-parameters/-/plugin-transform-parameters-7.27.7.tgz 0ms (cache hit)
3474 http cache @babel/plugin-transform-class-static-block@https://registry.npmjs.org/@babel/plugin-transform-class-static-block/-/plugin-transform-class-static-block-7.28.6.tgz 0ms (cache hit)
3475 http cache @babel/plugin-transform-object-rest-spread@https://registry.npmjs.org/@babel/plugin-transform-object-rest-spread/-/plugin-transform-object-rest-spread-7.28.6.tgz 0ms (cache hit)
3476 http cache @babel/plugin-transform-runtime@https://registry.npmjs.org/@babel/plugin-transform-runtime/-/plugin-transform-runtime-7.29.0.tgz 0ms (cache hit)
3477 http cache @babel/plugin-transform-flow-strip-types@https://registry.npmjs.org/@babel/plugin-transform-flow-strip-types/-/plugin-transform-flow-strip-types-7.27.1.tgz 0ms (cache hit)
3478 http cache source-map-js@https://registry.npmjs.org/source-map-js/-/source-map-js-1.2.1.tgz 0ms (cache hit)
3479 http cache @babel/plugin-transform-export-namespace-from@https://registry.npmjs.org/@babel/plugin-transform-export-namespace-from/-/plugin-transform-export-namespace-from-7.27.1.tgz 0ms (cache hit)
3480 http cache @babel/plugin-syntax-export-default-from@https://registry.npmjs.org/@babel/plugin-syntax-export-default-from/-/plugin-syntax-export-default-from-7.28.6.tgz 0ms (cache hit)
3481 http cache @babel/plugin-proposal-export-default-from@https://registry.npmjs.org/@babel/plugin-proposal-export-default-from/-/plugin-proposal-export-default-from-7.27.1.tgz 0ms (cache hit)
3482 http cache nanoid@https://registry.npmjs.org/nanoid/-/nanoid-3.3.11.tgz 0ms (cache hit)
3483 http cache @babel/plugin-proposal-decorators@https://registry.npmjs.org/@babel/plugin-proposal-decorators/-/plugin-proposal-decorators-7.29.0.tgz 0ms (cache hit)
3484 http cache lightningcss-win32-x64-msvc@https://registry.npmjs.org/lightningcss-win32-x64-msvc/-/lightningcss-win32-x64-msvc-1.32.0.tgz 0ms (cache hit)
3485 http cache define-lazy-prop@https://registry.npmjs.org/define-lazy-prop/-/define-lazy-prop-2.0.0.tgz 0ms (cache hit)
3486 http cache detect-libc@https://registry.npmjs.org/detect-libc/-/detect-libc-2.1.2.tgz 0ms (cache hit)
3487 http cache clone@https://registry.npmjs.org/clone/-/clone-1.0.4.tgz 0ms (cache hit)
3488 http cache lightningcss@https://registry.npmjs.org/lightningcss/-/lightningcss-1.32.0.tgz 0ms (cache hit)
3489 http cache postcss@https://registry.npmjs.org/postcss/-/postcss-8.4.49.tgz 0ms (cache hit)
3490 http cache defaults@https://registry.npmjs.org/defaults/-/defaults-1.0.4.tgz 0ms (cache hit)
3491 http cache @isaacs/fs-minipass@https://registry.npmjs.org/@isaacs/fs-minipass/-/fs-minipass-4.0.1.tgz 0ms (cache hit)
3492 http cache minizlib@https://registry.npmjs.org/minizlib/-/minizlib-3.1.0.tgz 0ms (cache hit)
3493 http cache function-bind@https://registry.npmjs.org/function-bind/-/function-bind-1.1.2.tgz 0ms (cache hit)
3494 http cache chownr@https://registry.npmjs.org/chownr/-/chownr-3.0.0.tgz 0ms (cache hit)
3495 http cache onetime@https://registry.npmjs.org/onetime/-/onetime-2.0.1.tgz 0ms (cache hit)
3496 http cache supports-hyperlinks@https://registry.npmjs.org/supports-hyperlinks/-/supports-hyperlinks-2.3.0.tgz 0ms (cache hit)
3497 http cache ansi-escapes@https://registry.npmjs.org/ansi-escapes/-/ansi-escapes-4.3.2.tgz 0ms (cache hit)
3498 http cache mimic-fn@https://registry.npmjs.org/mimic-fn/-/mimic-fn-1.2.0.tgz 0ms (cache hit)
3499 http cache hasown@https://registry.npmjs.org/hasown/-/hasown-2.0.3.tgz 0ms (cache hit)
3500 http cache is-core-module@https://registry.npmjs.org/is-core-module/-/is-core-module-2.16.1.tgz 0ms (cache hit)
3501 http cache strip-json-comments@https://registry.npmjs.org/strip-json-comments/-/strip-json-comments-2.0.1.tgz 0ms (cache hit)
3502 http cache supports-preserve-symlinks-flag@https://registry.npmjs.org/supports-preserve-symlinks-flag/-/supports-preserve-symlinks-flag-1.0.0.tgz 0ms (cache hit)
3503 http cache path-parse@https://registry.npmjs.org/path-parse/-/path-parse-1.0.7.tgz 0ms (cache hit)
3504 http cache deep-extend@https://registry.npmjs.org/deep-extend/-/deep-extend-0.6.0.tgz 0ms (cache hit)
3505 http cache es-errors@https://registry.npmjs.org/es-errors/-/es-errors-1.3.0.tgz 0ms (cache hit)
3506 http cache minimist@https://registry.npmjs.org/minimist/-/minimist-1.2.8.tgz 0ms (cache hit)
3507 http cache nested-error-stacks@https://registry.npmjs.org/nested-error-stacks/-/nested-error-stacks-2.0.1.tgz 0ms (cache hit)
3508 http cache ini@https://registry.npmjs.org/ini/-/ini-1.3.8.tgz 0ms (cache hit)
3509 http cache sisteransi@https://registry.npmjs.org/sisteransi/-/sisteransi-1.0.5.tgz 0ms (cache hit)
3510 http cache rc@https://registry.npmjs.org/rc/-/rc-1.2.8.tgz 0ms (cache hit)
3511 http cache pngjs@https://registry.npmjs.org/pngjs/-/pngjs-3.4.0.tgz 0ms (cache hit)
3512 http cache kleur@https://registry.npmjs.org/kleur/-/kleur-3.0.3.tgz 0ms (cache hit)
3513 http cache wcwidth@https://registry.npmjs.org/wcwidth/-/wcwidth-1.0.1.tgz 0ms (cache hit)
3514 http cache restore-cursor@https://registry.npmjs.org/restore-cursor/-/restore-cursor-2.0.0.tgz 0ms (cache hit)
3515 http cache log-symbols@https://registry.npmjs.org/log-symbols/-/log-symbols-2.2.0.tgz 0ms (cache hit)
3516 http cache cli-spinners@https://registry.npmjs.org/cli-spinners/-/cli-spinners-2.9.2.tgz 0ms (cache hit)
3517 http cache vary@https://registry.npmjs.org/vary/-/vary-1.1.2.tgz 0ms (cache hit)
3518 http cache validate-npm-package-name@https://registry.npmjs.org/validate-npm-package-name/-/validate-npm-package-name-5.0.1.tgz 0ms (cache hit)
3519 http cache cli-cursor@https://registry.npmjs.org/cli-cursor/-/cli-cursor-2.1.0.tgz 0ms (cache hit)
3520 http cache hosted-git-info@https://registry.npmjs.org/hosted-git-info/-/hosted-git-info-7.0.2.tgz 0ms (cache hit)
3521 http cache proc-log@https://registry.npmjs.org/proc-log/-/proc-log-4.2.0.tgz 0ms (cache hit)
3522 http cache compressible@https://registry.npmjs.org/compressible/-/compressible-2.0.18.tgz 0ms (cache hit)
3523 http cache wonka@https://registry.npmjs.org/wonka/-/wonka-6.3.6.tgz 0ms (cache hit)
3524 http cache on-headers@https://registry.npmjs.org/on-headers/-/on-headers-1.1.0.tgz 0ms (cache hit)
3525 http cache @babel/plugin-transform-modules-commonjs@https://registry.npmjs.org/@babel/plugin-transform-modules-commonjs/-/plugin-transform-modules-commonjs-7.28.6.tgz 0ms (cache hit)
3526 http cache safe-buffer@https://registry.npmjs.org/safe-buffer/-/safe-buffer-5.2.1.tgz 0ms (cache hit)
3527 http cache bytes@https://registry.npmjs.org/bytes/-/bytes-3.1.2.tgz 0ms (cache hit)
3528 http cache @expo/sudo-prompt@https://registry.npmjs.org/@expo/sudo-prompt/-/sudo-prompt-9.3.2.tgz 0ms (cache hit)
3529 http cache dotenv-expand@https://registry.npmjs.org/dotenv-expand/-/dotenv-expand-11.0.7.tgz 0ms (cache hit)
3530 http cache parse-png@https://registry.npmjs.org/parse-png/-/parse-png-2.1.0.tgz 0ms (cache hit)
3531 http cache terminal-link@https://registry.npmjs.org/terminal-link/-/terminal-link-2.1.1.tgz 0ms (cache hit)
3532 http cache @expo/require-utils@https://registry.npmjs.org/@expo/require-utils/-/require-utils-55.0.4.tgz 0ms (cache hit)
3533 http cache dotenv@https://registry.npmjs.org/dotenv/-/dotenv-16.4.7.tgz 0ms (cache hit)
3534 http cache undici@https://registry.npmjs.org/undici/-/undici-6.25.0.tgz 0ms (cache hit)
3535 http cache tar@https://registry.npmjs.org/tar/-/tar-7.5.13.tgz 0ms (cache hit)
3536 http cache structured-headers@https://registry.npmjs.org/structured-headers/-/structured-headers-0.4.1.tgz 0ms (cache hit)
3537 http cache requireg@https://registry.npmjs.org/requireg/-/requireg-0.2.2.tgz 0ms (cache hit)
3538 http cache resolve@https://registry.npmjs.org/resolve/-/resolve-1.22.12.tgz 0ms (cache hit)
3539 http cache progress@https://registry.npmjs.org/progress/-/progress-2.0.3.tgz 0ms (cache hit)
3540 http cache jimp-compact@https://registry.npmjs.org/jimp-compact/-/jimp-compact-0.16.1.tgz 0ms (cache hit)
3541 http cache resolve.exports@https://registry.npmjs.org/resolve.exports/-/resolve.exports-2.0.3.tgz 0ms (cache hit)
3542 http cache ora@https://registry.npmjs.org/ora/-/ora-3.4.0.tgz 0ms (cache hit)
3543 http cache qrcode-terminal@https://registry.npmjs.org/qrcode-terminal/-/qrcode-terminal-0.11.0.tgz 0ms (cache hit)
3544 http cache node-forge@https://registry.npmjs.org/node-forge/-/node-forge-1.4.0.tgz 0ms (cache hit)
3545 http cache pretty-bytes@https://registry.npmjs.org/pretty-bytes/-/pretty-bytes-5.6.0.tgz 0ms (cache hit)
3546 http cache expo-server@https://registry.npmjs.org/expo-server/-/expo-server-1.0.5.tgz 0ms (cache hit)
3547 http cache prompts@https://registry.npmjs.org/prompts/-/prompts-2.4.2.tgz 0ms (cache hit)
3548 http cache npm-package-arg@https://registry.npmjs.org/npm-package-arg/-/npm-package-arg-11.0.3.tgz 0ms (cache hit)
3549 http cache lan-network@https://registry.npmjs.org/lan-network/-/lan-network-0.1.7.tgz 0ms (cache hit)
3550 http cache @urql/core@https://registry.npmjs.org/@urql/core/-/core-5.2.0.tgz 0ms (cache hit)
3551 http cache freeport-async@https://registry.npmjs.org/freeport-async/-/freeport-async-2.0.0.tgz 0ms (cache hit)
3552 http cache compression@https://registry.npmjs.org/compression/-/compression-1.8.1.tgz 0ms (cache hit)
3553 http cache env-editor@https://registry.npmjs.org/env-editor/-/env-editor-0.4.2.tgz 0ms (cache hit)
3554 http cache @urql/exchange-retry@https://registry.npmjs.org/@urql/exchange-retry/-/exchange-retry-1.3.2.tgz 0ms (cache hit)
3555 http cache better-opn@https://registry.npmjs.org/better-opn/-/better-opn-3.0.2.tgz 0ms (cache hit)
3556 http cache @expo/ws-tunnel@https://registry.npmjs.org/@expo/ws-tunnel/-/ws-tunnel-1.0.6.tgz 0ms (cache hit)
3557 http cache @expo/schema-utils@https://registry.npmjs.org/@expo/schema-utils/-/schema-utils-0.1.8.tgz 0ms (cache hit)
3558 http cache @expo/xcpretty@https://registry.npmjs.org/@expo/xcpretty/-/xcpretty-4.4.3.tgz 1ms (cache hit)
3559 http cache @expo/package-manager@https://registry.npmjs.org/@expo/package-manager/-/package-manager-1.10.4.tgz 0ms (cache hit)
3560 http cache @0no-co/graphql.web@https://registry.npmjs.org/@0no-co/graphql.web/-/graphql.web-1.2.0.tgz 0ms (cache hit)
3561 http cache @expo/image-utils@https://registry.npmjs.org/@expo/image-utils/-/image-utils-0.8.13.tgz 0ms (cache hit)
3562 http cache wrappy@https://registry.npmjs.org/wrappy/-/wrappy-1.0.2.tgz 0ms (cache hit)
3563 http cache @expo/osascript@https://registry.npmjs.org/@expo/osascript/-/osascript-2.4.2.tgz 0ms (cache hit)
3564 http cache @expo/code-signing-certificates@https://registry.npmjs.org/@expo/code-signing-certificates/-/code-signing-certificates-0.0.6.tgz 0ms (cache hit)
3565 http cache concat-map@https://registry.npmjs.org/concat-map/-/concat-map-0.0.1.tgz 0ms (cache hit)
3566 http cache @expo/env@https://registry.npmjs.org/@expo/env/-/env-2.0.11.tgz 0ms (cache hit)
3567 http cache @expo/devcert@https://registry.npmjs.org/@expo/devcert/-/devcert-1.2.1.tgz 0ms (cache hit)
3568 http cache once@https://registry.npmjs.org/once/-/once-1.4.0.tgz 0ms (cache hit)
3569 http cache async-limiter@https://registry.npmjs.org/async-limiter/-/async-limiter-1.0.1.tgz 0ms (cache hit)
3570 http cache inflight@https://registry.npmjs.org/inflight/-/inflight-1.0.6.tgz 0ms (cache hit)
3571 http cache is-fullwidth-code-point@https://registry.npmjs.org/is-fullwidth-code-point/-/is-fullwidth-code-point-3.0.0.tgz 0ms (cache hit)
3572 http cache path-is-absolute@https://registry.npmjs.org/path-is-absolute/-/path-is-absolute-1.0.1.tgz 0ms (cache hit)
3573 http cache fs.realpath@https://registry.npmjs.org/fs.realpath/-/fs.realpath-1.0.0.tgz 0ms (cache hit)
3574 http cache wrap-ansi@https://registry.npmjs.org/wrap-ansi/-/wrap-ansi-7.0.0.tgz 0ms (cache hit)
3575 http cache emoji-regex@https://registry.npmjs.org/emoji-regex/-/emoji-regex-8.0.0.tgz 0ms (cache hit)
3576 http cache require-directory@https://registry.npmjs.org/require-directory/-/require-directory-2.1.1.tgz 0ms (cache hit)
3577 http cache yargs-parser@https://registry.npmjs.org/yargs-parser/-/yargs-parser-21.1.1.tgz 0ms (cache hit)
3578 http cache string-width@https://registry.npmjs.org/string-width/-/string-width-4.2.3.tgz 0ms (cache hit)
3579 http cache strip-ansi@https://registry.npmjs.org/strip-ansi/-/strip-ansi-6.0.1.tgz 0ms (cache hit)
3580 http cache y18n@https://registry.npmjs.org/y18n/-/y18n-5.0.8.tgz 0ms (cache hit)
3581 http cache get-caller-file@https://registry.npmjs.org/get-caller-file/-/get-caller-file-2.0.5.tgz 0ms (cache hit)
3582 http cache cliui@https://registry.npmjs.org/cliui/-/cliui-8.0.1.tgz 0ms (cache hit)
3583 http cache big-integer@https://registry.npmjs.org/big-integer/-/big-integer-1.6.52.tgz 0ms (cache hit)
3584 http cache stream-buffers@https://registry.npmjs.org/stream-buffers/-/stream-buffers-2.2.0.tgz 0ms (cache hit)
3585 http cache sax@https://registry.npmjs.org/sax/-/sax-1.6.0.tgz 0ms (cache hit)
3586 http cache bplist-parser@https://registry.npmjs.org/bplist-parser/-/bplist-parser-0.3.1.tgz 0ms (cache hit)
3587 http cache plist@https://registry.npmjs.org/plist/-/plist-3.1.0.tgz 0ms (cache hit)
3588 http cache signal-exit@https://registry.npmjs.org/signal-exit/-/signal-exit-3.0.7.tgz 0ms (cache hit)
3589 http cache uuid@https://registry.npmjs.org/uuid/-/uuid-7.0.3.tgz 0ms (cache hit)
3590 http cache bplist-creator@https://registry.npmjs.org/bplist-creator/-/bplist-creator-0.1.0.tgz 0ms (cache hit)
3591 http cache simple-plist@https://registry.npmjs.org/simple-plist/-/simple-plist-1.3.1.tgz 0ms (cache hit)
3592 http cache imurmurhash@https://registry.npmjs.org/imurmurhash/-/imurmurhash-0.1.4.tgz 0ms (cache hit)
3593 http cache isexe@https://registry.npmjs.org/isexe/-/isexe-2.0.0.tgz 0ms (cache hit)
3594 http cache makeerror@https://registry.npmjs.org/makeerror/-/makeerror-1.0.12.tgz 0ms (cache hit)
3595 http cache ieee754@https://registry.npmjs.org/ieee754/-/ieee754-1.2.1.tgz 0ms (cache hit)
3596 http cache webidl-conversions@https://registry.npmjs.org/webidl-conversions/-/webidl-conversions-5.0.0.tgz 0ms (cache hit)
3597 http cache punycode@https://registry.npmjs.org/punycode/-/punycode-2.3.1.tgz 0ms (cache hit)
3598 http cache buffer@https://registry.npmjs.org/buffer/-/buffer-5.7.1.tgz 0ms (cache hit)
3599 http cache escalade@https://registry.npmjs.org/escalade/-/escalade-3.2.0.tgz 0ms (cache hit)
3600 http cache is-number@https://registry.npmjs.org/is-number/-/is-number-7.0.0.tgz 0ms (cache hit)
3601 http cache buffer-from@https://registry.npmjs.org/buffer-from/-/buffer-from-1.1.2.tgz 0ms (cache hit)
3602 http cache thenify@https://registry.npmjs.org/thenify/-/thenify-3.3.1.tgz 0ms (cache hit)
3603 http cache tmpl@https://registry.npmjs.org/tmpl/-/tmpl-1.0.5.tgz 0ms (cache hit)
3604 http cache @jridgewell/source-map@https://registry.npmjs.org/@jridgewell/source-map/-/source-map-0.3.11.tgz 0ms (cache hit)
3605 http cache acorn@https://registry.npmjs.org/acorn/-/acorn-8.16.0.tgz 0ms (cache hit)
3606 http cache source-map-support@https://registry.npmjs.org/source-map-support/-/source-map-support-0.5.21.tgz 0ms (cache hit)
3607 http cache ts-interface-checker@https://registry.npmjs.org/ts-interface-checker/-/ts-interface-checker-0.1.13.tgz 0ms (cache hit)
3608 http cache has-flag@https://registry.npmjs.org/has-flag/-/has-flag-3.0.0.tgz 0ms (cache hit)
3609 http cache tinyglobby@https://registry.npmjs.org/tinyglobby/-/tinyglobby-0.2.16.tgz 0ms (cache hit)
3610 http cache object-assign@https://registry.npmjs.org/object-assign/-/object-assign-4.1.1.tgz 0ms (cache hit)
3611 http cache type-fest@https://registry.npmjs.org/type-fest/-/type-fest-0.7.1.tgz 0ms (cache hit)
3612 http cache any-promise@https://registry.npmjs.org/any-promise/-/any-promise-1.3.0.tgz 0ms (cache hit)
3613 http cache mz@https://registry.npmjs.org/mz/-/mz-2.7.0.tgz 0ms (cache hit)
3614 http cache lines-and-columns@https://registry.npmjs.org/lines-and-columns/-/lines-and-columns-1.2.4.tgz 0ms (cache hit)
3615 http cache thenify-all@https://registry.npmjs.org/thenify-all/-/thenify-all-1.6.0.tgz 0ms (cache hit)
3616 http cache shebang-regex@https://registry.npmjs.org/shebang-regex/-/shebang-regex-3.0.0.tgz 0ms (cache hit)
3617 http cache range-parser@https://registry.npmjs.org/range-parser/-/range-parser-1.2.1.tgz 0ms (cache hit)
3618 http cache toidentifier@https://registry.npmjs.org/toidentifier/-/toidentifier-1.0.1.tgz 0ms (cache hit)
3619 http cache http-errors@https://registry.npmjs.org/http-errors/-/http-errors-2.0.1.tgz 0ms (cache hit)
3620 http cache setprototypeof@https://registry.npmjs.org/setprototypeof/-/setprototypeof-1.2.0.tgz 0ms (cache hit)
3621 http cache mime@https://registry.npmjs.org/mime/-/mime-1.6.0.tgz 0ms (cache hit)
3622 http cache etag@https://registry.npmjs.org/etag/-/etag-1.8.1.tgz 0ms (cache hit)
3623 http cache destroy@https://registry.npmjs.org/destroy/-/destroy-1.2.0.tgz 0ms (cache hit)
3624 http cache depd@https://registry.npmjs.org/depd/-/depd-2.0.0.tgz 0ms (cache hit)
3625 http cache fresh@https://registry.npmjs.org/fresh/-/fresh-0.5.2.tgz 0ms (cache hit)
3626 http cache send@https://registry.npmjs.org/send/-/send-0.19.2.tgz 0ms (cache hit)
3627 http cache shell-quote@https://registry.npmjs.org/shell-quote/-/shell-quote-1.8.3.tgz 0ms (cache hit)
3628 http cache asap@https://registry.npmjs.org/asap/-/asap-2.0.6.tgz 0ms (cache hit)
3629 http cache p-locate@https://registry.npmjs.org/p-locate/-/p-locate-4.1.0.tgz 0ms (cache hit)
3630 http cache marky@https://registry.npmjs.org/marky/-/marky-1.3.0.tgz 0ms (cache hit)
3631 http cache @types/graceful-fs@https://registry.npmjs.org/@types/graceful-fs/-/graceful-fs-4.1.9.tgz 0ms (cache hit)
3632 http cache @types/stack-utils@https://registry.npmjs.org/@types/stack-utils/-/stack-utils-2.0.3.tgz 0ms (cache hit)
3633 http cache esprima@https://registry.npmjs.org/esprima/-/esprima-4.0.1.tgz 0ms (cache hit)
3634 http cache sprintf-js@https://registry.npmjs.org/sprintf-js/-/sprintf-js-1.0.3.tgz 0ms (cache hit)
3635 http cache argparse@https://registry.npmjs.org/argparse/-/argparse-1.0.10.tgz 0ms (cache hit)
3636 http cache @sinonjs/commons@https://registry.npmjs.org/@sinonjs/commons/-/commons-3.0.1.tgz 0ms (cache hit)
3637 http cache normalize-path@https://registry.npmjs.org/normalize-path/-/normalize-path-3.0.0.tgz 0ms (cache hit)
3638 http cache anymatch@https://registry.npmjs.org/anymatch/-/anymatch-3.1.3.tgz 0ms (cache hit)
3639 http cache stack-utils@https://registry.npmjs.org/stack-utils/-/stack-utils-2.0.6.tgz 0ms (cache hit)
3640 http cache type-detect@https://registry.npmjs.org/type-detect/-/type-detect-4.0.8.tgz 0ms (cache hit)
3641 http cache @sinonjs/fake-timers@https://registry.npmjs.org/@sinonjs/fake-timers/-/fake-timers-10.3.0.tgz 0ms (cache hit)
3642 http cache jest-message-util@https://registry.npmjs.org/jest-message-util/-/jest-message-util-29.7.0.tgz 0ms (cache hit)
3643 http cache jest-mock@https://registry.npmjs.org/jest-mock/-/jest-mock-29.7.0.tgz 0ms (cache hit)
3644 http cache @jest/fake-timers@https://registry.npmjs.org/@jest/fake-timers/-/fake-timers-29.7.0.tgz 0ms (cache hit)
3645 http cache @jest/environment@https://registry.npmjs.org/@jest/environment/-/environment-29.7.0.tgz 0ms (cache hit)
3646 http cache is-docker@https://registry.npmjs.org/is-docker/-/is-docker-2.2.1.tgz 0ms (cache hit)
3647 http cache path-exists@https://registry.npmjs.org/path-exists/-/path-exists-4.0.0.tgz 0ms (cache hit)
3648 http cache istanbul-lib-coverage@https://registry.npmjs.org/istanbul-lib-coverage/-/istanbul-lib-coverage-3.2.2.tgz 0ms (cache hit)
3649 http cache rimraf@https://registry.npmjs.org/rimraf/-/rimraf-3.0.2.tgz 0ms (cache hit)
3650 http cache locate-path@https://registry.npmjs.org/locate-path/-/locate-path-5.0.0.tgz 0ms (cache hit)
3651 http cache @babel/plugin-syntax-private-property-in-object@https://registry.npmjs.org/@babel/plugin-syntax-private-property-in-object/-/plugin-syntax-private-property-in-object-7.14.5.tgz 0ms (cache hit)
3652 http cache is-wsl@https://registry.npmjs.org/is-wsl/-/is-wsl-2.2.0.tgz 0ms (cache hit)
3653 http cache lighthouse-logger@https://registry.npmjs.org/lighthouse-logger/-/lighthouse-logger-1.4.2.tgz 0ms (cache hit)
3654 http cache @babel/plugin-syntax-top-level-await@https://registry.npmjs.org/@babel/plugin-syntax-top-level-await/-/plugin-syntax-top-level-await-7.14.5.tgz 0ms (cache hit)
3655 http cache @babel/plugin-syntax-optional-catch-binding@https://registry.npmjs.org/@babel/plugin-syntax-optional-catch-binding/-/plugin-syntax-optional-catch-binding-7.8.3.tgz 0ms (cache hit)
3656 http cache mkdirp@https://registry.npmjs.org/mkdirp/-/mkdirp-1.0.4.tgz 0ms (cache hit)
3657 http cache @babel/plugin-syntax-nullish-coalescing-operator@https://registry.npmjs.org/@babel/plugin-syntax-nullish-coalescing-operator/-/plugin-syntax-nullish-coalescing-operator-7.8.3.tgz 0ms (cache hit)
3658 http cache @babel/plugin-syntax-logical-assignment-operators@https://registry.npmjs.org/@babel/plugin-syntax-logical-assignment-operators/-/plugin-syntax-logical-assignment-operators-7.10.4.tgz 0ms (cache hit)
3659 http cache @babel/plugin-syntax-optional-chaining@https://registry.npmjs.org/@babel/plugin-syntax-optional-chaining/-/plugin-syntax-optional-chaining-7.8.3.tgz 0ms (cache hit)
3660 http cache @babel/plugin-syntax-json-strings@https://registry.npmjs.org/@babel/plugin-syntax-json-strings/-/plugin-syntax-json-strings-7.8.3.tgz 0ms (cache hit)
3661 http cache @babel/plugin-syntax-numeric-separator@https://registry.npmjs.org/@babel/plugin-syntax-numeric-separator/-/plugin-syntax-numeric-separator-7.10.4.tgz 0ms (cache hit)
3662 http cache @babel/plugin-syntax-object-rest-spread@https://registry.npmjs.org/@babel/plugin-syntax-object-rest-spread/-/plugin-syntax-object-rest-spread-7.8.3.tgz 0ms (cache hit)
3663 http cache @babel/plugin-syntax-import-attributes@https://registry.npmjs.org/@babel/plugin-syntax-import-attributes/-/plugin-syntax-import-attributes-7.28.6.tgz 0ms (cache hit)
3664 http cache @babel/plugin-syntax-class-static-block@https://registry.npmjs.org/@babel/plugin-syntax-class-static-block/-/plugin-syntax-class-static-block-7.14.5.tgz 0ms (cache hit)
3665 http cache @babel/plugin-syntax-import-meta@https://registry.npmjs.org/@babel/plugin-syntax-import-meta/-/plugin-syntax-import-meta-7.10.4.tgz 0ms (cache hit)
3666 http cache @babel/plugin-syntax-class-properties@https://registry.npmjs.org/@babel/plugin-syntax-class-properties/-/plugin-syntax-class-properties-7.12.13.tgz 0ms (cache hit)
3667 http cache @babel/plugin-syntax-async-generators@https://registry.npmjs.org/@babel/plugin-syntax-async-generators/-/plugin-syntax-async-generators-7.8.4.tgz 0ms (cache hit)
3668 http cache @babel/plugin-syntax-bigint@https://registry.npmjs.org/@babel/plugin-syntax-bigint/-/plugin-syntax-bigint-7.8.3.tgz 0ms (cache hit)
3669 http cache babel-preset-current-node-syntax@https://registry.npmjs.org/babel-preset-current-node-syntax/-/babel-preset-current-node-syntax-1.2.0.tgz 0ms (cache hit)
3670 http cache find-up@https://registry.npmjs.org/find-up/-/find-up-4.1.0.tgz 0ms (cache hit)
3671 http cache @istanbuljs/schema@https://registry.npmjs.org/@istanbuljs/schema/-/schema-0.1.6.tgz 0ms (cache hit)
3672 http cache js-yaml@https://registry.npmjs.org/js-yaml/-/js-yaml-3.14.2.tgz 0ms (cache hit)
3673 http cache babel-plugin-jest-hoist@https://registry.npmjs.org/babel-plugin-jest-hoist/-/babel-plugin-jest-hoist-29.6.3.tgz 0ms (cache hit)
3674 http cache test-exclude@https://registry.npmjs.org/test-exclude/-/test-exclude-6.0.0.tgz 0ms (cache hit)
3675 http cache @types/babel__traverse@https://registry.npmjs.org/@types/babel__traverse/-/babel__traverse-7.28.0.tgz 0ms (cache hit)
3676 http cache @babel/helper-plugin-utils@https://registry.npmjs.org/@babel/helper-plugin-utils/-/helper-plugin-utils-7.28.6.tgz 0ms (cache hit)
3677 http cache istanbul-lib-instrument@https://registry.npmjs.org/istanbul-lib-instrument/-/istanbul-lib-instrument-5.2.1.tgz 0ms (cache hit)
3678 http cache @types/babel__template@https://registry.npmjs.org/@types/babel__template/-/babel__template-7.4.4.tgz 0ms (cache hit)
3679 http cache @istanbuljs/load-nyc-config@https://registry.npmjs.org/@istanbuljs/load-nyc-config/-/load-nyc-config-1.1.0.tgz 0ms (cache hit)
3680 http cache @types/babel__generator@https://registry.npmjs.org/@types/babel__generator/-/babel__generator-7.27.0.tgz 0ms (cache hit)
3681 http cache jest-regex-util@https://registry.npmjs.org/jest-regex-util/-/jest-regex-util-29.6.3.tgz 0ms (cache hit)
3682 http cache fast-json-stable-stringify@https://registry.npmjs.org/fast-json-stable-stringify/-/fast-json-stable-stringify-2.1.0.tgz 0ms (cache hit)
3683 http cache write-file-atomic@https://registry.npmjs.org/write-file-atomic/-/write-file-atomic-4.0.2.tgz 0ms (cache hit)
3684 http cache pirates@https://registry.npmjs.org/pirates/-/pirates-4.0.7.tgz 0ms (cache hit)
3685 http cache babel-plugin-istanbul@https://registry.npmjs.org/babel-plugin-istanbul/-/babel-plugin-istanbul-6.1.1.tgz 0ms (cache hit)
3686 http cache jest-haste-map@https://registry.npmjs.org/jest-haste-map/-/jest-haste-map-29.7.0.tgz 0ms (cache hit)
3687 http cache @types/babel__core@https://registry.npmjs.org/@types/babel__core/-/babel__core-7.20.5.tgz 0ms (cache hit)
3688 http cache @jest/transform@https://registry.npmjs.org/@jest/transform/-/transform-29.7.0.tgz 0ms (cache hit)
3689 http cache @isaacs/ttlcache@https://registry.npmjs.org/@isaacs/ttlcache/-/ttlcache-1.4.1.tgz 0ms (cache hit)
3690 http cache @react-native/debugger-frontend@https://registry.npmjs.org/@react-native/debugger-frontend/-/debugger-frontend-0.81.5.tgz 0ms (cache hit)
3691 http cache event-target-shim@https://registry.npmjs.org/event-target-shim/-/event-target-shim-5.0.1.tgz 0ms (cache hit)
3692 http cache babel-preset-jest@https://registry.npmjs.org/babel-preset-jest/-/babel-preset-jest-29.6.3.tgz 0ms (cache hit)
3693 http cache get-package-type@https://registry.npmjs.org/get-package-type/-/get-package-type-0.1.0.tgz 0ms (cache hit)
3694 http cache @react-native/dev-middleware@https://registry.npmjs.org/@react-native/dev-middleware/-/dev-middleware-0.81.5.tgz 0ms (cache hit)
3695 http cache open@https://registry.npmjs.org/open/-/open-7.4.2.tgz 0ms (cache hit)
3696 http cache chrome-launcher@https://registry.npmjs.org/chrome-launcher/-/chrome-launcher-0.15.2.tgz 0ms (cache hit)
3697 http cache serve-static@https://registry.npmjs.org/serve-static/-/serve-static-1.16.3.tgz 0ms (cache hit)
3698 http cache chromium-edge-launcher@https://registry.npmjs.org/chromium-edge-launcher/-/chromium-edge-launcher-0.2.0.tgz 0ms (cache hit)
3699 http cache whatwg-fetch@https://registry.npmjs.org/whatwg-fetch/-/whatwg-fetch-3.6.20.tgz 0ms (cache hit)
3700 http cache react-devtools-core@https://registry.npmjs.org/react-devtools-core/-/react-devtools-core-6.1.5.tgz 0ms (cache hit)
3701 http cache stacktrace-parser@https://registry.npmjs.org/stacktrace-parser/-/stacktrace-parser-0.1.11.tgz 0ms (cache hit)
3702 http cache scheduler@https://registry.npmjs.org/scheduler/-/scheduler-0.26.0.tgz 0ms (cache hit)
3703 http cache babel-plugin-syntax-hermes-parser@https://registry.npmjs.org/babel-plugin-syntax-hermes-parser/-/babel-plugin-syntax-hermes-parser-0.29.1.tgz 0ms (cache hit)
3704 http cache regenerator-runtime@https://registry.npmjs.org/regenerator-runtime/-/regenerator-runtime-0.13.11.tgz 0ms (cache hit)
3705 http cache promise@https://registry.npmjs.org/promise/-/promise-8.3.0.tgz 0ms (cache hit)
3706 http cache memoize-one@https://registry.npmjs.org/memoize-one/-/memoize-one-5.2.1.tgz 0ms (cache hit)
3707 http cache @react-native/normalize-colors@https://registry.npmjs.org/@react-native/normalize-colors/-/normalize-colors-0.81.5.tgz 0ms (cache hit)
3708 http cache @react-native/codegen@https://registry.npmjs.org/@react-native/codegen/-/codegen-0.81.5.tgz 0ms (cache hit)
3709 http cache jest-environment-node@https://registry.npmjs.org/jest-environment-node/-/jest-environment-node-29.7.0.tgz 0ms (cache hit)
3710 http cache @react-native/js-polyfills@https://registry.npmjs.org/@react-native/js-polyfills/-/js-polyfills-0.81.5.tgz 0ms (cache hit)
3711 http cache @react-native/gradle-plugin@https://registry.npmjs.org/@react-native/gradle-plugin/-/gradle-plugin-0.81.5.tgz 0ms (cache hit)
3712 http cache babel-jest@https://registry.npmjs.org/babel-jest/-/babel-jest-29.7.0.tgz 0ms (cache hit)
3713 http cache abort-controller@https://registry.npmjs.org/abort-controller/-/abort-controller-3.0.0.tgz 0ms (cache hit)
3714 http cache anser@https://registry.npmjs.org/anser/-/anser-1.4.10.tgz 0ms (cache hit)
3715 http cache ansi-regex@https://registry.npmjs.org/ansi-regex/-/ansi-regex-5.0.1.tgz 0ms (cache hit)
3716 http cache @react-native/community-cli-plugin@https://registry.npmjs.org/@react-native/community-cli-plugin/-/community-cli-plugin-0.81.5.tgz 0ms (cache hit)
3717 http cache @react-native/assets-registry@https://registry.npmjs.org/@react-native/assets-registry/-/assets-registry-0.81.5.tgz 0ms (cache hit)
3718 http cache @jest/create-cache-key-function@https://registry.npmjs.org/@jest/create-cache-key-function/-/create-cache-key-function-29.7.0.tgz 0ms (cache hit)
3719 http cache react-is@https://registry.npmjs.org/react-is/-/react-is-18.3.1.tgz 0ms (cache hit)
3720 http cache ee-first@https://registry.npmjs.org/ee-first/-/ee-first-1.1.1.tgz 0ms (cache hit)
3721 http cache inherits@https://registry.npmjs.org/inherits/-/inherits-2.0.4.tgz 0ms (cache hit)
3722 http cache yocto-queue@https://registry.npmjs.org/yocto-queue/-/yocto-queue-0.1.0.tgz 0ms (cache hit)
3723 http cache balanced-match@https://registry.npmjs.org/balanced-match/-/balanced-match-1.0.2.tgz 0ms (cache hit)
3724 http cache to-regex-range@https://registry.npmjs.org/to-regex-range/-/to-regex-range-5.0.1.tgz 0ms (cache hit)
3725 http cache mime-db@https://registry.npmjs.org/mime-db/-/mime-db-1.52.0.tgz 0ms (cache hit)
3726 http cache brace-expansion@https://registry.npmjs.org/brace-expansion/-/brace-expansion-2.1.0.tgz 0ms (cache hit)
3727 http cache vlq@https://registry.npmjs.org/vlq/-/vlq-1.0.1.tgz 0ms (cache hit)
3728 http cache @babel/traverse--for-generate-function-map@https://registry.npmjs.org/@babel/traverse/-/traverse-7.29.0.tgz 0ms (cache hit)
3729 http cache ob1@https://registry.npmjs.org/ob1/-/ob1-0.83.3.tgz 0ms (cache hit)
3730 http cache micromatch@https://registry.npmjs.org/micromatch/-/micromatch-4.0.8.tgz 0ms (cache hit)
3731 http cache braces@https://registry.npmjs.org/braces/-/braces-3.0.3.tgz 0ms (cache hit)
3732 http cache bser@https://registry.npmjs.org/bser/-/bser-2.1.1.tgz 0ms (cache hit)
3733 http cache terser@https://registry.npmjs.org/terser/-/terser-5.46.1.tgz 0ms (cache hit)
3734 http cache walker@https://registry.npmjs.org/walker/-/walker-1.0.8.tgz 0ms (cache hit)
3735 http cache jest-get-type@https://registry.npmjs.org/jest-get-type/-/jest-get-type-29.6.3.tgz 0ms (cache hit)
3736 http cache fill-range@https://registry.npmjs.org/fill-range/-/fill-range-7.1.1.tgz 0ms (cache hit)
3737 http cache leven@https://registry.npmjs.org/leven/-/leven-3.1.0.tgz 0ms (cache hit)
3738 http cache node-int64@https://registry.npmjs.org/node-int64/-/node-int64-0.4.0.tgz 0ms (cache hit)
3739 http cache yaml@https://registry.npmjs.org/yaml/-/yaml-2.8.3.tgz 0ms (cache hit)
3740 http cache @types/yargs-parser@https://registry.npmjs.org/@types/yargs-parser/-/yargs-parser-21.0.3.tgz 0ms (cache hit)
3741 http cache exponential-backoff@https://registry.npmjs.org/exponential-backoff/-/exponential-backoff-3.1.3.tgz 0ms (cache hit)
3742 http cache camelcase@https://registry.npmjs.org/camelcase/-/camelcase-6.3.0.tgz 0ms (cache hit)
3743 http cache fb-watchman@https://registry.npmjs.org/fb-watchman/-/fb-watchman-2.0.2.tgz 0ms (cache hit)
3744 http cache jest-validate@https://registry.npmjs.org/jest-validate/-/jest-validate-29.7.0.tgz 0ms (cache hit)
3745 http cache @types/istanbul-lib-report@https://registry.npmjs.org/@types/istanbul-lib-report/-/istanbul-lib-report-3.0.3.tgz 0ms (cache hit)
3746 http cache https-proxy-agent@https://registry.npmjs.org/https-proxy-agent/-/https-proxy-agent-7.0.6.tgz 0ms (cache hit)
3747 http cache @sinclair/typebox@https://registry.npmjs.org/@sinclair/typebox/-/typebox-0.27.10.tgz 0ms (cache hit)
3748 http cache @types/yargs@https://registry.npmjs.org/@types/yargs/-/yargs-17.0.35.tgz 0ms (cache hit)
3749 http cache agent-base@https://registry.npmjs.org/agent-base/-/agent-base-7.1.4.tgz 0ms (cache hit)
3750 http cache yallist@https://registry.npmjs.org/yallist/-/yallist-3.1.1.tgz 0ms (cache hit)
3751 http cache @types/istanbul-reports@https://registry.npmjs.org/@types/istanbul-reports/-/istanbul-reports-3.0.4.tgz 0ms (cache hit)
3752 http cache merge-stream@https://registry.npmjs.org/merge-stream/-/merge-stream-2.0.0.tgz 0ms (cache hit)
3753 http cache @types/istanbul-lib-coverage@https://registry.npmjs.org/@types/istanbul-lib-coverage/-/istanbul-lib-coverage-2.0.6.tgz 0ms (cache hit)
3754 http cache @jest/types@https://registry.npmjs.org/@jest/types/-/types-29.6.3.tgz 0ms (cache hit)
3755 http cache undici-types@https://registry.npmjs.org/undici-types/-/undici-types-7.19.2.tgz 0ms (cache hit)
3756 http cache @jest/schemas@https://registry.npmjs.org/@jest/schemas/-/schemas-29.6.3.tgz 0ms (cache hit)
3757 http cache jest-util@https://registry.npmjs.org/jest-util/-/jest-util-29.7.0.tgz 0ms (cache hit)
3758 http cache @types/node@https://registry.npmjs.org/@types/node/-/node-25.6.0.tgz 0ms (cache hit)
3759 http cache queue@https://registry.npmjs.org/queue/-/queue-6.0.2.tgz 0ms (cache hit)
3760 http cache hermes-estree@https://registry.npmjs.org/hermes-estree/-/hermes-estree-0.32.0.tgz 0ms (cache hit)
3761 http cache picomatch@https://registry.npmjs.org/picomatch/-/picomatch-2.3.2.tgz 0ms (cache hit)
3762 http cache statuses@https://registry.npmjs.org/statuses/-/statuses-1.5.0.tgz 0ms (cache hit)
3763 http cache unpipe@https://registry.npmjs.org/unpipe/-/unpipe-1.0.0.tgz 0ms (cache hit)
3764 http cache on-finished@https://registry.npmjs.org/on-finished/-/on-finished-2.3.0.tgz 0ms (cache hit)
3765 http cache encodeurl@https://registry.npmjs.org/encodeurl/-/encodeurl-1.0.2.tgz 0ms (cache hit)
3766 http cache escape-html@https://registry.npmjs.org/escape-html/-/escape-html-1.0.3.tgz 0ms (cache hit)
3767 http cache parseurl@https://registry.npmjs.org/parseurl/-/parseurl-1.3.3.tgz 0ms (cache hit)
3768 http cache node-releases@https://registry.npmjs.org/node-releases/-/node-releases-2.0.37.tgz 0ms (cache hit)
3769 http cache stackframe@https://registry.npmjs.org/stackframe/-/stackframe-1.3.4.tgz 0ms (cache hit)
3770 http cache electron-to-chromium@https://registry.npmjs.org/electron-to-chromium/-/electron-to-chromium-1.5.340.tgz 0ms (cache hit)
3771 http cache finalhandler@https://registry.npmjs.org/finalhandler/-/finalhandler-1.1.2.tgz 0ms (cache hit)
3772 http cache update-browserslist-db@https://registry.npmjs.org/update-browserslist-db/-/update-browserslist-db-1.2.3.tgz 0ms (cache hit)
3773 http cache @jridgewell/sourcemap-codec@https://registry.npmjs.org/@jridgewell/sourcemap-codec/-/sourcemap-codec-1.5.5.tgz 0ms (cache hit)
3774 http cache caniuse-lite@https://registry.npmjs.org/caniuse-lite/-/caniuse-lite-1.0.30001788.tgz 0ms (cache hit)
3775 http cache utils-merge@https://registry.npmjs.org/utils-merge/-/utils-merge-1.0.1.tgz 0ms (cache hit)
3776 http cache baseline-browser-mapping@https://registry.npmjs.org/baseline-browser-mapping/-/baseline-browser-mapping-2.10.20.tgz 0ms (cache hit)
3777 http cache negotiator@https://registry.npmjs.org/negotiator/-/negotiator-0.6.3.tgz 0ms (cache hit)
3778 http cache @jridgewell/resolve-uri@https://registry.npmjs.org/@jridgewell/resolve-uri/-/resolve-uri-3.1.2.tgz 0ms (cache hit)
3779 http cache browserslist@https://registry.npmjs.org/browserslist/-/browserslist-4.28.2.tgz 0ms (cache hit)
3780 http cache lru-cache@https://registry.npmjs.org/lru-cache/-/lru-cache-5.1.1.tgz 0ms (cache hit)
3781 http cache @babel/helper-globals@https://registry.npmjs.org/@babel/helper-globals/-/helper-globals-7.28.0.tgz 0ms (cache hit)
3782 http cache @jridgewell/trace-mapping@https://registry.npmjs.org/@jridgewell/trace-mapping/-/trace-mapping-0.3.31.tgz 0ms (cache hit)
3783 http cache @babel/helper-string-parser@https://registry.npmjs.org/@babel/helper-string-parser/-/helper-string-parser-7.27.1.tgz 0ms (cache hit)
3784 http cache jsesc@https://registry.npmjs.org/jsesc/-/jsesc-3.1.0.tgz 0ms (cache hit)
3785 http cache @babel/helper-module-imports@https://registry.npmjs.org/@babel/helper-module-imports/-/helper-module-imports-7.28.6.tgz 0ms (cache hit)
3786 http cache gensync@https://registry.npmjs.org/gensync/-/gensync-1.0.0-beta.2.tgz 0ms (cache hit)
3787 http cache @jridgewell/gen-mapping@https://registry.npmjs.org/@jridgewell/gen-mapping/-/gen-mapping-0.3.13.tgz 0ms (cache hit)
3788 http cache @babel/helper-validator-option@https://registry.npmjs.org/@babel/helper-validator-option/-/helper-validator-option-7.27.1.tgz 0ms (cache hit)
3789 http cache convert-source-map@https://registry.npmjs.org/convert-source-map/-/convert-source-map-2.0.0.tgz 0ms (cache hit)
3790 http cache @babel/compat-data@https://registry.npmjs.org/@babel/compat-data/-/compat-data-7.29.0.tgz 0ms (cache hit)
3791 http cache @jridgewell/remapping@https://registry.npmjs.org/@jridgewell/remapping/-/remapping-2.3.5.tgz 0ms (cache hit)
3792 http cache yargs@https://registry.npmjs.org/yargs/-/yargs-17.7.2.tgz 0ms (cache hit)
3793 http cache source-map@https://registry.npmjs.org/source-map/-/source-map-0.5.7.tgz 0ms (cache hit)
3794 http cache @babel/helper-module-transforms@https://registry.npmjs.org/@babel/helper-module-transforms/-/helper-module-transforms-7.28.6.tgz 0ms (cache hit)
3795 http cache @babel/helpers@https://registry.npmjs.org/@babel/helpers/-/helpers-7.29.2.tgz 0ms (cache hit)
3796 http cache jsc-safe-url@https://registry.npmjs.org/jsc-safe-url/-/jsc-safe-url-0.2.4.tgz 0ms (cache hit)
3797 http cache @babel/helper-compilation-targets@https://registry.npmjs.org/@babel/helper-compilation-targets/-/helper-compilation-targets-7.28.6.tgz 0ms (cache hit)
3798 http cache throat@https://registry.npmjs.org/throat/-/throat-5.0.0.tgz 0ms (cache hit)
3799 http cache nullthrows@https://registry.npmjs.org/nullthrows/-/nullthrows-1.1.1.tgz 0ms (cache hit)
3800 http cache serialize-error@https://registry.npmjs.org/serialize-error/-/serialize-error-2.1.0.tgz 0ms (cache hit)
3801 http cache mime-types@https://registry.npmjs.org/mime-types/-/mime-types-2.1.35.tgz 0ms (cache hit)
3802 http cache ws@https://registry.npmjs.org/ws/-/ws-7.5.10.tgz 0ms (cache hit)
3803 http cache image-size@https://registry.npmjs.org/image-size/-/image-size-1.2.1.tgz 0ms (cache hit)
3804 http cache lodash.throttle@https://registry.npmjs.org/lodash.throttle/-/lodash.throttle-4.1.1.tgz 0ms (cache hit)
3805 http cache jest-worker@https://registry.npmjs.org/jest-worker/-/jest-worker-29.7.0.tgz 0ms (cache hit)
3806 http cache flow-enums-runtime@https://registry.npmjs.org/flow-enums-runtime/-/flow-enums-runtime-0.0.6.tgz 0ms (cache hit)
3807 http cache connect@https://registry.npmjs.org/connect/-/connect-3.7.0.tgz 0ms (cache hit)
3808 http cache graceful-fs@https://registry.npmjs.org/graceful-fs/-/graceful-fs-4.2.11.tgz 0ms (cache hit)
3809 http cache @babel/template@https://registry.npmjs.org/@babel/template/-/template-7.28.6.tgz 0ms (cache hit)
3810 http cache hermes-parser@https://registry.npmjs.org/hermes-parser/-/hermes-parser-0.32.0.tgz 0ms (cache hit)
3811 http cache @babel/types@https://registry.npmjs.org/@babel/types/-/types-7.29.0.tgz 0ms (cache hit)
3812 http cache error-stack-parser@https://registry.npmjs.org/error-stack-parser/-/error-stack-parser-2.1.4.tgz 0ms (cache hit)
3813 http cache accepts@https://registry.npmjs.org/accepts/-/accepts-1.3.8.tgz 0ms (cache hit)
3814 http cache @babel/parser@https://registry.npmjs.org/@babel/parser/-/parser-7.29.2.tgz 0ms (cache hit)
3815 http cache @babel/generator@https://registry.npmjs.org/@babel/generator/-/generator-7.29.1.tgz 0ms (cache hit)
3816 http cache ci-info@https://registry.npmjs.org/ci-info/-/ci-info-2.0.0.tgz 0ms (cache hit)
3817 http cache loose-envify@https://registry.npmjs.org/loose-envify/-/loose-envify-1.4.0.tgz 0ms (cache hit)
3818 http cache @babel/traverse@https://registry.npmjs.org/@babel/traverse/-/traverse-7.29.0.tgz 0ms (cache hit)
3819 http cache minipass@https://registry.npmjs.org/minipass/-/minipass-7.1.3.tgz 0ms (cache hit)
3820 http cache invariant@https://registry.npmjs.org/invariant/-/invariant-2.2.4.tgz 0ms (cache hit)
3821 http cache @babel/core@https://registry.npmjs.org/@babel/core/-/core-7.29.0.tgz 0ms (cache hit)
3822 http cache commander@https://registry.npmjs.org/commander/-/commander-7.2.0.tgz 0ms (cache hit)
3823 http cache react-native-is-edge-to-edge@https://registry.npmjs.org/react-native-is-edge-to-edge/-/react-native-is-edge-to-edge-1.3.1.tgz 0ms (cache hit)
3824 http cache color-name@https://registry.npmjs.org/color-name/-/color-name-1.1.3.tgz 0ms (cache hit)
3825 http cache path-scurry@https://registry.npmjs.org/path-scurry/-/path-scurry-2.0.2.tgz 0ms (cache hit)
3826 http cache path-key@https://registry.npmjs.org/path-key/-/path-key-3.1.1.tgz 0ms (cache hit)
3827 http cache shebang-command@https://registry.npmjs.org/shebang-command/-/shebang-command-2.0.0.tgz 0ms (cache hit)
3828 http cache which@https://registry.npmjs.org/which/-/which-2.0.2.tgz 0ms (cache hit)
3829 http cache color-convert@https://registry.npmjs.org/color-convert/-/color-convert-1.9.3.tgz 0ms (cache hit)
3830 http cache cross-spawn@https://registry.npmjs.org/cross-spawn/-/cross-spawn-7.0.6.tgz 0ms (cache hit)
3831 http cache ms@https://registry.npmjs.org/ms/-/ms-2.1.3.tgz 0ms (cache hit)
3832 http cache ansi-styles@https://registry.npmjs.org/ansi-styles/-/ansi-styles-3.2.1.tgz 0ms (cache hit)
3833 http cache base64-js@https://registry.npmjs.org/base64-js/-/base64-js-1.5.1.tgz 0ms (cache hit)
3834 http cache metro-transform-worker@https://registry.npmjs.org/metro-transform-worker/-/metro-transform-worker-0.83.3.tgz 0ms (cache hit)
3835 http cache escape-string-regexp@https://registry.npmjs.org/escape-string-regexp/-/escape-string-regexp-1.0.5.tgz 0ms (cache hit)
3836 http cache @xmldom/xmldom@https://registry.npmjs.org/@xmldom/xmldom/-/xmldom-0.8.13.tgz 0ms (cache hit)
3837 http cache xmlbuilder@https://registry.npmjs.org/xmlbuilder/-/xmlbuilder-15.1.1.tgz 0ms (cache hit)
3838 http cache metro-transform-plugins@https://registry.npmjs.org/metro-transform-plugins/-/metro-transform-plugins-0.83.3.tgz 0ms (cache hit)
3839 http cache metro-symbolicate@https://registry.npmjs.org/metro-symbolicate/-/metro-symbolicate-0.83.3.tgz 0ms (cache hit)
3840 http cache metro-resolver@https://registry.npmjs.org/metro-resolver/-/metro-resolver-0.83.3.tgz 0ms (cache hit)
3841 http cache metro-source-map@https://registry.npmjs.org/metro-source-map/-/metro-source-map-0.83.3.tgz 0ms (cache hit)
3842 http cache metro-runtime@https://registry.npmjs.org/metro-runtime/-/metro-runtime-0.83.3.tgz 0ms (cache hit)
3843 http cache metro-cache-key@https://registry.npmjs.org/metro-cache-key/-/metro-cache-key-0.83.3.tgz 0ms (cache hit)
3844 http cache metro-core@https://registry.npmjs.org/metro-core/-/metro-core-0.83.3.tgz 0ms (cache hit)
3845 http cache metro-minify-terser@https://registry.npmjs.org/metro-minify-terser/-/metro-minify-terser-0.83.3.tgz 0ms (cache hit)
3846 http cache metro-file-map@https://registry.npmjs.org/metro-file-map/-/metro-file-map-0.83.3.tgz 0ms (cache hit)
3847 http cache metro-config@https://registry.npmjs.org/metro-config/-/metro-config-0.83.3.tgz 0ms (cache hit)
3848 http cache p-limit@https://registry.npmjs.org/p-limit/-/p-limit-3.1.0.tgz 0ms (cache hit)
3849 http cache metro-babel-transformer@https://registry.npmjs.org/metro-babel-transformer/-/metro-babel-transformer-0.83.3.tgz 0ms (cache hit)
3850 http cache metro-cache@https://registry.npmjs.org/metro-cache/-/metro-cache-0.83.3.tgz 0ms (cache hit)
3851 http cache metro@https://registry.npmjs.org/metro/-/metro-0.83.3.tgz 0ms (cache hit)
3852 http cache json5@https://registry.npmjs.org/json5/-/json5-2.2.3.tgz 0ms (cache hit)
3853 http cache xml2js@https://registry.npmjs.org/xml2js/-/xml2js-0.6.0.tgz 0ms (cache hit)
3854 http cache minimatch@https://registry.npmjs.org/minimatch/-/minimatch-9.0.9.tgz 0ms (cache hit)
3855 http cache ignore@https://registry.npmjs.org/ignore/-/ignore-5.3.2.tgz 0ms (cache hit)
3856 http cache @expo/plist@https://registry.npmjs.org/@expo/plist/-/plist-0.4.8.tgz 0ms (cache hit)
3857 http cache arg@https://registry.npmjs.org/arg/-/arg-5.0.2.tgz 0ms (cache hit)
3858 http cache supports-color@https://registry.npmjs.org/supports-color/-/supports-color-5.5.0.tgz 0ms (cache hit)
3859 http cache @expo/spawn-async@https://registry.npmjs.org/@expo/spawn-async/-/spawn-async-1.7.2.tgz 0ms (cache hit)
3860 http cache @expo/sdk-runtime-versions@https://registry.npmjs.org/@expo/sdk-runtime-versions/-/sdk-runtime-versions-1.0.0.tgz 0ms (cache hit)
3861 http cache slash@https://registry.npmjs.org/slash/-/slash-3.0.0.tgz 0ms (cache hit)
3862 http cache js-tokens@https://registry.npmjs.org/js-tokens/-/js-tokens-4.0.0.tgz 0ms (cache hit)
3863 http cache xcode@https://registry.npmjs.org/xcode/-/xcode-3.0.1.tgz 0ms (cache hit)
3864 http cache debug@https://registry.npmjs.org/debug/-/debug-4.4.3.tgz 0ms (cache hit)
3865 http cache @babel/helper-validator-identifier@https://registry.npmjs.org/@babel/helper-validator-identifier/-/helper-validator-identifier-7.28.5.tgz 0ms (cache hit)
3866 http cache chalk@https://registry.npmjs.org/chalk/-/chalk-2.4.2.tgz 0ms (cache hit)
3867 http cache picocolors@https://registry.npmjs.org/picocolors/-/picocolors-1.1.1.tgz 0ms (cache hit)
3868 http cache semver@https://registry.npmjs.org/semver/-/semver-7.7.4.tgz 0ms (cache hit)
3869 http cache @babel/highlight@https://registry.npmjs.org/@babel/highlight/-/highlight-7.25.9.tgz 0ms (cache hit)
3870 http cache sucrase@https://registry.npmjs.org/sucrase/-/sucrase-3.35.1.tgz 0ms (cache hit)
3871 http cache resolve-from@https://registry.npmjs.org/resolve-from/-/resolve-from-5.0.0.tgz 0ms (cache hit)
3872 http cache getenv@https://registry.npmjs.org/getenv/-/getenv-2.0.0.tgz 0ms (cache hit)
3873 http cache slugify@https://registry.npmjs.org/slugify/-/slugify-1.6.9.tgz 0ms (cache hit)
3874 http cache @expo/json-file@https://registry.npmjs.org/@expo/json-file/-/json-file-10.0.13.tgz 0ms (cache hit)
3875 http cache require-from-string@https://registry.npmjs.org/require-from-string/-/require-from-string-2.0.2.tgz 0ms (cache hit)
3876 http cache resolve-workspace-root@https://registry.npmjs.org/resolve-workspace-root/-/resolve-workspace-root-2.0.1.tgz 0ms (cache hit)
3877 http cache deepmerge@https://registry.npmjs.org/deepmerge/-/deepmerge-4.3.1.tgz 0ms (cache hit)
3878 http cache glob@https://registry.npmjs.org/glob/-/glob-13.0.6.tgz 0ms (cache hit)
3879 http cache @babel/code-frame@https://registry.npmjs.org/@babel/code-frame/-/code-frame-7.10.4.tgz 0ms (cache hit)
3880 http cache @expo/config-types@https://registry.npmjs.org/@expo/config-types/-/config-types-54.0.10.tgz 0ms (cache hit)
3881 http cache pretty-format@https://registry.npmjs.org/pretty-format/-/pretty-format-29.7.0.tgz 0ms (cache hit)
3882 http cache expo-modules-autolinking@https://registry.npmjs.org/expo-modules-autolinking/-/expo-modules-autolinking-3.0.24.tgz 0ms (cache hit)
3883 http cache expo-modules-core@https://registry.npmjs.org/expo-modules-core/-/expo-modules-core-3.0.29.tgz 0ms (cache hit)
3884 http cache whatwg-url-without-unicode@https://registry.npmjs.org/whatwg-url-without-unicode/-/whatwg-url-without-unicode-8.0.0-3.tgz 0ms (cache hit)
3885 http cache @ungap/structured-clone@https://registry.npmjs.org/@ungap/structured-clone/-/structured-clone-1.3.0.tgz 0ms (cache hit)
3886 http cache react-refresh@https://registry.npmjs.org/react-refresh/-/react-refresh-0.14.2.tgz 0ms (cache hit)
3887 http cache @babel/runtime@https://registry.npmjs.org/@babel/runtime/-/runtime-7.29.2.tgz 0ms (cache hit)
3888 http cache @expo/config@https://registry.npmjs.org/@expo/config/-/config-12.0.13.tgz 0ms (cache hit)
3889 http cache @expo/metro@https://registry.npmjs.org/@expo/metro/-/metro-54.2.0.tgz 0ms (cache hit)
3890 http cache @expo/fingerprint@https://registry.npmjs.org/@expo/fingerprint/-/fingerprint-0.15.4.tgz 0ms (cache hit)
3891 http cache @expo/devtools@https://registry.npmjs.org/@expo/devtools/-/devtools-0.1.8.tgz 0ms (cache hit)
3892 http cache react@https://registry.npmjs.org/react/-/react-19.1.0.tgz 0ms (cache hit)
3893 http cache @expo/config-plugins@https://registry.npmjs.org/@expo/config-plugins/-/config-plugins-54.0.4.tgz 0ms (cache hit)
3894 http cache semver@https://registry.npmjs.org/semver/-/semver-6.3.1.tgz 0ms (cache hit)
3895 http cache react-native@https://registry.npmjs.org/react-native/-/react-native-0.81.5.tgz 0ms (cache hit)
3896 http cache expo-status-bar@https://registry.npmjs.org/expo-status-bar/-/expo-status-bar-3.0.9.tgz 0ms (cache hit)
3897 http cache semver@https://registry.npmjs.org/semver/-/semver-6.3.1.tgz 0ms (cache hit)
3898 http cache expo@https://registry.npmjs.org/expo/-/expo-54.0.33.tgz 0ms (cache hit)
3899 http cache semver@https://registry.npmjs.org/semver/-/semver-6.3.1.tgz 0ms (cache hit)
3900 http cache supports-color@https://registry.npmjs.org/supports-color/-/supports-color-7.2.0.tgz 0ms (cache hit)
3901 http cache semver@https://registry.npmjs.org/semver/-/semver-6.3.1.tgz 0ms (cache hit)
3902 http cache yallist@https://registry.npmjs.org/yallist/-/yallist-5.0.0.tgz 0ms (cache hit)
3903 http cache lru-cache@https://registry.npmjs.org/lru-cache/-/lru-cache-10.4.3.tgz 0ms (cache hit)
3904 http cache @babel/code-frame@https://registry.npmjs.org/@babel/code-frame/-/code-frame-7.29.0.tgz 0ms (cache hit)
3905 http cache has-flag@https://registry.npmjs.org/has-flag/-/has-flag-4.0.0.tgz 0ms (cache hit)
3906 http cache type-fest@https://registry.npmjs.org/type-fest/-/type-fest-0.21.3.tgz 0ms (cache hit)
3907 http cache resolve@https://registry.npmjs.org/resolve/-/resolve-1.7.1.tgz 0ms (cache hit)
3908 http cache open@https://registry.npmjs.org/open/-/open-8.4.2.tgz 0ms (cache hit)
3909 http cache ansi-regex@https://registry.npmjs.org/ansi-regex/-/ansi-regex-4.1.1.tgz 0ms (cache hit)
3910 http cache ms@https://registry.npmjs.org/ms/-/ms-2.0.0.tgz 0ms (cache hit)
3911 http cache strip-ansi@https://registry.npmjs.org/strip-ansi/-/strip-ansi-5.2.0.tgz 0ms (cache hit)
3912 http cache negotiator@https://registry.npmjs.org/negotiator/-/negotiator-0.6.4.tgz 0ms (cache hit)
3913 http cache color-convert@https://registry.npmjs.org/color-convert/-/color-convert-2.0.1.tgz 0ms (cache hit)
3914 http cache debug@https://registry.npmjs.org/debug/-/debug-2.6.9.tgz 0ms (cache hit)
3915 http cache has-flag@https://registry.npmjs.org/has-flag/-/has-flag-4.0.0.tgz 0ms (cache hit)
3916 http cache color-name@https://registry.npmjs.org/color-name/-/color-name-1.1.4.tgz 0ms (cache hit)
3917 http cache argparse@https://registry.npmjs.org/argparse/-/argparse-2.0.1.tgz 0ms (cache hit)
3918 http cache ansi-styles@https://registry.npmjs.org/ansi-styles/-/ansi-styles-4.3.0.tgz 0ms (cache hit)
3919 http cache chalk@https://registry.npmjs.org/chalk/-/chalk-4.1.2.tgz 0ms (cache hit)
3920 http cache supports-color@https://registry.npmjs.org/supports-color/-/supports-color-7.2.0.tgz 0ms (cache hit)
3921 http cache @babel/code-frame@https://registry.npmjs.org/@babel/code-frame/-/code-frame-7.29.0.tgz 0ms (cache hit)
3922 http cache color-name@https://registry.npmjs.org/color-name/-/color-name-1.1.4.tgz 0ms (cache hit)
3923 http cache has-flag@https://registry.npmjs.org/has-flag/-/has-flag-4.0.0.tgz 0ms (cache hit)
3924 http cache color-convert@https://registry.npmjs.org/color-convert/-/color-convert-2.0.1.tgz 0ms (cache hit)
3925 http cache supports-color@https://registry.npmjs.org/supports-color/-/supports-color-7.2.0.tgz 0ms (cache hit)
3926 http cache js-yaml@https://registry.npmjs.org/js-yaml/-/js-yaml-4.1.1.tgz 0ms (cache hit)
3927 http cache color-convert@https://registry.npmjs.org/color-convert/-/color-convert-2.0.1.tgz 0ms (cache hit)
3928 http cache color-name@https://registry.npmjs.org/color-name/-/color-name-1.1.4.tgz 0ms (cache hit)
3929 http cache supports-color@https://registry.npmjs.org/supports-color/-/supports-color-7.2.0.tgz 0ms (cache hit)
3930 http cache ansi-styles@https://registry.npmjs.org/ansi-styles/-/ansi-styles-4.3.0.tgz 0ms (cache hit)
3931 http cache has-flag@https://registry.npmjs.org/has-flag/-/has-flag-4.0.0.tgz 0ms (cache hit)
3932 http cache has-flag@https://registry.npmjs.org/has-flag/-/has-flag-4.0.0.tgz 0ms (cache hit)
3933 http cache color-name@https://registry.npmjs.org/color-name/-/color-name-1.1.4.tgz 0ms (cache hit)
3934 http cache supports-color@https://registry.npmjs.org/supports-color/-/supports-color-7.2.0.tgz 0ms (cache hit)
3935 http cache color-convert@https://registry.npmjs.org/color-convert/-/color-convert-2.0.1.tgz 0ms (cache hit)
3936 http cache debug@https://registry.npmjs.org/debug/-/debug-3.2.7.tgz 0ms (cache hit)
3937 http cache chalk@https://registry.npmjs.org/chalk/-/chalk-4.1.2.tgz 0ms (cache hit)
3938 http cache chalk@https://registry.npmjs.org/chalk/-/chalk-4.1.2.tgz 0ms (cache hit)
3939 http cache ansi-styles@https://registry.npmjs.org/ansi-styles/-/ansi-styles-4.3.0.tgz 0ms (cache hit)
3940 http cache chalk@https://registry.npmjs.org/chalk/-/chalk-4.1.2.tgz 0ms (cache hit)
3941 http cache ansi-styles@https://registry.npmjs.org/ansi-styles/-/ansi-styles-4.3.0.tgz 0ms (cache hit)
3942 http cache statuses@https://registry.npmjs.org/statuses/-/statuses-2.0.2.tgz 0ms (cache hit)
3943 http cache color-convert@https://registry.npmjs.org/color-convert/-/color-convert-2.0.1.tgz 0ms (cache hit)
3944 http cache statuses@https://registry.npmjs.org/statuses/-/statuses-2.0.2.tgz 0ms (cache hit)
3945 http cache source-map@https://registry.npmjs.org/source-map/-/source-map-0.6.1.tgz 0ms (cache hit)
3946 http cache fdir@https://registry.npmjs.org/fdir/-/fdir-6.5.0.tgz 0ms (cache hit)
3947 http cache picomatch@https://registry.npmjs.org/picomatch/-/picomatch-4.0.4.tgz 0ms (cache hit)
3948 http cache color-name@https://registry.npmjs.org/color-name/-/color-name-1.1.4.tgz 0ms (cache hit)
3949 http cache escape-string-regexp@https://registry.npmjs.org/escape-string-regexp/-/escape-string-regexp-2.0.0.tgz 0ms (cache hit)
3950 http cache on-finished@https://registry.npmjs.org/on-finished/-/on-finished-2.4.1.tgz 0ms (cache hit)
3951 http cache ms@https://registry.npmjs.org/ms/-/ms-2.0.0.tgz 0ms (cache hit)
3952 http cache p-limit@https://registry.npmjs.org/p-limit/-/p-limit-2.3.0.tgz 0ms (cache hit)
3953 http cache debug@https://registry.npmjs.org/debug/-/debug-2.6.9.tgz 0ms (cache hit)
3954 http cache encodeurl@https://registry.npmjs.org/encodeurl/-/encodeurl-2.0.0.tgz 0ms (cache hit)
3955 http cache has-flag@https://registry.npmjs.org/has-flag/-/has-flag-4.0.0.tgz 0ms (cache hit)
3956 http cache color-convert@https://registry.npmjs.org/color-convert/-/color-convert-2.0.1.tgz 0ms (cache hit)
3957 http cache ansi-styles@https://registry.npmjs.org/ansi-styles/-/ansi-styles-4.3.0.tgz 0ms (cache hit)
3958 http cache supports-color@https://registry.npmjs.org/supports-color/-/supports-color-7.2.0.tgz 0ms (cache hit)
3959 http cache color-name@https://registry.npmjs.org/color-name/-/color-name-1.1.4.tgz 0ms (cache hit)
3960 http cache @babel/code-frame@https://registry.npmjs.org/@babel/code-frame/-/code-frame-7.29.0.tgz 0ms (cache hit)
3961 http cache chalk@https://registry.npmjs.org/chalk/-/chalk-4.1.2.tgz 0ms (cache hit)
3962 http cache brace-expansion@https://registry.npmjs.org/brace-expansion/-/brace-expansion-1.1.14.tgz 0ms (cache hit)
3963 http cache minimatch@https://registry.npmjs.org/minimatch/-/minimatch-3.1.5.tgz 0ms (cache hit)
3964 http cache glob@https://registry.npmjs.org/glob/-/glob-7.2.3.tgz 0ms (cache hit)
3965 http cache ansi-styles@https://registry.npmjs.org/ansi-styles/-/ansi-styles-4.3.0.tgz 0ms (cache hit)
3966 http cache debug@https://registry.npmjs.org/debug/-/debug-2.6.9.tgz 0ms (cache hit)
3967 http cache ms@https://registry.npmjs.org/ms/-/ms-2.0.0.tgz 0ms (cache hit)
3968 http cache brace-expansion@https://registry.npmjs.org/brace-expansion/-/brace-expansion-1.1.14.tgz 0ms (cache hit)
3969 http cache glob@https://registry.npmjs.org/glob/-/glob-7.2.3.tgz 0ms (cache hit)
3970 http cache minimatch@https://registry.npmjs.org/minimatch/-/minimatch-3.1.5.tgz 0ms (cache hit)
3971 http cache camelcase@https://registry.npmjs.org/camelcase/-/camelcase-5.3.1.tgz 0ms (cache hit)
3972 http cache encodeurl@https://registry.npmjs.org/encodeurl/-/encodeurl-2.0.0.tgz 0ms (cache hit)
3973 http cache semver@https://registry.npmjs.org/semver/-/semver-6.3.1.tgz 0ms (cache hit)
3974 http cache color-convert@https://registry.npmjs.org/color-convert/-/color-convert-2.0.1.tgz 0ms (cache hit)
3975 http cache escape-string-regexp@https://registry.npmjs.org/escape-string-regexp/-/escape-string-regexp-4.0.0.tgz 0ms (cache hit)
3976 http cache escape-string-regexp@https://registry.npmjs.org/escape-string-regexp/-/escape-string-regexp-4.0.0.tgz 0ms (cache hit)
3977 http cache color-name@https://registry.npmjs.org/color-name/-/color-name-1.1.4.tgz 0ms (cache hit)
3978 http cache ansi-styles@https://registry.npmjs.org/ansi-styles/-/ansi-styles-4.3.0.tgz 0ms (cache hit)
3979 http cache has-flag@https://registry.npmjs.org/has-flag/-/has-flag-4.0.0.tgz 0ms (cache hit)
3980 http cache has-flag@https://registry.npmjs.org/has-flag/-/has-flag-4.0.0.tgz 0ms (cache hit)
3981 http cache ws@https://registry.npmjs.org/ws/-/ws-6.2.3.tgz 0ms (cache hit)
3982 http cache hermes-parser@https://registry.npmjs.org/hermes-parser/-/hermes-parser-0.29.1.tgz 0ms (cache hit)
3983 http cache color-name@https://registry.npmjs.org/color-name/-/color-name-1.1.4.tgz 0ms (cache hit)
3984 http cache hermes-estree@https://registry.npmjs.org/hermes-estree/-/hermes-estree-0.29.1.tgz 0ms (cache hit)
3985 http cache chalk@https://registry.npmjs.org/chalk/-/chalk-4.1.2.tgz 0ms (cache hit)
3986 http cache color-convert@https://registry.npmjs.org/color-convert/-/color-convert-2.0.1.tgz 0ms (cache hit)
3987 http cache supports-color@https://registry.npmjs.org/supports-color/-/supports-color-7.2.0.tgz 0ms (cache hit)
3988 http cache supports-color@https://registry.npmjs.org/supports-color/-/supports-color-7.2.0.tgz 0ms (cache hit)
3989 http cache minimatch@https://registry.npmjs.org/minimatch/-/minimatch-3.1.5.tgz 0ms (cache hit)
3990 http cache ansi-styles@https://registry.npmjs.org/ansi-styles/-/ansi-styles-4.3.0.tgz 0ms (cache hit)
3991 http cache chalk@https://registry.npmjs.org/chalk/-/chalk-4.1.2.tgz 0ms (cache hit)
3992 http cache hermes-estree@https://registry.npmjs.org/hermes-estree/-/hermes-estree-0.29.1.tgz 0ms (cache hit)
3993 http cache brace-expansion@https://registry.npmjs.org/brace-expansion/-/brace-expansion-1.1.14.tgz 0ms (cache hit)
3994 http cache @babel/code-frame@https://registry.npmjs.org/@babel/code-frame/-/code-frame-7.29.0.tgz 0ms (cache hit)
3995 http cache glob@https://registry.npmjs.org/glob/-/glob-7.2.3.tgz 0ms (cache hit)
3996 http cache hermes-parser@https://registry.npmjs.org/hermes-parser/-/hermes-parser-0.29.1.tgz 0ms (cache hit)
3997 http cache commander@https://registry.npmjs.org/commander/-/commander-2.20.3.tgz 0ms (cache hit)
3998 http cache color-name@https://registry.npmjs.org/color-name/-/color-name-1.1.4.tgz 0ms (cache hit)
3999 http cache supports-color@https://registry.npmjs.org/supports-color/-/supports-color-7.2.0.tgz 0ms (cache hit)
4000 http cache ansi-styles@https://registry.npmjs.org/ansi-styles/-/ansi-styles-4.3.0.tgz 0ms (cache hit)
4001 http cache has-flag@https://registry.npmjs.org/has-flag/-/has-flag-4.0.0.tgz 0ms (cache hit)
4002 http cache has-flag@https://registry.npmjs.org/has-flag/-/has-flag-4.0.0.tgz 0ms (cache hit)
4003 http cache chalk@https://registry.npmjs.org/chalk/-/chalk-4.1.2.tgz 0ms (cache hit)
4004 http cache has-flag@https://registry.npmjs.org/has-flag/-/has-flag-4.0.0.tgz 0ms (cache hit)
4005 http cache ansi-styles@https://registry.npmjs.org/ansi-styles/-/ansi-styles-4.3.0.tgz 0ms (cache hit)
4006 http cache color-convert@https://registry.npmjs.org/color-convert/-/color-convert-2.0.1.tgz 0ms (cache hit)
4007 http cache color-name@https://registry.npmjs.org/color-name/-/color-name-1.1.4.tgz 0ms (cache hit)
4008 http cache color-name@https://registry.npmjs.org/color-name/-/color-name-1.1.4.tgz 0ms (cache hit)
4009 http cache color-convert@https://registry.npmjs.org/color-convert/-/color-convert-2.0.1.tgz 0ms (cache hit)
4010 http cache chalk@https://registry.npmjs.org/chalk/-/chalk-4.1.2.tgz 0ms (cache hit)
4011 http cache supports-color@https://registry.npmjs.org/supports-color/-/supports-color-7.2.0.tgz 0ms (cache hit)
4012 http cache ms@https://registry.npmjs.org/ms/-/ms-2.0.0.tgz 0ms (cache hit)
4013 http cache color-convert@https://registry.npmjs.org/color-convert/-/color-convert-2.0.1.tgz 0ms (cache hit)
4014 http cache semver@https://registry.npmjs.org/semver/-/semver-6.3.1.tgz 0ms (cache hit)
4015 http cache debug@https://registry.npmjs.org/debug/-/debug-2.6.9.tgz 0ms (cache hit)
4016 http cache supports-color@https://registry.npmjs.org/supports-color/-/supports-color-8.1.1.tgz 0ms (cache hit)
4017 http cache supports-color@https://registry.npmjs.org/supports-color/-/supports-color-7.2.0.tgz 0ms (cache hit)
4018 http cache has-flag@https://registry.npmjs.org/has-flag/-/has-flag-4.0.0.tgz 0ms (cache hit)
4019 http cache ms@https://registry.npmjs.org/ms/-/ms-2.0.0.tgz 0ms (cache hit)
4020 http cache debug@https://registry.npmjs.org/debug/-/debug-2.6.9.tgz 0ms (cache hit)
4021 http cache @babel/code-frame@https://registry.npmjs.org/@babel/code-frame/-/code-frame-7.29.0.tgz 0ms (cache hit)
4022 http cache @babel/code-frame@https://registry.npmjs.org/@babel/code-frame/-/code-frame-7.29.0.tgz 0ms (cache hit)
4023 http cache ci-info@https://registry.npmjs.org/ci-info/-/ci-info-3.9.0.tgz 0ms (cache hit)
4024 http cache lru-cache@https://registry.npmjs.org/lru-cache/-/lru-cache-11.3.5.tgz 0ms (cache hit)
4025 http cache ansi-styles@https://registry.npmjs.org/ansi-styles/-/ansi-styles-4.3.0.tgz 0ms (cache hit)
4026 http cache semver@https://registry.npmjs.org/semver/-/semver-6.3.1.tgz 0ms (cache hit)
4027 http cache @babel/code-frame@https://registry.npmjs.org/@babel/code-frame/-/code-frame-7.29.0.tgz 0ms (cache hit)
4028 http cache has-flag@https://registry.npmjs.org/has-flag/-/has-flag-4.0.0.tgz 0ms (cache hit)
4029 http cache color-convert@https://registry.npmjs.org/color-convert/-/color-convert-2.0.1.tgz 0ms (cache hit)
4030 http cache supports-color@https://registry.npmjs.org/supports-color/-/supports-color-7.2.0.tgz 0ms (cache hit)
4031 http cache ansi-styles@https://registry.npmjs.org/ansi-styles/-/ansi-styles-4.3.0.tgz 0ms (cache hit)
4032 http cache chalk@https://registry.npmjs.org/chalk/-/chalk-4.1.2.tgz 0ms (cache hit)
4033 http cache @babel/code-frame@https://registry.npmjs.org/@babel/code-frame/-/code-frame-7.29.0.tgz 0ms (cache hit)
4034 http cache chalk@https://registry.npmjs.org/chalk/-/chalk-4.1.2.tgz 0ms (cache hit)
4035 http cache commander@https://registry.npmjs.org/commander/-/commander-4.1.1.tgz 0ms (cache hit)
4036 http cache xmlbuilder@https://registry.npmjs.org/xmlbuilder/-/xmlbuilder-11.0.1.tgz 0ms (cache hit)
4037 http cache minimatch@https://registry.npmjs.org/minimatch/-/minimatch-10.2.5.tgz 0ms (cache hit)
4038 http cache brace-expansion@https://registry.npmjs.org/brace-expansion/-/brace-expansion-5.0.5.tgz 0ms (cache hit)
4039 http cache @babel/code-frame@https://registry.npmjs.org/@babel/code-frame/-/code-frame-7.29.0.tgz 0ms (cache hit)
4040 http cache color-name@https://registry.npmjs.org/color-name/-/color-name-1.1.4.tgz 0ms (cache hit)
4041 http cache ansi-styles@https://registry.npmjs.org/ansi-styles/-/ansi-styles-5.2.0.tgz 0ms (cache hit)
4042 http cache has-flag@https://registry.npmjs.org/has-flag/-/has-flag-4.0.0.tgz 0ms (cache hit)
4043 http cache balanced-match@https://registry.npmjs.org/balanced-match/-/balanced-match-4.0.4.tgz 0ms (cache hit)
4044 http cache color-convert@https://registry.npmjs.org/color-convert/-/color-convert-2.0.1.tgz 0ms (cache hit)
4045 http cache supports-color@https://registry.npmjs.org/supports-color/-/supports-color-7.2.0.tgz 0ms (cache hit)
4046 http cache color-name@https://registry.npmjs.org/color-name/-/color-name-1.1.4.tgz 0ms (cache hit)
4047 http cache supports-color@https://registry.npmjs.org/supports-color/-/supports-color-7.2.0.tgz 0ms (cache hit)
4048 http cache ansi-styles@https://registry.npmjs.org/ansi-styles/-/ansi-styles-4.3.0.tgz 0ms (cache hit)
4049 http cache color-convert@https://registry.npmjs.org/color-convert/-/color-convert-2.0.1.tgz 0ms (cache hit)
4050 http cache color-name@https://registry.npmjs.org/color-name/-/color-name-1.1.4.tgz 0ms (cache hit)
4051 http cache chalk@https://registry.npmjs.org/chalk/-/chalk-4.1.2.tgz 0ms (cache hit)
4052 http cache color-name@https://registry.npmjs.org/color-name/-/color-name-1.1.4.tgz 0ms (cache hit)
4053 http cache has-flag@https://registry.npmjs.org/has-flag/-/has-flag-4.0.0.tgz 0ms (cache hit)
4054 http cache color-convert@https://registry.npmjs.org/color-convert/-/color-convert-2.0.1.tgz 0ms (cache hit)
4055 http cache has-flag@https://registry.npmjs.org/has-flag/-/has-flag-4.0.0.tgz 0ms (cache hit)
4056 http cache color-name@https://registry.npmjs.org/color-name/-/color-name-1.1.4.tgz 0ms (cache hit)
4057 http cache ansi-styles@https://registry.npmjs.org/ansi-styles/-/ansi-styles-4.3.0.tgz 0ms (cache hit)
4058 http cache supports-color@https://registry.npmjs.org/supports-color/-/supports-color-7.2.0.tgz 0ms (cache hit)
4059 http cache has-flag@https://registry.npmjs.org/has-flag/-/has-flag-4.0.0.tgz 0ms (cache hit)
4060 http cache minimatch@https://registry.npmjs.org/minimatch/-/minimatch-3.1.5.tgz 0ms (cache hit)
4061 http cache chalk@https://registry.npmjs.org/chalk/-/chalk-4.1.2.tgz 0ms (cache hit)
4062 http cache color-convert@https://registry.npmjs.org/color-convert/-/color-convert-2.0.1.tgz 0ms (cache hit)
4063 http cache brace-expansion@https://registry.npmjs.org/brace-expansion/-/brace-expansion-1.1.14.tgz 0ms (cache hit)
4064 http cache ws@https://registry.npmjs.org/ws/-/ws-6.2.3.tgz 0ms (cache hit)
4065 http cache @react-native/virtualized-lists@https://registry.npmjs.org/@react-native/virtualized-lists/-/virtualized-lists-0.81.5.tgz 0ms (cache hit)
4066 http cache supports-color@https://registry.npmjs.org/supports-color/-/supports-color-7.2.0.tgz 0ms (cache hit)
4067 http cache commander@https://registry.npmjs.org/commander/-/commander-12.1.0.tgz 0ms (cache hit)
4068 http cache chalk@https://registry.npmjs.org/chalk/-/chalk-4.1.2.tgz 0ms (cache hit)
4069 http cache has-flag@https://registry.npmjs.org/has-flag/-/has-flag-4.0.0.tgz 0ms (cache hit)
4070 http cache color-name@https://registry.npmjs.org/color-name/-/color-name-1.1.4.tgz 0ms (cache hit)
4071 http cache ansi-styles@https://registry.npmjs.org/ansi-styles/-/ansi-styles-4.3.0.tgz 0ms (cache hit)
4072 http cache glob@https://registry.npmjs.org/glob/-/glob-7.2.3.tgz 0ms (cache hit)
4073 http cache ansi-styles@https://registry.npmjs.org/ansi-styles/-/ansi-styles-4.3.0.tgz 0ms (cache hit)
4074 http cache chalk@https://registry.npmjs.org/chalk/-/chalk-4.1.2.tgz 0ms (cache hit)
4075 http cache @babel/code-frame@https://registry.npmjs.org/@babel/code-frame/-/code-frame-7.29.0.tgz 0ms (cache hit)
4076 http cache color-convert@https://registry.npmjs.org/color-convert/-/color-convert-2.0.1.tgz 0ms (cache hit)
4077 http cache supports-color@https://registry.npmjs.org/supports-color/-/supports-color-7.2.0.tgz 0ms (cache hit)
4078 http cache hermes-estree@https://registry.npmjs.org/hermes-estree/-/hermes-estree-0.29.1.tgz 0ms (cache hit)
4079 http cache hermes-parser@https://registry.npmjs.org/hermes-parser/-/hermes-parser-0.29.1.tgz 0ms (cache hit)
4080 http cache expo-file-system@https://registry.npmjs.org/expo-file-system/-/expo-file-system-19.0.21.tgz 0ms (cache hit)
4081 http cache ws@https://registry.npmjs.org/ws/-/ws-8.20.0.tgz 0ms (cache hit)
4082 http cache picomatch@https://registry.npmjs.org/picomatch/-/picomatch-3.0.2.tgz 0ms (cache hit)
4083 http cache expo-keep-awake@https://registry.npmjs.org/expo-keep-awake/-/expo-keep-awake-15.0.8.tgz 0ms (cache hit)
4084 http cache ci-info@https://registry.npmjs.org/ci-info/-/ci-info-3.9.0.tgz 0ms (cache hit)
4085 http cache expo-constants@https://registry.npmjs.org/expo-constants/-/expo-constants-18.0.13.tgz 0ms (cache hit)
4086 http cache chalk@https://registry.npmjs.org/chalk/-/chalk-4.1.2.tgz 0ms (cache hit)
4087 http cache babel-preset-expo@https://registry.npmjs.org/babel-preset-expo/-/babel-preset-expo-54.0.10.tgz 0ms (cache hit)
4088 http cache ansi-styles@https://registry.npmjs.org/ansi-styles/-/ansi-styles-4.3.0.tgz 0ms (cache hit)
4089 http cache @expo/prebuild-config@https://registry.npmjs.org/@expo/prebuild-config/-/prebuild-config-54.0.8.tgz 0ms (cache hit)
4090 http cache @expo/vector-icons@https://registry.npmjs.org/@expo/vector-icons/-/vector-icons-15.1.1.tgz 0ms (cache hit)
4091 http cache expo-asset@https://registry.npmjs.org/expo-asset/-/expo-asset-12.0.12.tgz 0ms (cache hit)
4092 silly tarball no local data for p-try@https://registry.npmjs.org/p-try/-/p-try-2.2.0.tgz. Extracting by manifest.
4093 silly tarball no local data for fontfaceobserver@https://registry.npmjs.org/fontfaceobserver/-/fontfaceobserver-2.3.0.tgz. Extracting by manifest.
4094 http cache expo-font@https://registry.npmjs.org/expo-font/-/expo-font-14.0.11.tgz 0ms (cache hit)
4095 silly tarball no local data for unicode-property-aliases-ecmascript@https://registry.npmjs.org/unicode-property-aliases-ecmascript/-/unicode-property-aliases-ecmascript-2.2.0.tgz. Extracting by manifest.
4096 silly tarball no local data for unicode-match-property-ecmascript@https://registry.npmjs.org/unicode-match-property-ecmascript/-/unicode-match-property-ecmascript-2.0.0.tgz. Extracting by manifest.
4097 silly tarball no local data for unicode-match-property-value-ecmascript@https://registry.npmjs.org/unicode-match-property-value-ecmascript/-/unicode-match-property-value-ecmascript-2.2.1.tgz. Extracting by manifest.
4098 silly tarball no local data for unicode-canonical-property-names-ecmascript@https://registry.npmjs.org/unicode-canonical-property-names-ecmascript/-/unicode-canonical-property-names-ecmascript-2.0.1.tgz. Extracting by manifest.
4099 silly tarball no local data for regjsparser@https://registry.npmjs.org/regjsparser/-/regjsparser-0.13.1.tgz. Extracting by manifest.
4100 silly tarball no local data for regenerate-unicode-properties@https://registry.npmjs.org/regenerate-unicode-properties/-/regenerate-unicode-properties-10.2.2.tgz. Extracting by manifest.
4101 silly tarball no local data for @babel/helper-define-polyfill-provider@https://registry.npmjs.org/@babel/helper-define-polyfill-provider/-/helper-define-polyfill-provider-0.6.8.tgz. Extracting by manifest.
4102 silly tarball no local data for regjsgen@https://registry.npmjs.org/regjsgen/-/regjsgen-0.8.0.tgz. Extracting by manifest.
4103 silly tarball no local data for @babel/helper-wrap-function@https://registry.npmjs.org/@babel/helper-wrap-function/-/helper-wrap-function-7.28.6.tgz. Extracting by manifest.
4104 silly tarball no local data for lodash.debounce@https://registry.npmjs.org/lodash.debounce/-/lodash.debounce-4.0.8.tgz. Extracting by manifest.
4105 silly tarball no local data for @babel/helper-remap-async-to-generator@https://registry.npmjs.org/@babel/helper-remap-async-to-generator/-/helper-remap-async-to-generator-7.27.1.tgz. Extracting by manifest.
4106 silly tarball no local data for @react-native/babel-plugin-codegen@https://registry.npmjs.org/@react-native/babel-plugin-codegen/-/babel-plugin-codegen-0.81.5.tgz. Extracting by manifest.
4107 silly tarball no local data for regenerate@https://registry.npmjs.org/regenerate/-/regenerate-1.4.2.tgz. Extracting by manifest.
4108 silly tarball no local data for @babel/plugin-transform-spread@https://registry.npmjs.org/@babel/plugin-transform-spread/-/plugin-transform-spread-7.28.6.tgz. Extracting by manifest.
4109 http cache @expo/metro-config@https://registry.npmjs.org/@expo/metro-config/-/metro-config-54.0.14.tgz 0ms (cache hit)
4110 silly tarball no local data for @babel/plugin-transform-unicode-regex@https://registry.npmjs.org/@babel/plugin-transform-unicode-regex/-/plugin-transform-unicode-regex-7.27.1.tgz. Extracting by manifest.
4111 silly tarball no local data for core-js-compat@https://registry.npmjs.org/core-js-compat/-/core-js-compat-3.49.0.tgz. Extracting by manifest.
4112 http cache @expo/cli@https://registry.npmjs.org/@expo/cli/-/cli-54.0.23.tgz 0ms (cache hit)
4113 silly tarball no local data for @babel/helper-create-regexp-features-plugin@https://registry.npmjs.org/@babel/helper-create-regexp-features-plugin/-/helper-create-regexp-features-plugin-7.28.5.tgz. Extracting by manifest.
4114 silly tarball no local data for @babel/plugin-transform-shorthand-properties@https://registry.npmjs.org/@babel/plugin-transform-shorthand-properties/-/plugin-transform-shorthand-properties-7.27.1.tgz. Extracting by manifest.
4115 silly tarball no local data for regexpu-core@https://registry.npmjs.org/regexpu-core/-/regexpu-core-6.4.0.tgz. Extracting by manifest.
4116 silly tarball no local data for @babel/plugin-transform-sticky-regex@https://registry.npmjs.org/@babel/plugin-transform-sticky-regex/-/plugin-transform-sticky-regex-7.27.1.tgz. Extracting by manifest.
4117 silly tarball no local data for @babel/plugin-transform-react-jsx-self@https://registry.npmjs.org/@babel/plugin-transform-react-jsx-self/-/plugin-transform-react-jsx-self-7.27.1.tgz. Extracting by manifest.
4118 silly tarball no local data for @babel/plugin-transform-regenerator@https://registry.npmjs.org/@babel/plugin-transform-regenerator/-/plugin-transform-regenerator-7.29.0.tgz. Extracting by manifest.
4119 silly tarball no local data for @babel/plugin-transform-optional-catch-binding@https://registry.npmjs.org/@babel/plugin-transform-optional-catch-binding/-/plugin-transform-optional-catch-binding-7.28.6.tgz. Extracting by manifest.
4120 silly tarball no local data for @babel/plugin-transform-optional-chaining@https://registry.npmjs.org/@babel/plugin-transform-optional-chaining/-/plugin-transform-optional-chaining-7.28.6.tgz. Extracting by manifest.
4121 silly tarball no local data for @babel/plugin-transform-react-jsx-source@https://registry.npmjs.org/@babel/plugin-transform-react-jsx-source/-/plugin-transform-react-jsx-source-7.27.1.tgz. Extracting by manifest.
4122 silly tarball no local data for @babel/plugin-transform-named-capturing-groups-regex@https://registry.npmjs.org/@babel/plugin-transform-named-capturing-groups-regex/-/plugin-transform-named-capturing-groups-regex-7.29.0.tgz. Extracting by manifest.
4123 silly tarball no local data for @babel/plugin-transform-literals@https://registry.npmjs.org/@babel/plugin-transform-literals/-/plugin-transform-literals-7.27.1.tgz. Extracting by manifest.
4124 silly tarball no local data for @babel/plugin-transform-for-of@https://registry.npmjs.org/@babel/plugin-transform-for-of/-/plugin-transform-for-of-7.27.1.tgz. Extracting by manifest.
4125 silly tarball no local data for @babel/plugin-transform-numeric-separator@https://registry.npmjs.org/@babel/plugin-transform-numeric-separator/-/plugin-transform-numeric-separator-7.28.6.tgz. Extracting by manifest.
4126 silly tarball no local data for @babel/plugin-transform-nullish-coalescing-operator@https://registry.npmjs.org/@babel/plugin-transform-nullish-coalescing-operator/-/plugin-transform-nullish-coalescing-operator-7.28.6.tgz. Extracting by manifest.
4127 silly tarball no local data for @babel/plugin-transform-logical-assignment-operators@https://registry.npmjs.org/@babel/plugin-transform-logical-assignment-operators/-/plugin-transform-logical-assignment-operators-7.28.6.tgz. Extracting by manifest.
4128 silly tarball no local data for @babel/plugin-transform-class-properties@https://registry.npmjs.org/@babel/plugin-transform-class-properties/-/plugin-transform-class-properties-7.28.6.tgz. Extracting by manifest.
4129 silly tarball no local data for @babel/plugin-transform-computed-properties@https://registry.npmjs.org/@babel/plugin-transform-computed-properties/-/plugin-transform-computed-properties-7.28.6.tgz. Extracting by manifest.
4130 silly tarball no local data for @babel/plugin-transform-classes@https://registry.npmjs.org/@babel/plugin-transform-classes/-/plugin-transform-classes-7.28.6.tgz. Extracting by manifest.
4131 silly tarball no local data for @babel/plugin-transform-function-name@https://registry.npmjs.org/@babel/plugin-transform-function-name/-/plugin-transform-function-name-7.27.1.tgz. Extracting by manifest.
4132 silly tarball no local data for @babel/plugin-transform-async-to-generator@https://registry.npmjs.org/@babel/plugin-transform-async-to-generator/-/plugin-transform-async-to-generator-7.28.6.tgz. Extracting by manifest.
4133 silly tarball no local data for @babel/plugin-transform-block-scoping@https://registry.npmjs.org/@babel/plugin-transform-block-scoping/-/plugin-transform-block-scoping-7.28.6.tgz. Extracting by manifest.
4134 silly tarball no local data for @babel/plugin-transform-async-generator-functions@https://registry.npmjs.org/@babel/plugin-transform-async-generator-functions/-/plugin-transform-async-generator-functions-7.29.0.tgz. Extracting by manifest.
4135 silly tarball no local data for @babel/plugin-syntax-typescript@https://registry.npmjs.org/@babel/plugin-syntax-typescript/-/plugin-syntax-typescript-7.28.6.tgz. Extracting by manifest.
4136 silly tarball no local data for @babel/plugin-transform-arrow-functions@https://registry.npmjs.org/@babel/plugin-transform-arrow-functions/-/plugin-transform-arrow-functions-7.27.1.tgz. Extracting by manifest.
4137 silly tarball no local data for @babel/plugin-transform-typescript@https://registry.npmjs.org/@babel/plugin-transform-typescript/-/plugin-transform-typescript-7.28.6.tgz. Extracting by manifest.
4138 silly tarball no local data for @babel/plugin-syntax-dynamic-import@https://registry.npmjs.org/@babel/plugin-syntax-dynamic-import/-/plugin-syntax-dynamic-import-7.8.3.tgz. Extracting by manifest.
4139 silly tarball no local data for @babel/plugin-transform-react-jsx-development@https://registry.npmjs.org/@babel/plugin-transform-react-jsx-development/-/plugin-transform-react-jsx-development-7.27.1.tgz. Extracting by manifest.
4140 silly tarball no local data for @babel/plugin-transform-react-pure-annotations@https://registry.npmjs.org/@babel/plugin-transform-react-pure-annotations/-/plugin-transform-react-pure-annotations-7.27.1.tgz. Extracting by manifest.
4141 silly tarball no local data for @babel/plugin-syntax-jsx@https://registry.npmjs.org/@babel/plugin-syntax-jsx/-/plugin-syntax-jsx-7.28.6.tgz. Extracting by manifest.
4142 silly tarball no local data for babel-plugin-polyfill-regenerator@https://registry.npmjs.org/babel-plugin-polyfill-regenerator/-/babel-plugin-polyfill-regenerator-0.6.8.tgz. Extracting by manifest.
4143 silly tarball no local data for babel-plugin-polyfill-corejs3@https://registry.npmjs.org/babel-plugin-polyfill-corejs3/-/babel-plugin-polyfill-corejs3-0.13.0.tgz. Extracting by manifest.
4144 silly tarball no local data for @babel/plugin-transform-destructuring@https://registry.npmjs.org/@babel/plugin-transform-destructuring/-/plugin-transform-destructuring-7.28.5.tgz. Extracting by manifest.
4145 silly tarball no local data for @babel/plugin-transform-react-display-name@https://registry.npmjs.org/@babel/plugin-transform-react-display-name/-/plugin-transform-react-display-name-7.28.0.tgz. Extracting by manifest.
4146 silly tarball no local data for @babel/plugin-transform-react-jsx@https://registry.npmjs.org/@babel/plugin-transform-react-jsx/-/plugin-transform-react-jsx-7.28.6.tgz. Extracting by manifest.
4147 silly tarball no local data for @babel/helper-skip-transparent-expression-wrappers@https://registry.npmjs.org/@babel/helper-skip-transparent-expression-wrappers/-/helper-skip-transparent-expression-wrappers-7.27.1.tgz. Extracting by manifest.
4148 silly tarball no local data for babel-plugin-polyfill-corejs2@https://registry.npmjs.org/babel-plugin-polyfill-corejs2/-/babel-plugin-polyfill-corejs2-0.4.17.tgz. Extracting by manifest.
4149 silly tarball no local data for @babel/plugin-syntax-flow@https://registry.npmjs.org/@babel/plugin-syntax-flow/-/plugin-syntax-flow-7.28.6.tgz. Extracting by manifest.
4150 silly tarball no local data for @babel/helper-optimise-call-expression@https://registry.npmjs.org/@babel/helper-optimise-call-expression/-/helper-optimise-call-expression-7.27.1.tgz. Extracting by manifest.
4151 silly tarball no local data for @babel/helper-replace-supers@https://registry.npmjs.org/@babel/helper-replace-supers/-/helper-replace-supers-7.28.6.tgz. Extracting by manifest.
4152 silly tarball no local data for @babel/helper-member-expression-to-functions@https://registry.npmjs.org/@babel/helper-member-expression-to-functions/-/helper-member-expression-to-functions-7.28.5.tgz. Extracting by manifest.
4153 silly tarball no local data for babel-plugin-transform-flow-enums@https://registry.npmjs.org/babel-plugin-transform-flow-enums/-/babel-plugin-transform-flow-enums-0.0.2.tgz. Extracting by manifest.
4154 silly tarball no local data for @babel/helper-annotate-as-pure@https://registry.npmjs.org/@babel/helper-annotate-as-pure/-/helper-annotate-as-pure-7.27.3.tgz. Extracting by manifest.
4155 silly tarball no local data for babel-plugin-react-native-web@https://registry.npmjs.org/babel-plugin-react-native-web/-/babel-plugin-react-native-web-0.21.2.tgz. Extracting by manifest.
4156 silly tarball no local data for babel-plugin-react-compiler@https://registry.npmjs.org/babel-plugin-react-compiler/-/babel-plugin-react-compiler-1.0.0.tgz. Extracting by manifest.
4157 silly tarball no local data for @babel/plugin-syntax-decorators@https://registry.npmjs.org/@babel/plugin-syntax-decorators/-/plugin-syntax-decorators-7.28.6.tgz. Extracting by manifest.
4158 silly tarball no local data for @react-native/babel-preset@https://registry.npmjs.org/@react-native/babel-preset/-/babel-preset-0.81.5.tgz. Extracting by manifest.
4159 silly tarball no local data for @babel/preset-typescript@https://registry.npmjs.org/@babel/preset-typescript/-/preset-typescript-7.28.5.tgz. Extracting by manifest.
4160 silly tarball no local data for @babel/helper-create-class-features-plugin@https://registry.npmjs.org/@babel/helper-create-class-features-plugin/-/helper-create-class-features-plugin-7.28.6.tgz. Extracting by manifest.
4161 silly tarball no local data for @babel/plugin-transform-private-methods@https://registry.npmjs.org/@babel/plugin-transform-private-methods/-/plugin-transform-private-methods-7.28.6.tgz. Extracting by manifest.
4162 silly tarball no local data for @babel/preset-react@https://registry.npmjs.org/@babel/preset-react/-/preset-react-7.28.5.tgz. Extracting by manifest.
4163 silly tarball no local data for @babel/plugin-transform-private-property-in-object@https://registry.npmjs.org/@babel/plugin-transform-private-property-in-object/-/plugin-transform-private-property-in-object-7.28.6.tgz. Extracting by manifest.
4164 silly tarball no local data for @babel/plugin-transform-parameters@https://registry.npmjs.org/@babel/plugin-transform-parameters/-/plugin-transform-parameters-7.27.7.tgz. Extracting by manifest.
4165 silly tarball no local data for @babel/plugin-transform-class-static-block@https://registry.npmjs.org/@babel/plugin-transform-class-static-block/-/plugin-transform-class-static-block-7.28.6.tgz. Extracting by manifest.
4166 silly tarball no local data for @babel/plugin-transform-object-rest-spread@https://registry.npmjs.org/@babel/plugin-transform-object-rest-spread/-/plugin-transform-object-rest-spread-7.28.6.tgz. Extracting by manifest.
4167 silly tarball no local data for @babel/plugin-transform-runtime@https://registry.npmjs.org/@babel/plugin-transform-runtime/-/plugin-transform-runtime-7.29.0.tgz. Extracting by manifest.
4168 silly tarball no local data for @babel/plugin-transform-flow-strip-types@https://registry.npmjs.org/@babel/plugin-transform-flow-strip-types/-/plugin-transform-flow-strip-types-7.27.1.tgz. Extracting by manifest.
4169 silly tarball no local data for source-map-js@https://registry.npmjs.org/source-map-js/-/source-map-js-1.2.1.tgz. Extracting by manifest.
4170 silly tarball no local data for @babel/plugin-transform-export-namespace-from@https://registry.npmjs.org/@babel/plugin-transform-export-namespace-from/-/plugin-transform-export-namespace-from-7.27.1.tgz. Extracting by manifest.
4171 silly tarball no local data for @babel/plugin-syntax-export-default-from@https://registry.npmjs.org/@babel/plugin-syntax-export-default-from/-/plugin-syntax-export-default-from-7.28.6.tgz. Extracting by manifest.
4172 silly tarball no local data for @babel/plugin-proposal-export-default-from@https://registry.npmjs.org/@babel/plugin-proposal-export-default-from/-/plugin-proposal-export-default-from-7.27.1.tgz. Extracting by manifest.
4173 silly tarball no local data for nanoid@https://registry.npmjs.org/nanoid/-/nanoid-3.3.11.tgz. Extracting by manifest.
4174 silly tarball no local data for @babel/plugin-proposal-decorators@https://registry.npmjs.org/@babel/plugin-proposal-decorators/-/plugin-proposal-decorators-7.29.0.tgz. Extracting by manifest.
4175 silly tarball no local data for lightningcss-win32-x64-msvc@https://registry.npmjs.org/lightningcss-win32-x64-msvc/-/lightningcss-win32-x64-msvc-1.32.0.tgz. Extracting by manifest.
4176 silly tarball no local data for define-lazy-prop@https://registry.npmjs.org/define-lazy-prop/-/define-lazy-prop-2.0.0.tgz. Extracting by manifest.
4177 silly tarball no local data for detect-libc@https://registry.npmjs.org/detect-libc/-/detect-libc-2.1.2.tgz. Extracting by manifest.
4178 silly tarball no local data for clone@https://registry.npmjs.org/clone/-/clone-1.0.4.tgz. Extracting by manifest.
4179 silly tarball no local data for lightningcss@https://registry.npmjs.org/lightningcss/-/lightningcss-1.32.0.tgz. Extracting by manifest.
4180 silly tarball no local data for postcss@https://registry.npmjs.org/postcss/-/postcss-8.4.49.tgz. Extracting by manifest.
4181 silly tarball no local data for defaults@https://registry.npmjs.org/defaults/-/defaults-1.0.4.tgz. Extracting by manifest.
4182 silly tarball no local data for @isaacs/fs-minipass@https://registry.npmjs.org/@isaacs/fs-minipass/-/fs-minipass-4.0.1.tgz. Extracting by manifest.
4183 silly tarball no local data for minizlib@https://registry.npmjs.org/minizlib/-/minizlib-3.1.0.tgz. Extracting by manifest.
4184 silly tarball no local data for function-bind@https://registry.npmjs.org/function-bind/-/function-bind-1.1.2.tgz. Extracting by manifest.
4185 silly tarball no local data for chownr@https://registry.npmjs.org/chownr/-/chownr-3.0.0.tgz. Extracting by manifest.
4186 silly tarball no local data for onetime@https://registry.npmjs.org/onetime/-/onetime-2.0.1.tgz. Extracting by manifest.
4187 silly tarball no local data for supports-hyperlinks@https://registry.npmjs.org/supports-hyperlinks/-/supports-hyperlinks-2.3.0.tgz. Extracting by manifest.
4188 silly tarball no local data for ansi-escapes@https://registry.npmjs.org/ansi-escapes/-/ansi-escapes-4.3.2.tgz. Extracting by manifest.
4189 silly tarball no local data for mimic-fn@https://registry.npmjs.org/mimic-fn/-/mimic-fn-1.2.0.tgz. Extracting by manifest.
4190 silly tarball no local data for hasown@https://registry.npmjs.org/hasown/-/hasown-2.0.3.tgz. Extracting by manifest.
4191 silly tarball no local data for is-core-module@https://registry.npmjs.org/is-core-module/-/is-core-module-2.16.1.tgz. Extracting by manifest.
4192 silly tarball no local data for strip-json-comments@https://registry.npmjs.org/strip-json-comments/-/strip-json-comments-2.0.1.tgz. Extracting by manifest.
4193 silly tarball no local data for supports-preserve-symlinks-flag@https://registry.npmjs.org/supports-preserve-symlinks-flag/-/supports-preserve-symlinks-flag-1.0.0.tgz. Extracting by manifest.
4194 silly tarball no local data for path-parse@https://registry.npmjs.org/path-parse/-/path-parse-1.0.7.tgz. Extracting by manifest.
4195 silly tarball no local data for deep-extend@https://registry.npmjs.org/deep-extend/-/deep-extend-0.6.0.tgz. Extracting by manifest.
4196 silly tarball no local data for es-errors@https://registry.npmjs.org/es-errors/-/es-errors-1.3.0.tgz. Extracting by manifest.
4197 silly tarball no local data for minimist@https://registry.npmjs.org/minimist/-/minimist-1.2.8.tgz. Extracting by manifest.
4198 silly tarball no local data for nested-error-stacks@https://registry.npmjs.org/nested-error-stacks/-/nested-error-stacks-2.0.1.tgz. Extracting by manifest.
4199 silly tarball no local data for ini@https://registry.npmjs.org/ini/-/ini-1.3.8.tgz. Extracting by manifest.
4200 silly tarball no local data for sisteransi@https://registry.npmjs.org/sisteransi/-/sisteransi-1.0.5.tgz. Extracting by manifest.
4201 silly tarball no local data for rc@https://registry.npmjs.org/rc/-/rc-1.2.8.tgz. Extracting by manifest.
4202 silly tarball no local data for pngjs@https://registry.npmjs.org/pngjs/-/pngjs-3.4.0.tgz. Extracting by manifest.
4203 silly tarball no local data for kleur@https://registry.npmjs.org/kleur/-/kleur-3.0.3.tgz. Extracting by manifest.
4204 silly tarball no local data for wcwidth@https://registry.npmjs.org/wcwidth/-/wcwidth-1.0.1.tgz. Extracting by manifest.
4205 silly tarball no local data for restore-cursor@https://registry.npmjs.org/restore-cursor/-/restore-cursor-2.0.0.tgz. Extracting by manifest.
4206 silly tarball no local data for log-symbols@https://registry.npmjs.org/log-symbols/-/log-symbols-2.2.0.tgz. Extracting by manifest.
4207 silly tarball no local data for cli-spinners@https://registry.npmjs.org/cli-spinners/-/cli-spinners-2.9.2.tgz. Extracting by manifest.
4208 silly tarball no local data for vary@https://registry.npmjs.org/vary/-/vary-1.1.2.tgz. Extracting by manifest.
4209 silly tarball no local data for validate-npm-package-name@https://registry.npmjs.org/validate-npm-package-name/-/validate-npm-package-name-5.0.1.tgz. Extracting by manifest.
4210 silly tarball no local data for cli-cursor@https://registry.npmjs.org/cli-cursor/-/cli-cursor-2.1.0.tgz. Extracting by manifest.
4211 silly tarball no local data for hosted-git-info@https://registry.npmjs.org/hosted-git-info/-/hosted-git-info-7.0.2.tgz. Extracting by manifest.
4212 silly tarball no local data for proc-log@https://registry.npmjs.org/proc-log/-/proc-log-4.2.0.tgz. Extracting by manifest.
4213 silly tarball no local data for compressible@https://registry.npmjs.org/compressible/-/compressible-2.0.18.tgz. Extracting by manifest.
4214 silly tarball no local data for wonka@https://registry.npmjs.org/wonka/-/wonka-6.3.6.tgz. Extracting by manifest.
4215 silly tarball no local data for on-headers@https://registry.npmjs.org/on-headers/-/on-headers-1.1.0.tgz. Extracting by manifest.
4216 silly tarball no local data for @babel/plugin-transform-modules-commonjs@https://registry.npmjs.org/@babel/plugin-transform-modules-commonjs/-/plugin-transform-modules-commonjs-7.28.6.tgz. Extracting by manifest.
4217 silly tarball no local data for safe-buffer@https://registry.npmjs.org/safe-buffer/-/safe-buffer-5.2.1.tgz. Extracting by manifest.
4218 silly tarball no local data for bytes@https://registry.npmjs.org/bytes/-/bytes-3.1.2.tgz. Extracting by manifest.
4219 silly tarball no local data for @expo/sudo-prompt@https://registry.npmjs.org/@expo/sudo-prompt/-/sudo-prompt-9.3.2.tgz. Extracting by manifest.
4220 silly tarball no local data for dotenv-expand@https://registry.npmjs.org/dotenv-expand/-/dotenv-expand-11.0.7.tgz. Extracting by manifest.
4221 silly tarball no local data for parse-png@https://registry.npmjs.org/parse-png/-/parse-png-2.1.0.tgz. Extracting by manifest.
4222 silly tarball no local data for terminal-link@https://registry.npmjs.org/terminal-link/-/terminal-link-2.1.1.tgz. Extracting by manifest.
4223 silly tarball no local data for @expo/require-utils@https://registry.npmjs.org/@expo/require-utils/-/require-utils-55.0.4.tgz. Extracting by manifest.
4224 silly tarball no local data for dotenv@https://registry.npmjs.org/dotenv/-/dotenv-16.4.7.tgz. Extracting by manifest.
4225 silly tarball no local data for undici@https://registry.npmjs.org/undici/-/undici-6.25.0.tgz. Extracting by manifest.
4226 silly tarball no local data for tar@https://registry.npmjs.org/tar/-/tar-7.5.13.tgz. Extracting by manifest.
4227 silly tarball no local data for structured-headers@https://registry.npmjs.org/structured-headers/-/structured-headers-0.4.1.tgz. Extracting by manifest.
4228 silly tarball no local data for requireg@https://registry.npmjs.org/requireg/-/requireg-0.2.2.tgz. Extracting by manifest.
4229 silly tarball no local data for resolve@https://registry.npmjs.org/resolve/-/resolve-1.22.12.tgz. Extracting by manifest.
4230 silly tarball no local data for progress@https://registry.npmjs.org/progress/-/progress-2.0.3.tgz. Extracting by manifest.
4231 silly tarball no local data for jimp-compact@https://registry.npmjs.org/jimp-compact/-/jimp-compact-0.16.1.tgz. Extracting by manifest.
4232 silly tarball no local data for resolve.exports@https://registry.npmjs.org/resolve.exports/-/resolve.exports-2.0.3.tgz. Extracting by manifest.
4233 silly tarball no local data for ora@https://registry.npmjs.org/ora/-/ora-3.4.0.tgz. Extracting by manifest.
4234 silly tarball no local data for qrcode-terminal@https://registry.npmjs.org/qrcode-terminal/-/qrcode-terminal-0.11.0.tgz. Extracting by manifest.
4235 silly tarball no local data for node-forge@https://registry.npmjs.org/node-forge/-/node-forge-1.4.0.tgz. Extracting by manifest.
4236 silly tarball no local data for pretty-bytes@https://registry.npmjs.org/pretty-bytes/-/pretty-bytes-5.6.0.tgz. Extracting by manifest.
4237 silly tarball no local data for expo-server@https://registry.npmjs.org/expo-server/-/expo-server-1.0.5.tgz. Extracting by manifest.
4238 silly tarball no local data for prompts@https://registry.npmjs.org/prompts/-/prompts-2.4.2.tgz. Extracting by manifest.
4239 silly tarball no local data for npm-package-arg@https://registry.npmjs.org/npm-package-arg/-/npm-package-arg-11.0.3.tgz. Extracting by manifest.
4240 silly tarball no local data for lan-network@https://registry.npmjs.org/lan-network/-/lan-network-0.1.7.tgz. Extracting by manifest.
4241 silly tarball no local data for @urql/core@https://registry.npmjs.org/@urql/core/-/core-5.2.0.tgz. Extracting by manifest.
4242 silly tarball no local data for freeport-async@https://registry.npmjs.org/freeport-async/-/freeport-async-2.0.0.tgz. Extracting by manifest.
4243 silly tarball no local data for compression@https://registry.npmjs.org/compression/-/compression-1.8.1.tgz. Extracting by manifest.
4244 silly tarball no local data for env-editor@https://registry.npmjs.org/env-editor/-/env-editor-0.4.2.tgz. Extracting by manifest.
4245 silly tarball no local data for @urql/exchange-retry@https://registry.npmjs.org/@urql/exchange-retry/-/exchange-retry-1.3.2.tgz. Extracting by manifest.
4246 silly tarball no local data for better-opn@https://registry.npmjs.org/better-opn/-/better-opn-3.0.2.tgz. Extracting by manifest.
4247 silly tarball no local data for @expo/ws-tunnel@https://registry.npmjs.org/@expo/ws-tunnel/-/ws-tunnel-1.0.6.tgz. Extracting by manifest.
4248 silly tarball no local data for @expo/schema-utils@https://registry.npmjs.org/@expo/schema-utils/-/schema-utils-0.1.8.tgz. Extracting by manifest.
4249 silly tarball no local data for @expo/xcpretty@https://registry.npmjs.org/@expo/xcpretty/-/xcpretty-4.4.3.tgz. Extracting by manifest.
4250 silly tarball no local data for @expo/package-manager@https://registry.npmjs.org/@expo/package-manager/-/package-manager-1.10.4.tgz. Extracting by manifest.
4251 silly tarball no local data for @0no-co/graphql.web@https://registry.npmjs.org/@0no-co/graphql.web/-/graphql.web-1.2.0.tgz. Extracting by manifest.
4252 silly tarball no local data for @expo/image-utils@https://registry.npmjs.org/@expo/image-utils/-/image-utils-0.8.13.tgz. Extracting by manifest.
4253 silly tarball no local data for wrappy@https://registry.npmjs.org/wrappy/-/wrappy-1.0.2.tgz. Extracting by manifest.
4254 silly tarball no local data for @expo/osascript@https://registry.npmjs.org/@expo/osascript/-/osascript-2.4.2.tgz. Extracting by manifest.
4255 silly tarball no local data for @expo/code-signing-certificates@https://registry.npmjs.org/@expo/code-signing-certificates/-/code-signing-certificates-0.0.6.tgz. Extracting by manifest.
4256 silly tarball no local data for concat-map@https://registry.npmjs.org/concat-map/-/concat-map-0.0.1.tgz. Extracting by manifest.
4257 silly tarball no local data for @expo/env@https://registry.npmjs.org/@expo/env/-/env-2.0.11.tgz. Extracting by manifest.
4258 silly tarball no local data for @expo/devcert@https://registry.npmjs.org/@expo/devcert/-/devcert-1.2.1.tgz. Extracting by manifest.
4259 silly tarball no local data for once@https://registry.npmjs.org/once/-/once-1.4.0.tgz. Extracting by manifest.
4260 silly tarball no local data for async-limiter@https://registry.npmjs.org/async-limiter/-/async-limiter-1.0.1.tgz. Extracting by manifest.
4261 silly tarball no local data for inflight@https://registry.npmjs.org/inflight/-/inflight-1.0.6.tgz. Extracting by manifest.
4262 silly tarball no local data for is-fullwidth-code-point@https://registry.npmjs.org/is-fullwidth-code-point/-/is-fullwidth-code-point-3.0.0.tgz. Extracting by manifest.
4263 silly tarball no local data for path-is-absolute@https://registry.npmjs.org/path-is-absolute/-/path-is-absolute-1.0.1.tgz. Extracting by manifest.
4264 silly tarball no local data for fs.realpath@https://registry.npmjs.org/fs.realpath/-/fs.realpath-1.0.0.tgz. Extracting by manifest.
4265 silly tarball no local data for wrap-ansi@https://registry.npmjs.org/wrap-ansi/-/wrap-ansi-7.0.0.tgz. Extracting by manifest.
4266 silly tarball no local data for emoji-regex@https://registry.npmjs.org/emoji-regex/-/emoji-regex-8.0.0.tgz. Extracting by manifest.
4267 silly tarball no local data for require-directory@https://registry.npmjs.org/require-directory/-/require-directory-2.1.1.tgz. Extracting by manifest.
4268 silly tarball no local data for yargs-parser@https://registry.npmjs.org/yargs-parser/-/yargs-parser-21.1.1.tgz. Extracting by manifest.
4269 silly tarball no local data for string-width@https://registry.npmjs.org/string-width/-/string-width-4.2.3.tgz. Extracting by manifest.
4270 silly tarball no local data for strip-ansi@https://registry.npmjs.org/strip-ansi/-/strip-ansi-6.0.1.tgz. Extracting by manifest.
4271 silly tarball no local data for y18n@https://registry.npmjs.org/y18n/-/y18n-5.0.8.tgz. Extracting by manifest.
4272 silly tarball no local data for get-caller-file@https://registry.npmjs.org/get-caller-file/-/get-caller-file-2.0.5.tgz. Extracting by manifest.
4273 silly tarball no local data for cliui@https://registry.npmjs.org/cliui/-/cliui-8.0.1.tgz. Extracting by manifest.
4274 silly tarball no local data for big-integer@https://registry.npmjs.org/big-integer/-/big-integer-1.6.52.tgz. Extracting by manifest.
4275 silly tarball no local data for stream-buffers@https://registry.npmjs.org/stream-buffers/-/stream-buffers-2.2.0.tgz. Extracting by manifest.
4276 silly tarball no local data for sax@https://registry.npmjs.org/sax/-/sax-1.6.0.tgz. Extracting by manifest.
4277 silly tarball no local data for bplist-parser@https://registry.npmjs.org/bplist-parser/-/bplist-parser-0.3.1.tgz. Extracting by manifest.
4278 silly tarball no local data for plist@https://registry.npmjs.org/plist/-/plist-3.1.0.tgz. Extracting by manifest.
4279 silly tarball no local data for signal-exit@https://registry.npmjs.org/signal-exit/-/signal-exit-3.0.7.tgz. Extracting by manifest.
4280 silly tarball no local data for uuid@https://registry.npmjs.org/uuid/-/uuid-7.0.3.tgz. Extracting by manifest.
4281 silly tarball no local data for bplist-creator@https://registry.npmjs.org/bplist-creator/-/bplist-creator-0.1.0.tgz. Extracting by manifest.
4282 silly tarball no local data for simple-plist@https://registry.npmjs.org/simple-plist/-/simple-plist-1.3.1.tgz. Extracting by manifest.
4283 silly tarball no local data for imurmurhash@https://registry.npmjs.org/imurmurhash/-/imurmurhash-0.1.4.tgz. Extracting by manifest.
4284 silly tarball no local data for isexe@https://registry.npmjs.org/isexe/-/isexe-2.0.0.tgz. Extracting by manifest.
4285 silly tarball no local data for makeerror@https://registry.npmjs.org/makeerror/-/makeerror-1.0.12.tgz. Extracting by manifest.
4286 silly tarball no local data for ieee754@https://registry.npmjs.org/ieee754/-/ieee754-1.2.1.tgz. Extracting by manifest.
4287 silly tarball no local data for webidl-conversions@https://registry.npmjs.org/webidl-conversions/-/webidl-conversions-5.0.0.tgz. Extracting by manifest.
4288 silly tarball no local data for punycode@https://registry.npmjs.org/punycode/-/punycode-2.3.1.tgz. Extracting by manifest.
4289 silly tarball no local data for buffer@https://registry.npmjs.org/buffer/-/buffer-5.7.1.tgz. Extracting by manifest.
4290 silly tarball no local data for escalade@https://registry.npmjs.org/escalade/-/escalade-3.2.0.tgz. Extracting by manifest.
4291 silly tarball no local data for is-number@https://registry.npmjs.org/is-number/-/is-number-7.0.0.tgz. Extracting by manifest.
4292 silly tarball no local data for buffer-from@https://registry.npmjs.org/buffer-from/-/buffer-from-1.1.2.tgz. Extracting by manifest.
4293 silly tarball no local data for thenify@https://registry.npmjs.org/thenify/-/thenify-3.3.1.tgz. Extracting by manifest.
4294 silly tarball no local data for tmpl@https://registry.npmjs.org/tmpl/-/tmpl-1.0.5.tgz. Extracting by manifest.
4295 silly tarball no local data for @jridgewell/source-map@https://registry.npmjs.org/@jridgewell/source-map/-/source-map-0.3.11.tgz. Extracting by manifest.
4296 silly tarball no local data for acorn@https://registry.npmjs.org/acorn/-/acorn-8.16.0.tgz. Extracting by manifest.
4297 silly tarball no local data for source-map-support@https://registry.npmjs.org/source-map-support/-/source-map-support-0.5.21.tgz. Extracting by manifest.
4298 silly tarball no local data for ts-interface-checker@https://registry.npmjs.org/ts-interface-checker/-/ts-interface-checker-0.1.13.tgz. Extracting by manifest.
4299 silly tarball no local data for has-flag@https://registry.npmjs.org/has-flag/-/has-flag-3.0.0.tgz. Extracting by manifest.
4300 silly tarball no local data for tinyglobby@https://registry.npmjs.org/tinyglobby/-/tinyglobby-0.2.16.tgz. Extracting by manifest.
4301 silly tarball no local data for object-assign@https://registry.npmjs.org/object-assign/-/object-assign-4.1.1.tgz. Extracting by manifest.
4302 silly tarball no local data for type-fest@https://registry.npmjs.org/type-fest/-/type-fest-0.7.1.tgz. Extracting by manifest.
4303 silly tarball no local data for any-promise@https://registry.npmjs.org/any-promise/-/any-promise-1.3.0.tgz. Extracting by manifest.
4304 silly tarball no local data for mz@https://registry.npmjs.org/mz/-/mz-2.7.0.tgz. Extracting by manifest.
4305 silly tarball no local data for lines-and-columns@https://registry.npmjs.org/lines-and-columns/-/lines-and-columns-1.2.4.tgz. Extracting by manifest.
4306 silly tarball no local data for thenify-all@https://registry.npmjs.org/thenify-all/-/thenify-all-1.6.0.tgz. Extracting by manifest.
4307 silly tarball no local data for shebang-regex@https://registry.npmjs.org/shebang-regex/-/shebang-regex-3.0.0.tgz. Extracting by manifest.
4308 silly tarball no local data for range-parser@https://registry.npmjs.org/range-parser/-/range-parser-1.2.1.tgz. Extracting by manifest.
4309 silly tarball no local data for toidentifier@https://registry.npmjs.org/toidentifier/-/toidentifier-1.0.1.tgz. Extracting by manifest.
4310 silly tarball no local data for http-errors@https://registry.npmjs.org/http-errors/-/http-errors-2.0.1.tgz. Extracting by manifest.
4311 silly tarball no local data for setprototypeof@https://registry.npmjs.org/setprototypeof/-/setprototypeof-1.2.0.tgz. Extracting by manifest.
4312 silly tarball no local data for mime@https://registry.npmjs.org/mime/-/mime-1.6.0.tgz. Extracting by manifest.
4313 silly tarball no local data for etag@https://registry.npmjs.org/etag/-/etag-1.8.1.tgz. Extracting by manifest.
4314 silly tarball no local data for destroy@https://registry.npmjs.org/destroy/-/destroy-1.2.0.tgz. Extracting by manifest.
4315 silly tarball no local data for depd@https://registry.npmjs.org/depd/-/depd-2.0.0.tgz. Extracting by manifest.
4316 silly tarball no local data for fresh@https://registry.npmjs.org/fresh/-/fresh-0.5.2.tgz. Extracting by manifest.
4317 silly tarball no local data for send@https://registry.npmjs.org/send/-/send-0.19.2.tgz. Extracting by manifest.
4318 silly tarball no local data for shell-quote@https://registry.npmjs.org/shell-quote/-/shell-quote-1.8.3.tgz. Extracting by manifest.
4319 silly tarball no local data for asap@https://registry.npmjs.org/asap/-/asap-2.0.6.tgz. Extracting by manifest.
4320 silly tarball no local data for p-locate@https://registry.npmjs.org/p-locate/-/p-locate-4.1.0.tgz. Extracting by manifest.
4321 silly tarball no local data for marky@https://registry.npmjs.org/marky/-/marky-1.3.0.tgz. Extracting by manifest.
4322 silly tarball no local data for @types/graceful-fs@https://registry.npmjs.org/@types/graceful-fs/-/graceful-fs-4.1.9.tgz. Extracting by manifest.
4323 silly tarball no local data for @types/stack-utils@https://registry.npmjs.org/@types/stack-utils/-/stack-utils-2.0.3.tgz. Extracting by manifest.
4324 silly tarball no local data for esprima@https://registry.npmjs.org/esprima/-/esprima-4.0.1.tgz. Extracting by manifest.
4325 silly tarball no local data for sprintf-js@https://registry.npmjs.org/sprintf-js/-/sprintf-js-1.0.3.tgz. Extracting by manifest.
4326 silly tarball no local data for argparse@https://registry.npmjs.org/argparse/-/argparse-1.0.10.tgz. Extracting by manifest.
4327 silly tarball no local data for @sinonjs/commons@https://registry.npmjs.org/@sinonjs/commons/-/commons-3.0.1.tgz. Extracting by manifest.
4328 silly tarball no local data for normalize-path@https://registry.npmjs.org/normalize-path/-/normalize-path-3.0.0.tgz. Extracting by manifest.
4329 silly tarball no local data for anymatch@https://registry.npmjs.org/anymatch/-/anymatch-3.1.3.tgz. Extracting by manifest.
4330 silly tarball no local data for stack-utils@https://registry.npmjs.org/stack-utils/-/stack-utils-2.0.6.tgz. Extracting by manifest.
4331 silly tarball no local data for type-detect@https://registry.npmjs.org/type-detect/-/type-detect-4.0.8.tgz. Extracting by manifest.
4332 silly tarball no local data for @sinonjs/fake-timers@https://registry.npmjs.org/@sinonjs/fake-timers/-/fake-timers-10.3.0.tgz. Extracting by manifest.
4333 silly tarball no local data for jest-message-util@https://registry.npmjs.org/jest-message-util/-/jest-message-util-29.7.0.tgz. Extracting by manifest.
4334 silly tarball no local data for jest-mock@https://registry.npmjs.org/jest-mock/-/jest-mock-29.7.0.tgz. Extracting by manifest.
4335 silly tarball no local data for @jest/fake-timers@https://registry.npmjs.org/@jest/fake-timers/-/fake-timers-29.7.0.tgz. Extracting by manifest.
4336 silly tarball no local data for @jest/environment@https://registry.npmjs.org/@jest/environment/-/environment-29.7.0.tgz. Extracting by manifest.
4337 silly tarball no local data for is-docker@https://registry.npmjs.org/is-docker/-/is-docker-2.2.1.tgz. Extracting by manifest.
4338 silly tarball no local data for path-exists@https://registry.npmjs.org/path-exists/-/path-exists-4.0.0.tgz. Extracting by manifest.
4339 silly tarball no local data for istanbul-lib-coverage@https://registry.npmjs.org/istanbul-lib-coverage/-/istanbul-lib-coverage-3.2.2.tgz. Extracting by manifest.
4340 silly tarball no local data for rimraf@https://registry.npmjs.org/rimraf/-/rimraf-3.0.2.tgz. Extracting by manifest.
4341 silly tarball no local data for locate-path@https://registry.npmjs.org/locate-path/-/locate-path-5.0.0.tgz. Extracting by manifest.
4342 silly tarball no local data for @babel/plugin-syntax-private-property-in-object@https://registry.npmjs.org/@babel/plugin-syntax-private-property-in-object/-/plugin-syntax-private-property-in-object-7.14.5.tgz. Extracting by manifest.
4343 silly tarball no local data for is-wsl@https://registry.npmjs.org/is-wsl/-/is-wsl-2.2.0.tgz. Extracting by manifest.
4344 silly tarball no local data for lighthouse-logger@https://registry.npmjs.org/lighthouse-logger/-/lighthouse-logger-1.4.2.tgz. Extracting by manifest.
4345 silly tarball no local data for @babel/plugin-syntax-top-level-await@https://registry.npmjs.org/@babel/plugin-syntax-top-level-await/-/plugin-syntax-top-level-await-7.14.5.tgz. Extracting by manifest.
4346 silly tarball no local data for @babel/plugin-syntax-optional-catch-binding@https://registry.npmjs.org/@babel/plugin-syntax-optional-catch-binding/-/plugin-syntax-optional-catch-binding-7.8.3.tgz. Extracting by manifest.
4347 silly tarball no local data for mkdirp@https://registry.npmjs.org/mkdirp/-/mkdirp-1.0.4.tgz. Extracting by manifest.
4348 silly tarball no local data for @babel/plugin-syntax-nullish-coalescing-operator@https://registry.npmjs.org/@babel/plugin-syntax-nullish-coalescing-operator/-/plugin-syntax-nullish-coalescing-operator-7.8.3.tgz. Extracting by manifest.
4349 silly tarball no local data for @babel/plugin-syntax-logical-assignment-operators@https://registry.npmjs.org/@babel/plugin-syntax-logical-assignment-operators/-/plugin-syntax-logical-assignment-operators-7.10.4.tgz. Extracting by manifest.
4350 silly tarball no local data for @babel/plugin-syntax-optional-chaining@https://registry.npmjs.org/@babel/plugin-syntax-optional-chaining/-/plugin-syntax-optional-chaining-7.8.3.tgz. Extracting by manifest.
4351 silly tarball no local data for @babel/plugin-syntax-json-strings@https://registry.npmjs.org/@babel/plugin-syntax-json-strings/-/plugin-syntax-json-strings-7.8.3.tgz. Extracting by manifest.
4352 silly tarball no local data for @babel/plugin-syntax-numeric-separator@https://registry.npmjs.org/@babel/plugin-syntax-numeric-separator/-/plugin-syntax-numeric-separator-7.10.4.tgz. Extracting by manifest.
4353 silly tarball no local data for @babel/plugin-syntax-object-rest-spread@https://registry.npmjs.org/@babel/plugin-syntax-object-rest-spread/-/plugin-syntax-object-rest-spread-7.8.3.tgz. Extracting by manifest.
4354 silly tarball no local data for @babel/plugin-syntax-import-attributes@https://registry.npmjs.org/@babel/plugin-syntax-import-attributes/-/plugin-syntax-import-attributes-7.28.6.tgz. Extracting by manifest.
4355 silly tarball no local data for @babel/plugin-syntax-class-static-block@https://registry.npmjs.org/@babel/plugin-syntax-class-static-block/-/plugin-syntax-class-static-block-7.14.5.tgz. Extracting by manifest.
4356 silly tarball no local data for @babel/plugin-syntax-import-meta@https://registry.npmjs.org/@babel/plugin-syntax-import-meta/-/plugin-syntax-import-meta-7.10.4.tgz. Extracting by manifest.
4357 silly tarball no local data for @babel/plugin-syntax-class-properties@https://registry.npmjs.org/@babel/plugin-syntax-class-properties/-/plugin-syntax-class-properties-7.12.13.tgz. Extracting by manifest.
4358 silly tarball no local data for @babel/plugin-syntax-async-generators@https://registry.npmjs.org/@babel/plugin-syntax-async-generators/-/plugin-syntax-async-generators-7.8.4.tgz. Extracting by manifest.
4359 silly tarball no local data for @babel/plugin-syntax-bigint@https://registry.npmjs.org/@babel/plugin-syntax-bigint/-/plugin-syntax-bigint-7.8.3.tgz. Extracting by manifest.
4360 silly tarball no local data for babel-preset-current-node-syntax@https://registry.npmjs.org/babel-preset-current-node-syntax/-/babel-preset-current-node-syntax-1.2.0.tgz. Extracting by manifest.
4361 silly tarball no local data for find-up@https://registry.npmjs.org/find-up/-/find-up-4.1.0.tgz. Extracting by manifest.
4362 silly tarball no local data for @istanbuljs/schema@https://registry.npmjs.org/@istanbuljs/schema/-/schema-0.1.6.tgz. Extracting by manifest.
4363 silly tarball no local data for js-yaml@https://registry.npmjs.org/js-yaml/-/js-yaml-3.14.2.tgz. Extracting by manifest.
4364 silly tarball no local data for babel-plugin-jest-hoist@https://registry.npmjs.org/babel-plugin-jest-hoist/-/babel-plugin-jest-hoist-29.6.3.tgz. Extracting by manifest.
4365 silly tarball no local data for test-exclude@https://registry.npmjs.org/test-exclude/-/test-exclude-6.0.0.tgz. Extracting by manifest.
4366 silly tarball no local data for @types/babel__traverse@https://registry.npmjs.org/@types/babel__traverse/-/babel__traverse-7.28.0.tgz. Extracting by manifest.
4367 silly tarball no local data for @babel/helper-plugin-utils@https://registry.npmjs.org/@babel/helper-plugin-utils/-/helper-plugin-utils-7.28.6.tgz. Extracting by manifest.
4368 silly tarball no local data for istanbul-lib-instrument@https://registry.npmjs.org/istanbul-lib-instrument/-/istanbul-lib-instrument-5.2.1.tgz. Extracting by manifest.
4369 silly tarball no local data for @types/babel__template@https://registry.npmjs.org/@types/babel__template/-/babel__template-7.4.4.tgz. Extracting by manifest.
4370 silly tarball no local data for @istanbuljs/load-nyc-config@https://registry.npmjs.org/@istanbuljs/load-nyc-config/-/load-nyc-config-1.1.0.tgz. Extracting by manifest.
4371 silly tarball no local data for @types/babel__generator@https://registry.npmjs.org/@types/babel__generator/-/babel__generator-7.27.0.tgz. Extracting by manifest.
4372 silly tarball no local data for fast-json-stable-stringify@https://registry.npmjs.org/fast-json-stable-stringify/-/fast-json-stable-stringify-2.1.0.tgz. Extracting by manifest.
4373 silly tarball no local data for jest-regex-util@https://registry.npmjs.org/jest-regex-util/-/jest-regex-util-29.6.3.tgz. Extracting by manifest.
4374 silly tarball no local data for write-file-atomic@https://registry.npmjs.org/write-file-atomic/-/write-file-atomic-4.0.2.tgz. Extracting by manifest.
4375 silly tarball no local data for pirates@https://registry.npmjs.org/pirates/-/pirates-4.0.7.tgz. Extracting by manifest.
4376 silly tarball no local data for babel-plugin-istanbul@https://registry.npmjs.org/babel-plugin-istanbul/-/babel-plugin-istanbul-6.1.1.tgz. Extracting by manifest.
4377 silly tarball no local data for jest-haste-map@https://registry.npmjs.org/jest-haste-map/-/jest-haste-map-29.7.0.tgz. Extracting by manifest.
4378 silly tarball no local data for @types/babel__core@https://registry.npmjs.org/@types/babel__core/-/babel__core-7.20.5.tgz. Extracting by manifest.
4379 silly tarball no local data for @jest/transform@https://registry.npmjs.org/@jest/transform/-/transform-29.7.0.tgz. Extracting by manifest.
4380 silly tarball no local data for @isaacs/ttlcache@https://registry.npmjs.org/@isaacs/ttlcache/-/ttlcache-1.4.1.tgz. Extracting by manifest.
4381 silly tarball no local data for @react-native/debugger-frontend@https://registry.npmjs.org/@react-native/debugger-frontend/-/debugger-frontend-0.81.5.tgz. Extracting by manifest.
4382 silly tarball no local data for event-target-shim@https://registry.npmjs.org/event-target-shim/-/event-target-shim-5.0.1.tgz. Extracting by manifest.
4383 silly tarball no local data for babel-preset-jest@https://registry.npmjs.org/babel-preset-jest/-/babel-preset-jest-29.6.3.tgz. Extracting by manifest.
4384 silly tarball no local data for get-package-type@https://registry.npmjs.org/get-package-type/-/get-package-type-0.1.0.tgz. Extracting by manifest.
4385 silly tarball no local data for @react-native/dev-middleware@https://registry.npmjs.org/@react-native/dev-middleware/-/dev-middleware-0.81.5.tgz. Extracting by manifest.
4386 silly tarball no local data for open@https://registry.npmjs.org/open/-/open-7.4.2.tgz. Extracting by manifest.
4387 silly tarball no local data for chrome-launcher@https://registry.npmjs.org/chrome-launcher/-/chrome-launcher-0.15.2.tgz. Extracting by manifest.
4388 silly tarball no local data for serve-static@https://registry.npmjs.org/serve-static/-/serve-static-1.16.3.tgz. Extracting by manifest.
4389 silly tarball no local data for chromium-edge-launcher@https://registry.npmjs.org/chromium-edge-launcher/-/chromium-edge-launcher-0.2.0.tgz. Extracting by manifest.
4390 silly tarball no local data for whatwg-fetch@https://registry.npmjs.org/whatwg-fetch/-/whatwg-fetch-3.6.20.tgz. Extracting by manifest.
4391 silly tarball no local data for react-devtools-core@https://registry.npmjs.org/react-devtools-core/-/react-devtools-core-6.1.5.tgz. Extracting by manifest.
4392 silly tarball no local data for stacktrace-parser@https://registry.npmjs.org/stacktrace-parser/-/stacktrace-parser-0.1.11.tgz. Extracting by manifest.
4393 silly tarball no local data for scheduler@https://registry.npmjs.org/scheduler/-/scheduler-0.26.0.tgz. Extracting by manifest.
4394 silly tarball no local data for babel-plugin-syntax-hermes-parser@https://registry.npmjs.org/babel-plugin-syntax-hermes-parser/-/babel-plugin-syntax-hermes-parser-0.29.1.tgz. Extracting by manifest.
4395 silly tarball no local data for regenerator-runtime@https://registry.npmjs.org/regenerator-runtime/-/regenerator-runtime-0.13.11.tgz. Extracting by manifest.
4396 silly tarball no local data for promise@https://registry.npmjs.org/promise/-/promise-8.3.0.tgz. Extracting by manifest.
4397 silly tarball no local data for memoize-one@https://registry.npmjs.org/memoize-one/-/memoize-one-5.2.1.tgz. Extracting by manifest.
4398 silly tarball no local data for @react-native/normalize-colors@https://registry.npmjs.org/@react-native/normalize-colors/-/normalize-colors-0.81.5.tgz. Extracting by manifest.
4399 silly tarball no local data for @react-native/codegen@https://registry.npmjs.org/@react-native/codegen/-/codegen-0.81.5.tgz. Extracting by manifest.
4400 silly tarball no local data for jest-environment-node@https://registry.npmjs.org/jest-environment-node/-/jest-environment-node-29.7.0.tgz. Extracting by manifest.
4401 silly tarball no local data for @react-native/js-polyfills@https://registry.npmjs.org/@react-native/js-polyfills/-/js-polyfills-0.81.5.tgz. Extracting by manifest.
4402 silly tarball no local data for @react-native/gradle-plugin@https://registry.npmjs.org/@react-native/gradle-plugin/-/gradle-plugin-0.81.5.tgz. Extracting by manifest.
4403 silly tarball no local data for babel-jest@https://registry.npmjs.org/babel-jest/-/babel-jest-29.7.0.tgz. Extracting by manifest.
4404 silly tarball no local data for abort-controller@https://registry.npmjs.org/abort-controller/-/abort-controller-3.0.0.tgz. Extracting by manifest.
4405 silly tarball no local data for anser@https://registry.npmjs.org/anser/-/anser-1.4.10.tgz. Extracting by manifest.
4406 silly tarball no local data for ansi-regex@https://registry.npmjs.org/ansi-regex/-/ansi-regex-5.0.1.tgz. Extracting by manifest.
4407 silly tarball no local data for @react-native/community-cli-plugin@https://registry.npmjs.org/@react-native/community-cli-plugin/-/community-cli-plugin-0.81.5.tgz. Extracting by manifest.
4408 silly tarball no local data for @react-native/assets-registry@https://registry.npmjs.org/@react-native/assets-registry/-/assets-registry-0.81.5.tgz. Extracting by manifest.
4409 silly tarball no local data for @jest/create-cache-key-function@https://registry.npmjs.org/@jest/create-cache-key-function/-/create-cache-key-function-29.7.0.tgz. Extracting by manifest.
4410 silly tarball no local data for react-is@https://registry.npmjs.org/react-is/-/react-is-18.3.1.tgz. Extracting by manifest.
4411 silly tarball no local data for ee-first@https://registry.npmjs.org/ee-first/-/ee-first-1.1.1.tgz. Extracting by manifest.
4412 silly tarball no local data for inherits@https://registry.npmjs.org/inherits/-/inherits-2.0.4.tgz. Extracting by manifest.
4413 silly tarball no local data for yocto-queue@https://registry.npmjs.org/yocto-queue/-/yocto-queue-0.1.0.tgz. Extracting by manifest.
4414 silly tarball no local data for balanced-match@https://registry.npmjs.org/balanced-match/-/balanced-match-1.0.2.tgz. Extracting by manifest.
4415 silly tarball no local data for to-regex-range@https://registry.npmjs.org/to-regex-range/-/to-regex-range-5.0.1.tgz. Extracting by manifest.
4416 silly tarball no local data for mime-db@https://registry.npmjs.org/mime-db/-/mime-db-1.52.0.tgz. Extracting by manifest.
4417 silly tarball no local data for brace-expansion@https://registry.npmjs.org/brace-expansion/-/brace-expansion-2.1.0.tgz. Extracting by manifest.
4418 silly tarball no local data for vlq@https://registry.npmjs.org/vlq/-/vlq-1.0.1.tgz. Extracting by manifest.
4419 silly tarball no local data for @babel/traverse--for-generate-function-map@https://registry.npmjs.org/@babel/traverse/-/traverse-7.29.0.tgz. Extracting by manifest.
4420 silly tarball no local data for ob1@https://registry.npmjs.org/ob1/-/ob1-0.83.3.tgz. Extracting by manifest.
4421 silly tarball no local data for micromatch@https://registry.npmjs.org/micromatch/-/micromatch-4.0.8.tgz. Extracting by manifest.
4422 silly tarball no local data for braces@https://registry.npmjs.org/braces/-/braces-3.0.3.tgz. Extracting by manifest.
4423 silly tarball no local data for bser@https://registry.npmjs.org/bser/-/bser-2.1.1.tgz. Extracting by manifest.
4424 silly tarball no local data for terser@https://registry.npmjs.org/terser/-/terser-5.46.1.tgz. Extracting by manifest.
4425 silly tarball no local data for walker@https://registry.npmjs.org/walker/-/walker-1.0.8.tgz. Extracting by manifest.
4426 silly tarball no local data for jest-get-type@https://registry.npmjs.org/jest-get-type/-/jest-get-type-29.6.3.tgz. Extracting by manifest.
4427 silly tarball no local data for fill-range@https://registry.npmjs.org/fill-range/-/fill-range-7.1.1.tgz. Extracting by manifest.
4428 silly tarball no local data for leven@https://registry.npmjs.org/leven/-/leven-3.1.0.tgz. Extracting by manifest.
4429 silly tarball no local data for node-int64@https://registry.npmjs.org/node-int64/-/node-int64-0.4.0.tgz. Extracting by manifest.
4430 silly tarball no local data for yaml@https://registry.npmjs.org/yaml/-/yaml-2.8.3.tgz. Extracting by manifest.
4431 silly tarball no local data for @types/yargs-parser@https://registry.npmjs.org/@types/yargs-parser/-/yargs-parser-21.0.3.tgz. Extracting by manifest.
4432 silly tarball no local data for exponential-backoff@https://registry.npmjs.org/exponential-backoff/-/exponential-backoff-3.1.3.tgz. Extracting by manifest.
4433 silly tarball no local data for camelcase@https://registry.npmjs.org/camelcase/-/camelcase-6.3.0.tgz. Extracting by manifest.
4434 silly tarball no local data for fb-watchman@https://registry.npmjs.org/fb-watchman/-/fb-watchman-2.0.2.tgz. Extracting by manifest.
4435 silly tarball no local data for jest-validate@https://registry.npmjs.org/jest-validate/-/jest-validate-29.7.0.tgz. Extracting by manifest.
4436 silly tarball no local data for @types/istanbul-lib-report@https://registry.npmjs.org/@types/istanbul-lib-report/-/istanbul-lib-report-3.0.3.tgz. Extracting by manifest.
4437 silly tarball no local data for https-proxy-agent@https://registry.npmjs.org/https-proxy-agent/-/https-proxy-agent-7.0.6.tgz. Extracting by manifest.
4438 silly tarball no local data for @sinclair/typebox@https://registry.npmjs.org/@sinclair/typebox/-/typebox-0.27.10.tgz. Extracting by manifest.
4439 silly tarball no local data for @types/yargs@https://registry.npmjs.org/@types/yargs/-/yargs-17.0.35.tgz. Extracting by manifest.
4440 silly tarball no local data for agent-base@https://registry.npmjs.org/agent-base/-/agent-base-7.1.4.tgz. Extracting by manifest.
4441 silly tarball no local data for yallist@https://registry.npmjs.org/yallist/-/yallist-3.1.1.tgz. Extracting by manifest.
4442 silly tarball no local data for @types/istanbul-reports@https://registry.npmjs.org/@types/istanbul-reports/-/istanbul-reports-3.0.4.tgz. Extracting by manifest.
4443 silly tarball no local data for merge-stream@https://registry.npmjs.org/merge-stream/-/merge-stream-2.0.0.tgz. Extracting by manifest.
4444 silly tarball no local data for @types/istanbul-lib-coverage@https://registry.npmjs.org/@types/istanbul-lib-coverage/-/istanbul-lib-coverage-2.0.6.tgz. Extracting by manifest.
4445 silly tarball no local data for @jest/types@https://registry.npmjs.org/@jest/types/-/types-29.6.3.tgz. Extracting by manifest.
4446 silly tarball no local data for undici-types@https://registry.npmjs.org/undici-types/-/undici-types-7.19.2.tgz. Extracting by manifest.
4447 silly tarball no local data for @jest/schemas@https://registry.npmjs.org/@jest/schemas/-/schemas-29.6.3.tgz. Extracting by manifest.
4448 silly tarball no local data for jest-util@https://registry.npmjs.org/jest-util/-/jest-util-29.7.0.tgz. Extracting by manifest.
4449 silly tarball no local data for @types/node@https://registry.npmjs.org/@types/node/-/node-25.6.0.tgz. Extracting by manifest.
4450 silly tarball no local data for queue@https://registry.npmjs.org/queue/-/queue-6.0.2.tgz. Extracting by manifest.
4451 silly tarball no local data for hermes-estree@https://registry.npmjs.org/hermes-estree/-/hermes-estree-0.32.0.tgz. Extracting by manifest.
4452 silly tarball no local data for picomatch@https://registry.npmjs.org/picomatch/-/picomatch-2.3.2.tgz. Extracting by manifest.
4453 silly tarball no local data for statuses@https://registry.npmjs.org/statuses/-/statuses-1.5.0.tgz. Extracting by manifest.
4454 silly tarball no local data for unpipe@https://registry.npmjs.org/unpipe/-/unpipe-1.0.0.tgz. Extracting by manifest.
4455 silly tarball no local data for on-finished@https://registry.npmjs.org/on-finished/-/on-finished-2.3.0.tgz. Extracting by manifest.
4456 silly tarball no local data for encodeurl@https://registry.npmjs.org/encodeurl/-/encodeurl-1.0.2.tgz. Extracting by manifest.
4457 silly tarball no local data for escape-html@https://registry.npmjs.org/escape-html/-/escape-html-1.0.3.tgz. Extracting by manifest.
4458 silly tarball no local data for parseurl@https://registry.npmjs.org/parseurl/-/parseurl-1.3.3.tgz. Extracting by manifest.
4459 silly tarball no local data for node-releases@https://registry.npmjs.org/node-releases/-/node-releases-2.0.37.tgz. Extracting by manifest.
4460 silly tarball no local data for stackframe@https://registry.npmjs.org/stackframe/-/stackframe-1.3.4.tgz. Extracting by manifest.
4461 silly tarball no local data for electron-to-chromium@https://registry.npmjs.org/electron-to-chromium/-/electron-to-chromium-1.5.340.tgz. Extracting by manifest.
4462 silly tarball no local data for finalhandler@https://registry.npmjs.org/finalhandler/-/finalhandler-1.1.2.tgz. Extracting by manifest.
4463 silly tarball no local data for update-browserslist-db@https://registry.npmjs.org/update-browserslist-db/-/update-browserslist-db-1.2.3.tgz. Extracting by manifest.
4464 silly tarball no local data for @jridgewell/sourcemap-codec@https://registry.npmjs.org/@jridgewell/sourcemap-codec/-/sourcemap-codec-1.5.5.tgz. Extracting by manifest.
4465 silly tarball no local data for caniuse-lite@https://registry.npmjs.org/caniuse-lite/-/caniuse-lite-1.0.30001788.tgz. Extracting by manifest.
4466 silly tarball no local data for utils-merge@https://registry.npmjs.org/utils-merge/-/utils-merge-1.0.1.tgz. Extracting by manifest.
4467 silly tarball no local data for baseline-browser-mapping@https://registry.npmjs.org/baseline-browser-mapping/-/baseline-browser-mapping-2.10.20.tgz. Extracting by manifest.
4468 silly tarball no local data for negotiator@https://registry.npmjs.org/negotiator/-/negotiator-0.6.3.tgz. Extracting by manifest.
4469 silly tarball no local data for @jridgewell/resolve-uri@https://registry.npmjs.org/@jridgewell/resolve-uri/-/resolve-uri-3.1.2.tgz. Extracting by manifest.
4470 silly tarball no local data for browserslist@https://registry.npmjs.org/browserslist/-/browserslist-4.28.2.tgz. Extracting by manifest.
4471 silly tarball no local data for lru-cache@https://registry.npmjs.org/lru-cache/-/lru-cache-5.1.1.tgz. Extracting by manifest.
4472 silly tarball no local data for @babel/helper-globals@https://registry.npmjs.org/@babel/helper-globals/-/helper-globals-7.28.0.tgz. Extracting by manifest.
4473 silly tarball no local data for @jridgewell/trace-mapping@https://registry.npmjs.org/@jridgewell/trace-mapping/-/trace-mapping-0.3.31.tgz. Extracting by manifest.
4474 silly tarball no local data for @babel/helper-string-parser@https://registry.npmjs.org/@babel/helper-string-parser/-/helper-string-parser-7.27.1.tgz. Extracting by manifest.
4475 silly tarball no local data for jsesc@https://registry.npmjs.org/jsesc/-/jsesc-3.1.0.tgz. Extracting by manifest.
4476 silly tarball no local data for @babel/helper-module-imports@https://registry.npmjs.org/@babel/helper-module-imports/-/helper-module-imports-7.28.6.tgz. Extracting by manifest.
4477 silly tarball no local data for gensync@https://registry.npmjs.org/gensync/-/gensync-1.0.0-beta.2.tgz. Extracting by manifest.
4478 silly tarball no local data for @jridgewell/gen-mapping@https://registry.npmjs.org/@jridgewell/gen-mapping/-/gen-mapping-0.3.13.tgz. Extracting by manifest.
4479 silly tarball no local data for @babel/helper-validator-option@https://registry.npmjs.org/@babel/helper-validator-option/-/helper-validator-option-7.27.1.tgz. Extracting by manifest.
4480 silly tarball no local data for convert-source-map@https://registry.npmjs.org/convert-source-map/-/convert-source-map-2.0.0.tgz. Extracting by manifest.
4481 silly tarball no local data for @babel/compat-data@https://registry.npmjs.org/@babel/compat-data/-/compat-data-7.29.0.tgz. Extracting by manifest.
4482 silly tarball no local data for @jridgewell/remapping@https://registry.npmjs.org/@jridgewell/remapping/-/remapping-2.3.5.tgz. Extracting by manifest.
4483 silly tarball no local data for yargs@https://registry.npmjs.org/yargs/-/yargs-17.7.2.tgz. Extracting by manifest.
4484 silly tarball no local data for source-map@https://registry.npmjs.org/source-map/-/source-map-0.5.7.tgz. Extracting by manifest.
4485 silly tarball no local data for @babel/helper-module-transforms@https://registry.npmjs.org/@babel/helper-module-transforms/-/helper-module-transforms-7.28.6.tgz. Extracting by manifest.
4486 silly tarball no local data for jsc-safe-url@https://registry.npmjs.org/jsc-safe-url/-/jsc-safe-url-0.2.4.tgz. Extracting by manifest.
4487 silly tarball no local data for @babel/helpers@https://registry.npmjs.org/@babel/helpers/-/helpers-7.29.2.tgz. Extracting by manifest.
4488 silly tarball no local data for @babel/helper-compilation-targets@https://registry.npmjs.org/@babel/helper-compilation-targets/-/helper-compilation-targets-7.28.6.tgz. Extracting by manifest.
4489 silly tarball no local data for throat@https://registry.npmjs.org/throat/-/throat-5.0.0.tgz. Extracting by manifest.
4490 silly tarball no local data for nullthrows@https://registry.npmjs.org/nullthrows/-/nullthrows-1.1.1.tgz. Extracting by manifest.
4491 silly tarball no local data for serialize-error@https://registry.npmjs.org/serialize-error/-/serialize-error-2.1.0.tgz. Extracting by manifest.
4492 silly tarball no local data for mime-types@https://registry.npmjs.org/mime-types/-/mime-types-2.1.35.tgz. Extracting by manifest.
4493 silly tarball no local data for ws@https://registry.npmjs.org/ws/-/ws-7.5.10.tgz. Extracting by manifest.
4494 silly tarball no local data for image-size@https://registry.npmjs.org/image-size/-/image-size-1.2.1.tgz. Extracting by manifest.
4495 silly tarball no local data for lodash.throttle@https://registry.npmjs.org/lodash.throttle/-/lodash.throttle-4.1.1.tgz. Extracting by manifest.
4496 silly tarball no local data for jest-worker@https://registry.npmjs.org/jest-worker/-/jest-worker-29.7.0.tgz. Extracting by manifest.
4497 silly tarball no local data for flow-enums-runtime@https://registry.npmjs.org/flow-enums-runtime/-/flow-enums-runtime-0.0.6.tgz. Extracting by manifest.
4498 silly tarball no local data for connect@https://registry.npmjs.org/connect/-/connect-3.7.0.tgz. Extracting by manifest.
4499 silly tarball no local data for graceful-fs@https://registry.npmjs.org/graceful-fs/-/graceful-fs-4.2.11.tgz. Extracting by manifest.
4500 silly tarball no local data for @babel/template@https://registry.npmjs.org/@babel/template/-/template-7.28.6.tgz. Extracting by manifest.
4501 silly tarball no local data for hermes-parser@https://registry.npmjs.org/hermes-parser/-/hermes-parser-0.32.0.tgz. Extracting by manifest.
4502 silly tarball no local data for @babel/types@https://registry.npmjs.org/@babel/types/-/types-7.29.0.tgz. Extracting by manifest.
4503 silly tarball no local data for error-stack-parser@https://registry.npmjs.org/error-stack-parser/-/error-stack-parser-2.1.4.tgz. Extracting by manifest.
4504 silly tarball no local data for accepts@https://registry.npmjs.org/accepts/-/accepts-1.3.8.tgz. Extracting by manifest.
4505 silly tarball no local data for @babel/parser@https://registry.npmjs.org/@babel/parser/-/parser-7.29.2.tgz. Extracting by manifest.
4506 silly tarball no local data for @babel/generator@https://registry.npmjs.org/@babel/generator/-/generator-7.29.1.tgz. Extracting by manifest.
4507 silly tarball no local data for ci-info@https://registry.npmjs.org/ci-info/-/ci-info-2.0.0.tgz. Extracting by manifest.
4508 silly tarball no local data for loose-envify@https://registry.npmjs.org/loose-envify/-/loose-envify-1.4.0.tgz. Extracting by manifest.
4509 silly tarball no local data for @babel/traverse@https://registry.npmjs.org/@babel/traverse/-/traverse-7.29.0.tgz. Extracting by manifest.
4510 silly tarball no local data for minipass@https://registry.npmjs.org/minipass/-/minipass-7.1.3.tgz. Extracting by manifest.
4511 silly tarball no local data for invariant@https://registry.npmjs.org/invariant/-/invariant-2.2.4.tgz. Extracting by manifest.
4512 silly tarball no local data for @babel/core@https://registry.npmjs.org/@babel/core/-/core-7.29.0.tgz. Extracting by manifest.
4513 silly tarball no local data for commander@https://registry.npmjs.org/commander/-/commander-7.2.0.tgz. Extracting by manifest.
4514 silly tarball no local data for react-native-is-edge-to-edge@https://registry.npmjs.org/react-native-is-edge-to-edge/-/react-native-is-edge-to-edge-1.3.1.tgz. Extracting by manifest.
4515 silly tarball no local data for color-name@https://registry.npmjs.org/color-name/-/color-name-1.1.3.tgz. Extracting by manifest.
4516 silly tarball no local data for path-scurry@https://registry.npmjs.org/path-scurry/-/path-scurry-2.0.2.tgz. Extracting by manifest.
4517 silly tarball no local data for path-key@https://registry.npmjs.org/path-key/-/path-key-3.1.1.tgz. Extracting by manifest.
4518 silly tarball no local data for shebang-command@https://registry.npmjs.org/shebang-command/-/shebang-command-2.0.0.tgz. Extracting by manifest.
4519 silly tarball no local data for which@https://registry.npmjs.org/which/-/which-2.0.2.tgz. Extracting by manifest.
4520 silly tarball no local data for color-convert@https://registry.npmjs.org/color-convert/-/color-convert-1.9.3.tgz. Extracting by manifest.
4521 silly tarball no local data for cross-spawn@https://registry.npmjs.org/cross-spawn/-/cross-spawn-7.0.6.tgz. Extracting by manifest.
4522 silly tarball no local data for ms@https://registry.npmjs.org/ms/-/ms-2.1.3.tgz. Extracting by manifest.
4523 silly tarball no local data for ansi-styles@https://registry.npmjs.org/ansi-styles/-/ansi-styles-3.2.1.tgz. Extracting by manifest.
4524 silly tarball no local data for base64-js@https://registry.npmjs.org/base64-js/-/base64-js-1.5.1.tgz. Extracting by manifest.
4525 silly tarball no local data for metro-transform-worker@https://registry.npmjs.org/metro-transform-worker/-/metro-transform-worker-0.83.3.tgz. Extracting by manifest.
4526 silly tarball no local data for escape-string-regexp@https://registry.npmjs.org/escape-string-regexp/-/escape-string-regexp-1.0.5.tgz. Extracting by manifest.
4527 silly tarball no local data for @xmldom/xmldom@https://registry.npmjs.org/@xmldom/xmldom/-/xmldom-0.8.13.tgz. Extracting by manifest.
4528 silly tarball no local data for xmlbuilder@https://registry.npmjs.org/xmlbuilder/-/xmlbuilder-15.1.1.tgz. Extracting by manifest.
4529 silly tarball no local data for metro-transform-plugins@https://registry.npmjs.org/metro-transform-plugins/-/metro-transform-plugins-0.83.3.tgz. Extracting by manifest.
4530 silly tarball no local data for metro-symbolicate@https://registry.npmjs.org/metro-symbolicate/-/metro-symbolicate-0.83.3.tgz. Extracting by manifest.
4531 silly tarball no local data for metro-resolver@https://registry.npmjs.org/metro-resolver/-/metro-resolver-0.83.3.tgz. Extracting by manifest.
4532 silly tarball no local data for metro-source-map@https://registry.npmjs.org/metro-source-map/-/metro-source-map-0.83.3.tgz. Extracting by manifest.
4533 silly tarball no local data for metro-runtime@https://registry.npmjs.org/metro-runtime/-/metro-runtime-0.83.3.tgz. Extracting by manifest.
4534 silly tarball no local data for metro-cache-key@https://registry.npmjs.org/metro-cache-key/-/metro-cache-key-0.83.3.tgz. Extracting by manifest.
4535 silly tarball no local data for metro-core@https://registry.npmjs.org/metro-core/-/metro-core-0.83.3.tgz. Extracting by manifest.
4536 silly tarball no local data for metro-minify-terser@https://registry.npmjs.org/metro-minify-terser/-/metro-minify-terser-0.83.3.tgz. Extracting by manifest.
4537 silly tarball no local data for metro-file-map@https://registry.npmjs.org/metro-file-map/-/metro-file-map-0.83.3.tgz. Extracting by manifest.
4538 silly tarball no local data for metro-config@https://registry.npmjs.org/metro-config/-/metro-config-0.83.3.tgz. Extracting by manifest.
4539 silly tarball no local data for p-limit@https://registry.npmjs.org/p-limit/-/p-limit-3.1.0.tgz. Extracting by manifest.
4540 silly tarball no local data for metro-babel-transformer@https://registry.npmjs.org/metro-babel-transformer/-/metro-babel-transformer-0.83.3.tgz. Extracting by manifest.
4541 silly tarball no local data for metro-cache@https://registry.npmjs.org/metro-cache/-/metro-cache-0.83.3.tgz. Extracting by manifest.
4542 silly tarball no local data for metro@https://registry.npmjs.org/metro/-/metro-0.83.3.tgz. Extracting by manifest.
4543 silly tarball no local data for json5@https://registry.npmjs.org/json5/-/json5-2.2.3.tgz. Extracting by manifest.
4544 silly tarball no local data for xml2js@https://registry.npmjs.org/xml2js/-/xml2js-0.6.0.tgz. Extracting by manifest.
4545 silly tarball no local data for minimatch@https://registry.npmjs.org/minimatch/-/minimatch-9.0.9.tgz. Extracting by manifest.
4546 silly tarball no local data for ignore@https://registry.npmjs.org/ignore/-/ignore-5.3.2.tgz. Extracting by manifest.
4547 silly tarball no local data for @expo/plist@https://registry.npmjs.org/@expo/plist/-/plist-0.4.8.tgz. Extracting by manifest.
4548 silly tarball no local data for arg@https://registry.npmjs.org/arg/-/arg-5.0.2.tgz. Extracting by manifest.
4549 silly tarball no local data for supports-color@https://registry.npmjs.org/supports-color/-/supports-color-5.5.0.tgz. Extracting by manifest.
4550 silly tarball no local data for @expo/spawn-async@https://registry.npmjs.org/@expo/spawn-async/-/spawn-async-1.7.2.tgz. Extracting by manifest.
4551 silly tarball no local data for @expo/sdk-runtime-versions@https://registry.npmjs.org/@expo/sdk-runtime-versions/-/sdk-runtime-versions-1.0.0.tgz. Extracting by manifest.
4552 silly tarball no local data for slash@https://registry.npmjs.org/slash/-/slash-3.0.0.tgz. Extracting by manifest.
4553 silly tarball no local data for js-tokens@https://registry.npmjs.org/js-tokens/-/js-tokens-4.0.0.tgz. Extracting by manifest.
4554 silly tarball no local data for xcode@https://registry.npmjs.org/xcode/-/xcode-3.0.1.tgz. Extracting by manifest.
4555 silly tarball no local data for debug@https://registry.npmjs.org/debug/-/debug-4.4.3.tgz. Extracting by manifest.
4556 silly tarball no local data for @babel/helper-validator-identifier@https://registry.npmjs.org/@babel/helper-validator-identifier/-/helper-validator-identifier-7.28.5.tgz. Extracting by manifest.
4557 silly tarball no local data for picocolors@https://registry.npmjs.org/picocolors/-/picocolors-1.1.1.tgz. Extracting by manifest.
4558 silly tarball no local data for chalk@https://registry.npmjs.org/chalk/-/chalk-2.4.2.tgz. Extracting by manifest.
4559 silly tarball no local data for semver@https://registry.npmjs.org/semver/-/semver-7.7.4.tgz. Extracting by manifest.
4560 silly tarball no local data for @babel/highlight@https://registry.npmjs.org/@babel/highlight/-/highlight-7.25.9.tgz. Extracting by manifest.
4561 silly tarball no local data for sucrase@https://registry.npmjs.org/sucrase/-/sucrase-3.35.1.tgz. Extracting by manifest.
4562 silly tarball no local data for getenv@https://registry.npmjs.org/getenv/-/getenv-2.0.0.tgz. Extracting by manifest.
4563 silly tarball no local data for resolve-from@https://registry.npmjs.org/resolve-from/-/resolve-from-5.0.0.tgz. Extracting by manifest.
4564 silly tarball no local data for slugify@https://registry.npmjs.org/slugify/-/slugify-1.6.9.tgz. Extracting by manifest.
4565 silly tarball no local data for @expo/json-file@https://registry.npmjs.org/@expo/json-file/-/json-file-10.0.13.tgz. Extracting by manifest.
4566 silly tarball no local data for require-from-string@https://registry.npmjs.org/require-from-string/-/require-from-string-2.0.2.tgz. Extracting by manifest.
4567 silly tarball no local data for deepmerge@https://registry.npmjs.org/deepmerge/-/deepmerge-4.3.1.tgz. Extracting by manifest.
4568 silly tarball no local data for resolve-workspace-root@https://registry.npmjs.org/resolve-workspace-root/-/resolve-workspace-root-2.0.1.tgz. Extracting by manifest.
4569 silly tarball no local data for glob@https://registry.npmjs.org/glob/-/glob-13.0.6.tgz. Extracting by manifest.
4570 silly tarball no local data for @babel/code-frame@https://registry.npmjs.org/@babel/code-frame/-/code-frame-7.10.4.tgz. Extracting by manifest.
4571 silly tarball no local data for @expo/config-types@https://registry.npmjs.org/@expo/config-types/-/config-types-54.0.10.tgz. Extracting by manifest.
4572 silly tarball no local data for expo-modules-autolinking@https://registry.npmjs.org/expo-modules-autolinking/-/expo-modules-autolinking-3.0.24.tgz. Extracting by manifest.
4573 silly tarball no local data for pretty-format@https://registry.npmjs.org/pretty-format/-/pretty-format-29.7.0.tgz. Extracting by manifest.
4574 silly tarball no local data for expo-modules-core@https://registry.npmjs.org/expo-modules-core/-/expo-modules-core-3.0.29.tgz. Extracting by manifest.
4575 silly tarball no local data for whatwg-url-without-unicode@https://registry.npmjs.org/whatwg-url-without-unicode/-/whatwg-url-without-unicode-8.0.0-3.tgz. Extracting by manifest.
4576 silly tarball no local data for @ungap/structured-clone@https://registry.npmjs.org/@ungap/structured-clone/-/structured-clone-1.3.0.tgz. Extracting by manifest.
4577 silly tarball no local data for react-refresh@https://registry.npmjs.org/react-refresh/-/react-refresh-0.14.2.tgz. Extracting by manifest.
4578 silly tarball no local data for @babel/runtime@https://registry.npmjs.org/@babel/runtime/-/runtime-7.29.2.tgz. Extracting by manifest.
4579 silly tarball no local data for @expo/config@https://registry.npmjs.org/@expo/config/-/config-12.0.13.tgz. Extracting by manifest.
4580 silly tarball no local data for @expo/metro@https://registry.npmjs.org/@expo/metro/-/metro-54.2.0.tgz. Extracting by manifest.
4581 silly tarball no local data for @expo/fingerprint@https://registry.npmjs.org/@expo/fingerprint/-/fingerprint-0.15.4.tgz. Extracting by manifest.
4582 silly tarball no local data for @expo/devtools@https://registry.npmjs.org/@expo/devtools/-/devtools-0.1.8.tgz. Extracting by manifest.
4583 silly tarball no local data for react@https://registry.npmjs.org/react/-/react-19.1.0.tgz. Extracting by manifest.
4584 silly tarball no local data for @expo/config-plugins@https://registry.npmjs.org/@expo/config-plugins/-/config-plugins-54.0.4.tgz. Extracting by manifest.
4585 silly tarball no local data for semver@https://registry.npmjs.org/semver/-/semver-6.3.1.tgz. Extracting by manifest.
4586 silly tarball no local data for react-native@https://registry.npmjs.org/react-native/-/react-native-0.81.5.tgz. Extracting by manifest.
4587 silly tarball no local data for expo-status-bar@https://registry.npmjs.org/expo-status-bar/-/expo-status-bar-3.0.9.tgz. Extracting by manifest.
4588 silly tarball no local data for semver@https://registry.npmjs.org/semver/-/semver-6.3.1.tgz. Extracting by manifest.
4589 silly tarball no local data for expo@https://registry.npmjs.org/expo/-/expo-54.0.33.tgz. Extracting by manifest.
4590 silly tarball no local data for semver@https://registry.npmjs.org/semver/-/semver-6.3.1.tgz. Extracting by manifest.
4591 silly tarball no local data for supports-color@https://registry.npmjs.org/supports-color/-/supports-color-7.2.0.tgz. Extracting by manifest.
4592 silly tarball no local data for semver@https://registry.npmjs.org/semver/-/semver-6.3.1.tgz. Extracting by manifest.
4593 silly tarball no local data for yallist@https://registry.npmjs.org/yallist/-/yallist-5.0.0.tgz. Extracting by manifest.
4594 silly tarball no local data for lru-cache@https://registry.npmjs.org/lru-cache/-/lru-cache-10.4.3.tgz. Extracting by manifest.
4595 silly tarball no local data for @babel/code-frame@https://registry.npmjs.org/@babel/code-frame/-/code-frame-7.29.0.tgz. Extracting by manifest.
4596 silly tarball no local data for has-flag@https://registry.npmjs.org/has-flag/-/has-flag-4.0.0.tgz. Extracting by manifest.
4597 silly tarball no local data for type-fest@https://registry.npmjs.org/type-fest/-/type-fest-0.21.3.tgz. Extracting by manifest.
4598 silly tarball no local data for resolve@https://registry.npmjs.org/resolve/-/resolve-1.7.1.tgz. Extracting by manifest.
4599 silly tarball no local data for open@https://registry.npmjs.org/open/-/open-8.4.2.tgz. Extracting by manifest.
4600 silly tarball no local data for ansi-regex@https://registry.npmjs.org/ansi-regex/-/ansi-regex-4.1.1.tgz. Extracting by manifest.
4601 silly tarball no local data for ms@https://registry.npmjs.org/ms/-/ms-2.0.0.tgz. Extracting by manifest.
4602 silly tarball no local data for strip-ansi@https://registry.npmjs.org/strip-ansi/-/strip-ansi-5.2.0.tgz. Extracting by manifest.
4603 silly tarball no local data for negotiator@https://registry.npmjs.org/negotiator/-/negotiator-0.6.4.tgz. Extracting by manifest.
4604 silly tarball no local data for color-convert@https://registry.npmjs.org/color-convert/-/color-convert-2.0.1.tgz. Extracting by manifest.
4605 silly tarball no local data for debug@https://registry.npmjs.org/debug/-/debug-2.6.9.tgz. Extracting by manifest.
4606 silly tarball no local data for has-flag@https://registry.npmjs.org/has-flag/-/has-flag-4.0.0.tgz. Extracting by manifest.
4607 silly tarball no local data for color-name@https://registry.npmjs.org/color-name/-/color-name-1.1.4.tgz. Extracting by manifest.
4608 silly tarball no local data for argparse@https://registry.npmjs.org/argparse/-/argparse-2.0.1.tgz. Extracting by manifest.
4609 silly tarball no local data for ansi-styles@https://registry.npmjs.org/ansi-styles/-/ansi-styles-4.3.0.tgz. Extracting by manifest.
4610 silly tarball no local data for chalk@https://registry.npmjs.org/chalk/-/chalk-4.1.2.tgz. Extracting by manifest.
4611 silly tarball no local data for supports-color@https://registry.npmjs.org/supports-color/-/supports-color-7.2.0.tgz. Extracting by manifest.
4612 silly tarball no local data for @babel/code-frame@https://registry.npmjs.org/@babel/code-frame/-/code-frame-7.29.0.tgz. Extracting by manifest.
4613 silly tarball no local data for color-name@https://registry.npmjs.org/color-name/-/color-name-1.1.4.tgz. Extracting by manifest.
4614 silly tarball no local data for has-flag@https://registry.npmjs.org/has-flag/-/has-flag-4.0.0.tgz. Extracting by manifest.
4615 silly tarball no local data for color-convert@https://registry.npmjs.org/color-convert/-/color-convert-2.0.1.tgz. Extracting by manifest.
4616 silly tarball no local data for supports-color@https://registry.npmjs.org/supports-color/-/supports-color-7.2.0.tgz. Extracting by manifest.
4617 silly tarball no local data for js-yaml@https://registry.npmjs.org/js-yaml/-/js-yaml-4.1.1.tgz. Extracting by manifest.
4618 silly tarball no local data for color-convert@https://registry.npmjs.org/color-convert/-/color-convert-2.0.1.tgz. Extracting by manifest.
4619 silly tarball no local data for color-name@https://registry.npmjs.org/color-name/-/color-name-1.1.4.tgz. Extracting by manifest.
4620 silly tarball no local data for supports-color@https://registry.npmjs.org/supports-color/-/supports-color-7.2.0.tgz. Extracting by manifest.
4621 silly tarball no local data for ansi-styles@https://registry.npmjs.org/ansi-styles/-/ansi-styles-4.3.0.tgz. Extracting by manifest.
4622 silly tarball no local data for has-flag@https://registry.npmjs.org/has-flag/-/has-flag-4.0.0.tgz. Extracting by manifest.
4623 silly tarball no local data for has-flag@https://registry.npmjs.org/has-flag/-/has-flag-4.0.0.tgz. Extracting by manifest.
4624 silly tarball no local data for color-name@https://registry.npmjs.org/color-name/-/color-name-1.1.4.tgz. Extracting by manifest.
4625 silly tarball no local data for supports-color@https://registry.npmjs.org/supports-color/-/supports-color-7.2.0.tgz. Extracting by manifest.
4626 silly tarball no local data for color-convert@https://registry.npmjs.org/color-convert/-/color-convert-2.0.1.tgz. Extracting by manifest.
4627 silly tarball no local data for debug@https://registry.npmjs.org/debug/-/debug-3.2.7.tgz. Extracting by manifest.
4628 silly tarball no local data for chalk@https://registry.npmjs.org/chalk/-/chalk-4.1.2.tgz. Extracting by manifest.
4629 silly tarball no local data for chalk@https://registry.npmjs.org/chalk/-/chalk-4.1.2.tgz. Extracting by manifest.
4630 silly tarball no local data for ansi-styles@https://registry.npmjs.org/ansi-styles/-/ansi-styles-4.3.0.tgz. Extracting by manifest.
4631 silly tarball no local data for chalk@https://registry.npmjs.org/chalk/-/chalk-4.1.2.tgz. Extracting by manifest.
4632 silly tarball no local data for ansi-styles@https://registry.npmjs.org/ansi-styles/-/ansi-styles-4.3.0.tgz. Extracting by manifest.
4633 silly tarball no local data for statuses@https://registry.npmjs.org/statuses/-/statuses-2.0.2.tgz. Extracting by manifest.
4634 silly tarball no local data for color-convert@https://registry.npmjs.org/color-convert/-/color-convert-2.0.1.tgz. Extracting by manifest.
4635 silly tarball no local data for statuses@https://registry.npmjs.org/statuses/-/statuses-2.0.2.tgz. Extracting by manifest.
4636 silly tarball no local data for source-map@https://registry.npmjs.org/source-map/-/source-map-0.6.1.tgz. Extracting by manifest.
4637 silly tarball no local data for fdir@https://registry.npmjs.org/fdir/-/fdir-6.5.0.tgz. Extracting by manifest.
4638 silly tarball no local data for picomatch@https://registry.npmjs.org/picomatch/-/picomatch-4.0.4.tgz. Extracting by manifest.
4639 silly tarball no local data for color-name@https://registry.npmjs.org/color-name/-/color-name-1.1.4.tgz. Extracting by manifest.
4640 silly tarball no local data for escape-string-regexp@https://registry.npmjs.org/escape-string-regexp/-/escape-string-regexp-2.0.0.tgz. Extracting by manifest.
4641 silly tarball no local data for on-finished@https://registry.npmjs.org/on-finished/-/on-finished-2.4.1.tgz. Extracting by manifest.
4642 silly tarball no local data for ms@https://registry.npmjs.org/ms/-/ms-2.0.0.tgz. Extracting by manifest.
4643 silly tarball no local data for p-limit@https://registry.npmjs.org/p-limit/-/p-limit-2.3.0.tgz. Extracting by manifest.
4644 silly tarball no local data for debug@https://registry.npmjs.org/debug/-/debug-2.6.9.tgz. Extracting by manifest.
4645 silly tarball no local data for encodeurl@https://registry.npmjs.org/encodeurl/-/encodeurl-2.0.0.tgz. Extracting by manifest.
4646 silly tarball no local data for has-flag@https://registry.npmjs.org/has-flag/-/has-flag-4.0.0.tgz. Extracting by manifest.
4647 silly tarball no local data for color-convert@https://registry.npmjs.org/color-convert/-/color-convert-2.0.1.tgz. Extracting by manifest.
4648 silly tarball no local data for ansi-styles@https://registry.npmjs.org/ansi-styles/-/ansi-styles-4.3.0.tgz. Extracting by manifest.
4649 silly tarball no local data for supports-color@https://registry.npmjs.org/supports-color/-/supports-color-7.2.0.tgz. Extracting by manifest.
4650 silly tarball no local data for color-name@https://registry.npmjs.org/color-name/-/color-name-1.1.4.tgz. Extracting by manifest.
4651 silly tarball no local data for @babel/code-frame@https://registry.npmjs.org/@babel/code-frame/-/code-frame-7.29.0.tgz. Extracting by manifest.
4652 silly tarball no local data for chalk@https://registry.npmjs.org/chalk/-/chalk-4.1.2.tgz. Extracting by manifest.
4653 silly tarball no local data for brace-expansion@https://registry.npmjs.org/brace-expansion/-/brace-expansion-1.1.14.tgz. Extracting by manifest.
4654 silly tarball no local data for minimatch@https://registry.npmjs.org/minimatch/-/minimatch-3.1.5.tgz. Extracting by manifest.
4655 silly tarball no local data for glob@https://registry.npmjs.org/glob/-/glob-7.2.3.tgz. Extracting by manifest.
4656 silly tarball no local data for ansi-styles@https://registry.npmjs.org/ansi-styles/-/ansi-styles-4.3.0.tgz. Extracting by manifest.
4657 silly tarball no local data for debug@https://registry.npmjs.org/debug/-/debug-2.6.9.tgz. Extracting by manifest.
4658 silly tarball no local data for ms@https://registry.npmjs.org/ms/-/ms-2.0.0.tgz. Extracting by manifest.
4659 silly tarball no local data for brace-expansion@https://registry.npmjs.org/brace-expansion/-/brace-expansion-1.1.14.tgz. Extracting by manifest.
4660 silly tarball no local data for glob@https://registry.npmjs.org/glob/-/glob-7.2.3.tgz. Extracting by manifest.
4661 silly tarball no local data for minimatch@https://registry.npmjs.org/minimatch/-/minimatch-3.1.5.tgz. Extracting by manifest.
4662 silly tarball no local data for camelcase@https://registry.npmjs.org/camelcase/-/camelcase-5.3.1.tgz. Extracting by manifest.
4663 silly tarball no local data for encodeurl@https://registry.npmjs.org/encodeurl/-/encodeurl-2.0.0.tgz. Extracting by manifest.
4664 silly tarball no local data for semver@https://registry.npmjs.org/semver/-/semver-6.3.1.tgz. Extracting by manifest.
4665 silly tarball no local data for color-convert@https://registry.npmjs.org/color-convert/-/color-convert-2.0.1.tgz. Extracting by manifest.
4666 silly tarball no local data for escape-string-regexp@https://registry.npmjs.org/escape-string-regexp/-/escape-string-regexp-4.0.0.tgz. Extracting by manifest.
4667 silly tarball no local data for escape-string-regexp@https://registry.npmjs.org/escape-string-regexp/-/escape-string-regexp-4.0.0.tgz. Extracting by manifest.
4668 silly tarball no local data for color-name@https://registry.npmjs.org/color-name/-/color-name-1.1.4.tgz. Extracting by manifest.
4669 silly tarball no local data for ansi-styles@https://registry.npmjs.org/ansi-styles/-/ansi-styles-4.3.0.tgz. Extracting by manifest.
4670 silly tarball no local data for has-flag@https://registry.npmjs.org/has-flag/-/has-flag-4.0.0.tgz. Extracting by manifest.
4671 silly tarball no local data for has-flag@https://registry.npmjs.org/has-flag/-/has-flag-4.0.0.tgz. Extracting by manifest.
4672 silly tarball no local data for ws@https://registry.npmjs.org/ws/-/ws-6.2.3.tgz. Extracting by manifest.
4673 silly tarball no local data for hermes-parser@https://registry.npmjs.org/hermes-parser/-/hermes-parser-0.29.1.tgz. Extracting by manifest.
4674 silly tarball no local data for color-name@https://registry.npmjs.org/color-name/-/color-name-1.1.4.tgz. Extracting by manifest.
4675 silly tarball no local data for hermes-estree@https://registry.npmjs.org/hermes-estree/-/hermes-estree-0.29.1.tgz. Extracting by manifest.
4676 silly tarball no local data for chalk@https://registry.npmjs.org/chalk/-/chalk-4.1.2.tgz. Extracting by manifest.
4677 silly tarball no local data for color-convert@https://registry.npmjs.org/color-convert/-/color-convert-2.0.1.tgz. Extracting by manifest.
4678 silly tarball no local data for supports-color@https://registry.npmjs.org/supports-color/-/supports-color-7.2.0.tgz. Extracting by manifest.
4679 silly tarball no local data for supports-color@https://registry.npmjs.org/supports-color/-/supports-color-7.2.0.tgz. Extracting by manifest.
4680 silly tarball no local data for minimatch@https://registry.npmjs.org/minimatch/-/minimatch-3.1.5.tgz. Extracting by manifest.
4681 silly tarball no local data for ansi-styles@https://registry.npmjs.org/ansi-styles/-/ansi-styles-4.3.0.tgz. Extracting by manifest.
4682 silly tarball no local data for chalk@https://registry.npmjs.org/chalk/-/chalk-4.1.2.tgz. Extracting by manifest.
4683 silly tarball no local data for hermes-estree@https://registry.npmjs.org/hermes-estree/-/hermes-estree-0.29.1.tgz. Extracting by manifest.
4684 silly tarball no local data for brace-expansion@https://registry.npmjs.org/brace-expansion/-/brace-expansion-1.1.14.tgz. Extracting by manifest.
4685 silly tarball no local data for @babel/code-frame@https://registry.npmjs.org/@babel/code-frame/-/code-frame-7.29.0.tgz. Extracting by manifest.
4686 silly tarball no local data for glob@https://registry.npmjs.org/glob/-/glob-7.2.3.tgz. Extracting by manifest.
4687 silly tarball no local data for hermes-parser@https://registry.npmjs.org/hermes-parser/-/hermes-parser-0.29.1.tgz. Extracting by manifest.
4688 silly tarball no local data for commander@https://registry.npmjs.org/commander/-/commander-2.20.3.tgz. Extracting by manifest.
4689 silly tarball no local data for color-name@https://registry.npmjs.org/color-name/-/color-name-1.1.4.tgz. Extracting by manifest.
4690 silly tarball no local data for supports-color@https://registry.npmjs.org/supports-color/-/supports-color-7.2.0.tgz. Extracting by manifest.
4691 silly tarball no local data for ansi-styles@https://registry.npmjs.org/ansi-styles/-/ansi-styles-4.3.0.tgz. Extracting by manifest.
4692 silly tarball no local data for has-flag@https://registry.npmjs.org/has-flag/-/has-flag-4.0.0.tgz. Extracting by manifest.
4693 silly tarball no local data for has-flag@https://registry.npmjs.org/has-flag/-/has-flag-4.0.0.tgz. Extracting by manifest.
4694 silly tarball no local data for chalk@https://registry.npmjs.org/chalk/-/chalk-4.1.2.tgz. Extracting by manifest.
4695 silly tarball no local data for has-flag@https://registry.npmjs.org/has-flag/-/has-flag-4.0.0.tgz. Extracting by manifest.
4696 silly tarball no local data for ansi-styles@https://registry.npmjs.org/ansi-styles/-/ansi-styles-4.3.0.tgz. Extracting by manifest.
4697 silly tarball no local data for color-convert@https://registry.npmjs.org/color-convert/-/color-convert-2.0.1.tgz. Extracting by manifest.
4698 silly tarball no local data for color-name@https://registry.npmjs.org/color-name/-/color-name-1.1.4.tgz. Extracting by manifest.
4699 silly tarball no local data for color-name@https://registry.npmjs.org/color-name/-/color-name-1.1.4.tgz. Extracting by manifest.
4700 silly tarball no local data for color-convert@https://registry.npmjs.org/color-convert/-/color-convert-2.0.1.tgz. Extracting by manifest.
4701 silly tarball no local data for chalk@https://registry.npmjs.org/chalk/-/chalk-4.1.2.tgz. Extracting by manifest.
4702 silly tarball no local data for supports-color@https://registry.npmjs.org/supports-color/-/supports-color-7.2.0.tgz. Extracting by manifest.
4703 silly tarball no local data for ms@https://registry.npmjs.org/ms/-/ms-2.0.0.tgz. Extracting by manifest.
4704 silly tarball no local data for color-convert@https://registry.npmjs.org/color-convert/-/color-convert-2.0.1.tgz. Extracting by manifest.
4705 silly tarball no local data for semver@https://registry.npmjs.org/semver/-/semver-6.3.1.tgz. Extracting by manifest.
4706 silly tarball no local data for debug@https://registry.npmjs.org/debug/-/debug-2.6.9.tgz. Extracting by manifest.
4707 silly tarball no local data for supports-color@https://registry.npmjs.org/supports-color/-/supports-color-8.1.1.tgz. Extracting by manifest.
4708 silly tarball no local data for supports-color@https://registry.npmjs.org/supports-color/-/supports-color-7.2.0.tgz. Extracting by manifest.
4709 silly tarball no local data for has-flag@https://registry.npmjs.org/has-flag/-/has-flag-4.0.0.tgz. Extracting by manifest.
4710 silly tarball no local data for ms@https://registry.npmjs.org/ms/-/ms-2.0.0.tgz. Extracting by manifest.
4711 silly tarball no local data for debug@https://registry.npmjs.org/debug/-/debug-2.6.9.tgz. Extracting by manifest.
4712 silly tarball no local data for @babel/code-frame@https://registry.npmjs.org/@babel/code-frame/-/code-frame-7.29.0.tgz. Extracting by manifest.
4713 silly tarball no local data for @babel/code-frame@https://registry.npmjs.org/@babel/code-frame/-/code-frame-7.29.0.tgz. Extracting by manifest.
4714 silly tarball no local data for ci-info@https://registry.npmjs.org/ci-info/-/ci-info-3.9.0.tgz. Extracting by manifest.
4715 silly tarball no local data for lru-cache@https://registry.npmjs.org/lru-cache/-/lru-cache-11.3.5.tgz. Extracting by manifest.
4716 silly tarball no local data for ansi-styles@https://registry.npmjs.org/ansi-styles/-/ansi-styles-4.3.0.tgz. Extracting by manifest.
4717 silly tarball no local data for semver@https://registry.npmjs.org/semver/-/semver-6.3.1.tgz. Extracting by manifest.
4718 silly tarball no local data for @babel/code-frame@https://registry.npmjs.org/@babel/code-frame/-/code-frame-7.29.0.tgz. Extracting by manifest.
4719 silly tarball no local data for has-flag@https://registry.npmjs.org/has-flag/-/has-flag-4.0.0.tgz. Extracting by manifest.
4720 silly tarball no local data for color-convert@https://registry.npmjs.org/color-convert/-/color-convert-2.0.1.tgz. Extracting by manifest.
4721 silly tarball no local data for supports-color@https://registry.npmjs.org/supports-color/-/supports-color-7.2.0.tgz. Extracting by manifest.
4722 silly tarball no local data for ansi-styles@https://registry.npmjs.org/ansi-styles/-/ansi-styles-4.3.0.tgz. Extracting by manifest.
4723 silly tarball no local data for chalk@https://registry.npmjs.org/chalk/-/chalk-4.1.2.tgz. Extracting by manifest.
4724 silly tarball no local data for @babel/code-frame@https://registry.npmjs.org/@babel/code-frame/-/code-frame-7.29.0.tgz. Extracting by manifest.
4725 silly tarball no local data for chalk@https://registry.npmjs.org/chalk/-/chalk-4.1.2.tgz. Extracting by manifest.
4726 silly tarball no local data for commander@https://registry.npmjs.org/commander/-/commander-4.1.1.tgz. Extracting by manifest.
4727 silly tarball no local data for xmlbuilder@https://registry.npmjs.org/xmlbuilder/-/xmlbuilder-11.0.1.tgz. Extracting by manifest.
4728 silly tarball no local data for minimatch@https://registry.npmjs.org/minimatch/-/minimatch-10.2.5.tgz. Extracting by manifest.
4729 silly tarball no local data for brace-expansion@https://registry.npmjs.org/brace-expansion/-/brace-expansion-5.0.5.tgz. Extracting by manifest.
4730 silly tarball no local data for @babel/code-frame@https://registry.npmjs.org/@babel/code-frame/-/code-frame-7.29.0.tgz. Extracting by manifest.
4731 silly tarball no local data for color-name@https://registry.npmjs.org/color-name/-/color-name-1.1.4.tgz. Extracting by manifest.
4732 silly tarball no local data for ansi-styles@https://registry.npmjs.org/ansi-styles/-/ansi-styles-5.2.0.tgz. Extracting by manifest.
4733 silly tarball no local data for has-flag@https://registry.npmjs.org/has-flag/-/has-flag-4.0.0.tgz. Extracting by manifest.
4734 silly tarball no local data for balanced-match@https://registry.npmjs.org/balanced-match/-/balanced-match-4.0.4.tgz. Extracting by manifest.
4735 silly tarball no local data for color-convert@https://registry.npmjs.org/color-convert/-/color-convert-2.0.1.tgz. Extracting by manifest.
4736 silly tarball no local data for supports-color@https://registry.npmjs.org/supports-color/-/supports-color-7.2.0.tgz. Extracting by manifest.
4737 silly tarball no local data for color-name@https://registry.npmjs.org/color-name/-/color-name-1.1.4.tgz. Extracting by manifest.
4738 silly tarball no local data for supports-color@https://registry.npmjs.org/supports-color/-/supports-color-7.2.0.tgz. Extracting by manifest.
4739 silly tarball no local data for ansi-styles@https://registry.npmjs.org/ansi-styles/-/ansi-styles-4.3.0.tgz. Extracting by manifest.
4740 silly tarball no local data for color-convert@https://registry.npmjs.org/color-convert/-/color-convert-2.0.1.tgz. Extracting by manifest.
4741 silly tarball no local data for color-name@https://registry.npmjs.org/color-name/-/color-name-1.1.4.tgz. Extracting by manifest.
4742 silly tarball no local data for chalk@https://registry.npmjs.org/chalk/-/chalk-4.1.2.tgz. Extracting by manifest.
4743 silly tarball no local data for color-name@https://registry.npmjs.org/color-name/-/color-name-1.1.4.tgz. Extracting by manifest.
4744 silly tarball no local data for has-flag@https://registry.npmjs.org/has-flag/-/has-flag-4.0.0.tgz. Extracting by manifest.
4745 silly tarball no local data for color-convert@https://registry.npmjs.org/color-convert/-/color-convert-2.0.1.tgz. Extracting by manifest.
4746 silly tarball no local data for has-flag@https://registry.npmjs.org/has-flag/-/has-flag-4.0.0.tgz. Extracting by manifest.
4747 silly tarball no local data for color-name@https://registry.npmjs.org/color-name/-/color-name-1.1.4.tgz. Extracting by manifest.
4748 silly tarball no local data for ansi-styles@https://registry.npmjs.org/ansi-styles/-/ansi-styles-4.3.0.tgz. Extracting by manifest.
4749 silly tarball no local data for supports-color@https://registry.npmjs.org/supports-color/-/supports-color-7.2.0.tgz. Extracting by manifest.
4750 silly tarball no local data for has-flag@https://registry.npmjs.org/has-flag/-/has-flag-4.0.0.tgz. Extracting by manifest.
4751 silly tarball no local data for minimatch@https://registry.npmjs.org/minimatch/-/minimatch-3.1.5.tgz. Extracting by manifest.
4752 silly tarball no local data for chalk@https://registry.npmjs.org/chalk/-/chalk-4.1.2.tgz. Extracting by manifest.
4753 silly tarball no local data for color-convert@https://registry.npmjs.org/color-convert/-/color-convert-2.0.1.tgz. Extracting by manifest.
4754 silly tarball no local data for brace-expansion@https://registry.npmjs.org/brace-expansion/-/brace-expansion-1.1.14.tgz. Extracting by manifest.
4755 silly tarball no local data for ws@https://registry.npmjs.org/ws/-/ws-6.2.3.tgz. Extracting by manifest.
4756 silly tarball no local data for @react-native/virtualized-lists@https://registry.npmjs.org/@react-native/virtualized-lists/-/virtualized-lists-0.81.5.tgz. Extracting by manifest.
4757 silly tarball no local data for supports-color@https://registry.npmjs.org/supports-color/-/supports-color-7.2.0.tgz. Extracting by manifest.
4758 silly tarball no local data for commander@https://registry.npmjs.org/commander/-/commander-12.1.0.tgz. Extracting by manifest.
4759 silly tarball no local data for chalk@https://registry.npmjs.org/chalk/-/chalk-4.1.2.tgz. Extracting by manifest.
4760 silly tarball no local data for has-flag@https://registry.npmjs.org/has-flag/-/has-flag-4.0.0.tgz. Extracting by manifest.
4761 silly tarball no local data for color-name@https://registry.npmjs.org/color-name/-/color-name-1.1.4.tgz. Extracting by manifest.
4762 silly tarball no local data for ansi-styles@https://registry.npmjs.org/ansi-styles/-/ansi-styles-4.3.0.tgz. Extracting by manifest.
4763 silly tarball no local data for glob@https://registry.npmjs.org/glob/-/glob-7.2.3.tgz. Extracting by manifest.
4764 silly tarball no local data for ansi-styles@https://registry.npmjs.org/ansi-styles/-/ansi-styles-4.3.0.tgz. Extracting by manifest.
4765 silly tarball no local data for chalk@https://registry.npmjs.org/chalk/-/chalk-4.1.2.tgz. Extracting by manifest.
4766 silly tarball no local data for @babel/code-frame@https://registry.npmjs.org/@babel/code-frame/-/code-frame-7.29.0.tgz. Extracting by manifest.
4767 silly tarball no local data for color-convert@https://registry.npmjs.org/color-convert/-/color-convert-2.0.1.tgz. Extracting by manifest.
4768 silly tarball no local data for supports-color@https://registry.npmjs.org/supports-color/-/supports-color-7.2.0.tgz. Extracting by manifest.
4769 silly tarball no local data for hermes-estree@https://registry.npmjs.org/hermes-estree/-/hermes-estree-0.29.1.tgz. Extracting by manifest.
4770 silly tarball no local data for hermes-parser@https://registry.npmjs.org/hermes-parser/-/hermes-parser-0.29.1.tgz. Extracting by manifest.
4771 silly tarball no local data for expo-file-system@https://registry.npmjs.org/expo-file-system/-/expo-file-system-19.0.21.tgz. Extracting by manifest.
4772 silly tarball no local data for ws@https://registry.npmjs.org/ws/-/ws-8.20.0.tgz. Extracting by manifest.
4773 silly tarball no local data for picomatch@https://registry.npmjs.org/picomatch/-/picomatch-3.0.2.tgz. Extracting by manifest.
4774 silly tarball no local data for expo-keep-awake@https://registry.npmjs.org/expo-keep-awake/-/expo-keep-awake-15.0.8.tgz. Extracting by manifest.
4775 silly tarball no local data for ci-info@https://registry.npmjs.org/ci-info/-/ci-info-3.9.0.tgz. Extracting by manifest.
4776 silly tarball no local data for expo-constants@https://registry.npmjs.org/expo-constants/-/expo-constants-18.0.13.tgz. Extracting by manifest.
4777 silly tarball no local data for chalk@https://registry.npmjs.org/chalk/-/chalk-4.1.2.tgz. Extracting by manifest.
4778 silly tarball no local data for babel-preset-expo@https://registry.npmjs.org/babel-preset-expo/-/babel-preset-expo-54.0.10.tgz. Extracting by manifest.
4779 silly tarball no local data for ansi-styles@https://registry.npmjs.org/ansi-styles/-/ansi-styles-4.3.0.tgz. Extracting by manifest.
4780 silly tarball no local data for @expo/prebuild-config@https://registry.npmjs.org/@expo/prebuild-config/-/prebuild-config-54.0.8.tgz. Extracting by manifest.
4781 silly tarball no local data for @expo/vector-icons@https://registry.npmjs.org/@expo/vector-icons/-/vector-icons-15.1.1.tgz. Extracting by manifest.
4782 silly tarball no local data for expo-asset@https://registry.npmjs.org/expo-asset/-/expo-asset-12.0.12.tgz. Extracting by manifest.
4783 silly tarball no local data for expo-font@https://registry.npmjs.org/expo-font/-/expo-font-14.0.11.tgz. Extracting by manifest.
4784 silly tarball no local data for @expo/metro-config@https://registry.npmjs.org/@expo/metro-config/-/metro-config-54.0.14.tgz. Extracting by manifest.
4785 silly tarball no local data for @expo/cli@https://registry.npmjs.org/@expo/cli/-/cli-54.0.23.tgz. Extracting by manifest.
4786 http fetch POST 200 https://registry.npmjs.org/-/npm/v1/security/advisories/bulk 554ms
4787 silly audit report {}
4788 http fetch GET 200 https://registry.npmjs.org/p-try/-/p-try-2.2.0.tgz 392ms (cache miss)
4789 http fetch GET 200 https://registry.npmjs.org/unicode-match-property-value-ecmascript/-/unicode-match-property-value-ecmascript-2.2.1.tgz 392ms (cache miss)
4790 http fetch GET 200 https://registry.npmjs.org/unicode-property-aliases-ecmascript/-/unicode-property-aliases-ecmascript-2.2.0.tgz 394ms (cache miss)
4791 http fetch GET 200 https://registry.npmjs.org/unicode-match-property-ecmascript/-/unicode-match-property-ecmascript-2.0.0.tgz 394ms (cache miss)
4792 http fetch GET 200 https://registry.npmjs.org/unicode-canonical-property-names-ecmascript/-/unicode-canonical-property-names-ecmascript-2.0.1.tgz 394ms (cache miss)
4793 http fetch GET 200 https://registry.npmjs.org/regjsgen/-/regjsgen-0.8.0.tgz 394ms (cache miss)
4794 http fetch GET 200 https://registry.npmjs.org/fontfaceobserver/-/fontfaceobserver-2.3.0.tgz 398ms (cache miss)
4795 http fetch GET 200 https://registry.npmjs.org/regjsparser/-/regjsparser-0.13.1.tgz 398ms (cache miss)
4796 http fetch GET 200 https://registry.npmjs.org/regenerate/-/regenerate-1.4.2.tgz 441ms (cache miss)
4797 http fetch GET 200 https://registry.npmjs.org/regexpu-core/-/regexpu-core-6.4.0.tgz 486ms (cache miss)
4798 http fetch GET 200 https://registry.npmjs.org/lodash.debounce/-/lodash.debounce-4.0.8.tgz 611ms (cache miss)
4799 http fetch GET 200 https://registry.npmjs.org/core-js-compat/-/core-js-compat-3.49.0.tgz 615ms (cache miss)
4800 http fetch GET 200 https://registry.npmjs.org/@babel/plugin-transform-unicode-regex/-/plugin-transform-unicode-regex-7.27.1.tgz 686ms (cache miss)
4801 http fetch GET 200 https://registry.npmjs.org/@babel/plugin-transform-react-jsx-self/-/plugin-transform-react-jsx-self-7.27.1.tgz 694ms (cache miss)
4802 http fetch GET 200 https://registry.npmjs.org/@babel/helper-create-regexp-features-plugin/-/helper-create-regexp-features-plugin-7.28.5.tgz 698ms (cache miss)
4803 http fetch GET 200 https://registry.npmjs.org/@babel/plugin-transform-sticky-regex/-/plugin-transform-sticky-regex-7.27.1.tgz 698ms (cache miss)
4804 http fetch GET 200 https://registry.npmjs.org/@babel/plugin-transform-shorthand-properties/-/plugin-transform-shorthand-properties-7.27.1.tgz 703ms (cache miss)
4805 http fetch GET 200 https://registry.npmjs.org/@babel/helper-define-polyfill-provider/-/helper-define-polyfill-provider-0.6.8.tgz 765ms (cache miss)
4806 http fetch GET 200 https://registry.npmjs.org/@babel/plugin-transform-spread/-/plugin-transform-spread-7.28.6.tgz 765ms (cache miss)
4807 http fetch GET 200 https://registry.npmjs.org/@babel/plugin-transform-optional-chaining/-/plugin-transform-optional-chaining-7.28.6.tgz 762ms (cache miss)
4808 http fetch GET 200 https://registry.npmjs.org/@babel/plugin-transform-optional-catch-binding/-/plugin-transform-optional-catch-binding-7.28.6.tgz 764ms (cache miss)
4809 http fetch GET 200 https://registry.npmjs.org/@babel/plugin-transform-regenerator/-/plugin-transform-regenerator-7.29.0.tgz 799ms (cache miss)
4810 http fetch GET 200 https://registry.npmjs.org/@babel/helper-wrap-function/-/helper-wrap-function-7.28.6.tgz 861ms (cache miss)
4811 http fetch GET 200 https://registry.npmjs.org/@react-native/babel-plugin-codegen/-/babel-plugin-codegen-0.81.5.tgz 926ms (cache miss)
4812 http fetch GET 200 https://registry.npmjs.org/@babel/plugin-transform-named-capturing-groups-regex/-/plugin-transform-named-capturing-groups-regex-7.29.0.tgz 920ms (cache miss)
4813 http fetch GET 200 https://registry.npmjs.org/@babel/plugin-transform-react-jsx-source/-/plugin-transform-react-jsx-source-7.27.1.tgz 923ms (cache miss)
4814 http fetch GET 200 https://registry.npmjs.org/@babel/plugin-transform-numeric-separator/-/plugin-transform-numeric-separator-7.28.6.tgz 1006ms (cache miss)
4815 http fetch GET 200 https://registry.npmjs.org/@babel/plugin-transform-literals/-/plugin-transform-literals-7.27.1.tgz 1010ms (cache miss)
4816 http fetch GET 200 https://registry.npmjs.org/@babel/plugin-transform-class-properties/-/plugin-transform-class-properties-7.28.6.tgz 1009ms (cache miss)
4817 http fetch GET 200 https://registry.npmjs.org/@babel/plugin-transform-nullish-coalescing-operator/-/plugin-transform-nullish-coalescing-operator-7.28.6.tgz 1018ms (cache miss)
4818 http fetch GET 200 https://registry.npmjs.org/@babel/plugin-transform-for-of/-/plugin-transform-for-of-7.27.1.tgz 1019ms (cache miss)
4819 http fetch GET 200 https://registry.npmjs.org/@babel/plugin-transform-logical-assignment-operators/-/plugin-transform-logical-assignment-operators-7.28.6.tgz 1018ms (cache miss)
4820 http fetch GET 200 https://registry.npmjs.org/babel-plugin-polyfill-regenerator/-/babel-plugin-polyfill-regenerator-0.6.8.tgz 1182ms (cache miss)
4821 http fetch GET 200 https://registry.npmjs.org/@babel/plugin-transform-function-name/-/plugin-transform-function-name-7.27.1.tgz 1186ms (cache miss)
4822 http fetch GET 200 https://registry.npmjs.org/@babel/plugin-transform-computed-properties/-/plugin-transform-computed-properties-7.28.6.tgz 1189ms (cache miss)
4823 http fetch GET 200 https://registry.npmjs.org/@babel/plugin-transform-async-to-generator/-/plugin-transform-async-to-generator-7.28.6.tgz 1188ms (cache miss)
4824 http fetch GET 200 https://registry.npmjs.org/@babel/plugin-transform-classes/-/plugin-transform-classes-7.28.6.tgz 1202ms (cache miss)
4825 http fetch GET 200 https://registry.npmjs.org/@babel/plugin-transform-arrow-functions/-/plugin-transform-arrow-functions-7.27.1.tgz 1236ms (cache miss)
4826 http fetch GET 200 https://registry.npmjs.org/@babel/plugin-syntax-typescript/-/plugin-syntax-typescript-7.28.6.tgz 1237ms (cache miss)
4827 http fetch GET 200 https://registry.npmjs.org/@babel/plugin-transform-async-generator-functions/-/plugin-transform-async-generator-functions-7.29.0.tgz 1246ms (cache miss)
4828 http fetch GET 200 https://registry.npmjs.org/@babel/plugin-transform-block-scoping/-/plugin-transform-block-scoping-7.28.6.tgz 1248ms (cache miss)
4829 http fetch GET 200 https://registry.npmjs.org/babel-plugin-polyfill-corejs2/-/babel-plugin-polyfill-corejs2-0.4.17.tgz 1248ms (cache miss)
4830 http fetch GET 200 https://registry.npmjs.org/babel-plugin-polyfill-corejs3/-/babel-plugin-polyfill-corejs3-0.13.0.tgz 1267ms (cache miss)
4831 http fetch GET 200 https://registry.npmjs.org/regenerate-unicode-properties/-/regenerate-unicode-properties-10.2.2.tgz 1283ms (cache miss)
4832 http fetch GET 200 https://registry.npmjs.org/babel-plugin-transform-flow-enums/-/babel-plugin-transform-flow-enums-0.0.2.tgz 1338ms (cache miss)
4833 http fetch GET 200 https://registry.npmjs.org/@babel/plugin-syntax-jsx/-/plugin-syntax-jsx-7.28.6.tgz 1342ms (cache miss)
4834 http fetch GET 200 https://registry.npmjs.org/@babel/plugin-transform-react-jsx-development/-/plugin-transform-react-jsx-development-7.27.1.tgz 1344ms (cache miss)
4835 http fetch GET 200 https://registry.npmjs.org/@babel/plugin-syntax-dynamic-import/-/plugin-syntax-dynamic-import-7.8.3.tgz 1344ms (cache miss)
4836 http fetch GET 200 https://registry.npmjs.org/@babel/plugin-transform-react-pure-annotations/-/plugin-transform-react-pure-annotations-7.27.1.tgz 1350ms (cache miss)
4837 http fetch GET 200 https://registry.npmjs.org/babel-plugin-react-native-web/-/babel-plugin-react-native-web-0.21.2.tgz 1415ms (cache miss)
4838 http fetch GET 200 https://registry.npmjs.org/@babel/plugin-transform-typescript/-/plugin-transform-typescript-7.28.6.tgz 1437ms (cache miss)
4839 http fetch GET 200 https://registry.npmjs.org/@babel/helper-skip-transparent-expression-wrappers/-/helper-skip-transparent-expression-wrappers-7.27.1.tgz 1594ms (cache miss)
4840 http fetch GET 200 https://registry.npmjs.org/@babel/plugin-transform-react-display-name/-/plugin-transform-react-display-name-7.28.0.tgz 1616ms (cache miss)
4841 http fetch GET 200 https://registry.npmjs.org/@babel/plugin-syntax-flow/-/plugin-syntax-flow-7.28.6.tgz 1616ms (cache miss)
4842 http fetch GET 200 https://registry.npmjs.org/@babel/helper-optimise-call-expression/-/helper-optimise-call-expression-7.27.1.tgz 1623ms (cache miss)
4843 http fetch GET 200 https://registry.npmjs.org/@babel/plugin-transform-destructuring/-/plugin-transform-destructuring-7.28.5.tgz 1626ms (cache miss)
4844 http fetch GET 200 https://registry.npmjs.org/@babel/helper-member-expression-to-functions/-/helper-member-expression-to-functions-7.28.5.tgz 1629ms (cache miss)
4845 http fetch GET 200 https://registry.npmjs.org/@babel/helper-replace-supers/-/helper-replace-supers-7.28.6.tgz 1630ms (cache miss)
4846 http fetch GET 200 https://registry.npmjs.org/@babel/plugin-transform-react-jsx/-/plugin-transform-react-jsx-7.28.6.tgz 1634ms (cache miss)
4847 http fetch GET 200 https://registry.npmjs.org/@babel/plugin-syntax-decorators/-/plugin-syntax-decorators-7.28.6.tgz 1657ms (cache miss)
4848 http fetch GET 200 https://registry.npmjs.org/@react-native/babel-preset/-/babel-preset-0.81.5.tgz 1657ms (cache miss)
4849 http fetch GET 200 https://registry.npmjs.org/@babel/helper-annotate-as-pure/-/helper-annotate-as-pure-7.27.3.tgz 1662ms (cache miss)
4850 http fetch GET 200 https://registry.npmjs.org/@babel/preset-typescript/-/preset-typescript-7.28.5.tgz 1762ms (cache miss)
4851 http fetch GET 200 https://registry.npmjs.org/source-map-js/-/source-map-js-1.2.1.tgz 1762ms (cache miss)
4852 http fetch GET 200 https://registry.npmjs.org/nanoid/-/nanoid-3.3.11.tgz 2037ms (cache miss)
4853 http fetch GET 200 https://registry.npmjs.org/@babel/preset-react/-/preset-react-7.28.5.tgz 2069ms (cache miss)
4854 http fetch GET 200 https://registry.npmjs.org/@babel/plugin-proposal-export-default-from/-/plugin-proposal-export-default-from-7.27.1.tgz 2081ms (cache miss)
4855 http fetch GET 200 https://registry.npmjs.org/@babel/plugin-syntax-export-default-from/-/plugin-syntax-export-default-from-7.28.6.tgz 2083ms (cache miss)
4856 http fetch GET 200 https://registry.npmjs.org/@babel/plugin-transform-flow-strip-types/-/plugin-transform-flow-strip-types-7.27.1.tgz 2097ms (cache miss)
4857 http fetch GET 200 https://registry.npmjs.org/@babel/plugin-transform-class-static-block/-/plugin-transform-class-static-block-7.28.6.tgz 2099ms (cache miss)
4858 http fetch GET 200 https://registry.npmjs.org/define-lazy-prop/-/define-lazy-prop-2.0.0.tgz 2102ms (cache miss)
4859 http fetch GET 200 https://registry.npmjs.org/@babel/helper-create-class-features-plugin/-/helper-create-class-features-plugin-7.28.6.tgz 2110ms (cache miss)
4860 http fetch GET 200 https://registry.npmjs.org/@babel/plugin-transform-parameters/-/plugin-transform-parameters-7.27.7.tgz 2125ms (cache miss)
4861 http fetch GET 200 https://registry.npmjs.org/detect-libc/-/detect-libc-2.1.2.tgz 2121ms (cache miss)
4862 http fetch GET 200 https://registry.npmjs.org/@babel/plugin-transform-runtime/-/plugin-transform-runtime-7.29.0.tgz 2129ms (cache miss)
4863 http fetch GET 200 https://registry.npmjs.org/defaults/-/defaults-1.0.4.tgz 2152ms (cache miss)
4864 http fetch GET 200 https://registry.npmjs.org/clone/-/clone-1.0.4.tgz 2163ms (cache miss)
4865 http fetch GET 200 https://registry.npmjs.org/lightningcss/-/lightningcss-1.32.0.tgz 2242ms (cache miss)
4866 http fetch GET 200 https://registry.npmjs.org/onetime/-/onetime-2.0.1.tgz 2264ms (cache miss)
4867 http fetch GET 200 https://registry.npmjs.org/function-bind/-/function-bind-1.1.2.tgz 2269ms (cache miss)
4868 http fetch GET 200 https://registry.npmjs.org/supports-hyperlinks/-/supports-hyperlinks-2.3.0.tgz 2273ms (cache miss)
4869 http fetch GET 200 https://registry.npmjs.org/ansi-escapes/-/ansi-escapes-4.3.2.tgz 2282ms (cache miss)
4870 http fetch GET 200 https://registry.npmjs.org/babel-plugin-react-compiler/-/babel-plugin-react-compiler-1.0.0.tgz 2300ms (cache miss)
4871 http fetch GET 200 https://registry.npmjs.org/postcss/-/postcss-8.4.49.tgz 2294ms (cache miss)
4872 http fetch GET 200 https://registry.npmjs.org/chownr/-/chownr-3.0.0.tgz 2294ms (cache miss)
4873 http fetch GET 200 https://registry.npmjs.org/@babel/plugin-transform-private-property-in-object/-/plugin-transform-private-property-in-object-7.28.6.tgz 2322ms (cache miss)
4874 http fetch GET 200 https://registry.npmjs.org/hasown/-/hasown-2.0.3.tgz 2320ms (cache miss)
4875 http fetch GET 200 https://registry.npmjs.org/minizlib/-/minizlib-3.1.0.tgz 2336ms (cache miss)
4876 http fetch GET 200 https://registry.npmjs.org/mimic-fn/-/mimic-fn-1.2.0.tgz 2387ms (cache miss)
4877 http fetch GET 200 https://registry.npmjs.org/is-core-module/-/is-core-module-2.16.1.tgz 2417ms (cache miss)
4878 http fetch GET 200 https://registry.npmjs.org/@babel/plugin-transform-private-methods/-/plugin-transform-private-methods-7.28.6.tgz 2428ms (cache miss)
4879 http fetch GET 200 https://registry.npmjs.org/path-parse/-/path-parse-1.0.7.tgz 2420ms (cache miss)
4880 http fetch GET 200 https://registry.npmjs.org/@babel/plugin-transform-export-namespace-from/-/plugin-transform-export-namespace-from-7.27.1.tgz 2428ms (cache miss)
4881 http fetch GET 200 https://registry.npmjs.org/strip-json-comments/-/strip-json-comments-2.0.1.tgz 2423ms (cache miss)
4882 http fetch GET 200 https://registry.npmjs.org/supports-preserve-symlinks-flag/-/supports-preserve-symlinks-flag-1.0.0.tgz 2423ms (cache miss)
4883 http fetch GET 200 https://registry.npmjs.org/@babel/plugin-transform-object-rest-spread/-/plugin-transform-object-rest-spread-7.28.6.tgz 2436ms (cache miss)
4884 http fetch GET 200 https://registry.npmjs.org/@babel/plugin-proposal-decorators/-/plugin-proposal-decorators-7.29.0.tgz 2433ms (cache miss)
4885 http fetch GET 200 https://registry.npmjs.org/minimist/-/minimist-1.2.8.tgz 2427ms (cache miss)
4886 http fetch GET 200 https://registry.npmjs.org/deep-extend/-/deep-extend-0.6.0.tgz 2431ms (cache miss)
4887 http fetch GET 200 https://registry.npmjs.org/es-errors/-/es-errors-1.3.0.tgz 2445ms (cache miss)
4888 http fetch GET 200 https://registry.npmjs.org/@isaacs/fs-minipass/-/fs-minipass-4.0.1.tgz 2502ms (cache miss)
4889 http fetch GET 200 https://registry.npmjs.org/nested-error-stacks/-/nested-error-stacks-2.0.1.tgz 2498ms (cache miss)
4890 http fetch GET 200 https://registry.npmjs.org/restore-cursor/-/restore-cursor-2.0.0.tgz 2500ms (cache miss)
4891 http fetch GET 200 https://registry.npmjs.org/sisteransi/-/sisteransi-1.0.5.tgz 2502ms (cache miss)
4892 http fetch GET 200 https://registry.npmjs.org/rc/-/rc-1.2.8.tgz 2503ms (cache miss)
4893 http fetch GET 200 https://registry.npmjs.org/validate-npm-package-name/-/validate-npm-package-name-5.0.1.tgz 2502ms (cache miss)
4894 http fetch GET 200 https://registry.npmjs.org/kleur/-/kleur-3.0.3.tgz 2504ms (cache miss)
4895 http fetch GET 200 https://registry.npmjs.org/ini/-/ini-1.3.8.tgz 2506ms (cache miss)
4896 http fetch GET 200 https://registry.npmjs.org/vary/-/vary-1.1.2.tgz 2504ms (cache miss)
4897 http fetch GET 200 https://registry.npmjs.org/cli-spinners/-/cli-spinners-2.9.2.tgz 2509ms (cache miss)
4898 http fetch GET 200 https://registry.npmjs.org/wcwidth/-/wcwidth-1.0.1.tgz 2514ms (cache miss)
4899 http fetch GET 200 https://registry.npmjs.org/log-symbols/-/log-symbols-2.2.0.tgz 2595ms (cache miss)
4900 http fetch GET 200 https://registry.npmjs.org/proc-log/-/proc-log-4.2.0.tgz 2594ms (cache miss)
4901 http fetch GET 200 https://registry.npmjs.org/compressible/-/compressible-2.0.18.tgz 2595ms (cache miss)
4902 http fetch GET 200 https://registry.npmjs.org/cli-cursor/-/cli-cursor-2.1.0.tgz 2597ms (cache miss)
4903 http fetch GET 200 https://registry.npmjs.org/safe-buffer/-/safe-buffer-5.2.1.tgz 2597ms (cache miss)
4904 http fetch GET 200 https://registry.npmjs.org/on-headers/-/on-headers-1.1.0.tgz 2601ms (cache miss)
4905 http fetch GET 200 https://registry.npmjs.org/hosted-git-info/-/hosted-git-info-7.0.2.tgz 2604ms (cache miss)
4906 http fetch GET 200 https://registry.npmjs.org/bytes/-/bytes-3.1.2.tgz 2621ms (cache miss)
4907 http fetch GET 200 https://registry.npmjs.org/terminal-link/-/terminal-link-2.1.1.tgz 2658ms (cache miss)
4908 http fetch GET 200 https://registry.npmjs.org/parse-png/-/parse-png-2.1.0.tgz 2663ms (cache miss)
4909 http fetch GET 200 https://registry.npmjs.org/pngjs/-/pngjs-3.4.0.tgz 2671ms (cache miss)
4910 http fetch GET 200 https://registry.npmjs.org/dotenv-expand/-/dotenv-expand-11.0.7.tgz 2676ms (cache miss)
4911 http fetch GET 200 https://registry.npmjs.org/progress/-/progress-2.0.3.tgz 2720ms (cache miss)
4912 http fetch GET 200 https://registry.npmjs.org/dotenv/-/dotenv-16.4.7.tgz 2736ms (cache miss)
4913 http fetch GET 200 https://registry.npmjs.org/requireg/-/requireg-0.2.2.tgz 2753ms (cache miss)
4914 http fetch GET 200 https://registry.npmjs.org/structured-headers/-/structured-headers-0.4.1.tgz 2758ms (cache miss)
4915 http fetch GET 200 https://registry.npmjs.org/resolve.exports/-/resolve.exports-2.0.3.tgz 2758ms (cache miss)
4916 http fetch GET 200 https://registry.npmjs.org/ora/-/ora-3.4.0.tgz 2762ms (cache miss)
4917 http fetch GET 200 https://registry.npmjs.org/wonka/-/wonka-6.3.6.tgz 2785ms (cache miss)
4918 http fetch GET 200 https://registry.npmjs.org/jimp-compact/-/jimp-compact-0.16.1.tgz 2830ms (cache miss)
4919 http fetch GET 200 https://registry.npmjs.org/pretty-bytes/-/pretty-bytes-5.6.0.tgz 2858ms (cache miss)
4920 http fetch GET 200 https://registry.npmjs.org/lan-network/-/lan-network-0.1.7.tgz 2963ms (cache miss)
4921 http fetch GET 200 https://registry.npmjs.org/env-editor/-/env-editor-0.4.2.tgz 2993ms (cache miss)
4922 http fetch GET 200 https://registry.npmjs.org/freeport-async/-/freeport-async-2.0.0.tgz 2997ms (cache miss)
4923 http fetch GET 200 https://registry.npmjs.org/compression/-/compression-1.8.1.tgz 3005ms (cache miss)
4924 http fetch GET 200 https://registry.npmjs.org/npm-package-arg/-/npm-package-arg-11.0.3.tgz 3009ms (cache miss)
4925 http fetch GET 200 https://registry.npmjs.org/@babel/plugin-transform-modules-commonjs/-/plugin-transform-modules-commonjs-7.28.6.tgz 3151ms (cache miss)
4926 http fetch GET 200 https://registry.npmjs.org/@expo/sudo-prompt/-/sudo-prompt-9.3.2.tgz 3153ms (cache miss)
4927 http fetch GET 200 https://registry.npmjs.org/wrappy/-/wrappy-1.0.2.tgz 3153ms (cache miss)
4928 http fetch GET 200 https://registry.npmjs.org/better-opn/-/better-opn-3.0.2.tgz 3223ms (cache miss)
4929 http fetch GET 200 https://registry.npmjs.org/prompts/-/prompts-2.4.2.tgz 3235ms (cache miss)
4930 http fetch GET 200 https://registry.npmjs.org/concat-map/-/concat-map-0.0.1.tgz 3240ms (cache miss)
4931 http fetch GET 200 https://registry.npmjs.org/qrcode-terminal/-/qrcode-terminal-0.11.0.tgz 3263ms (cache miss)
4932 http fetch GET 200 https://registry.npmjs.org/@expo/require-utils/-/require-utils-55.0.4.tgz 3298ms (cache miss)
4933 http fetch GET 200 https://registry.npmjs.org/resolve/-/resolve-1.22.12.tgz 3298ms (cache miss)
4934 http fetch GET 200 https://registry.npmjs.org/@urql/core/-/core-5.2.0.tgz 3311ms (cache miss)
4935 http fetch GET 200 https://registry.npmjs.org/once/-/once-1.4.0.tgz 3389ms (cache miss)
4936 http fetch GET 200 https://registry.npmjs.org/@urql/exchange-retry/-/exchange-retry-1.3.2.tgz 3428ms (cache miss)
4937 http fetch GET 200 https://registry.npmjs.org/async-limiter/-/async-limiter-1.0.1.tgz 3426ms (cache miss)
4938 http fetch GET 200 https://registry.npmjs.org/@expo/env/-/env-2.0.11.tgz 3437ms (cache miss)
4939 http fetch GET 200 https://registry.npmjs.org/is-fullwidth-code-point/-/is-fullwidth-code-point-3.0.0.tgz 3442ms (cache miss)
4940 http fetch GET 200 https://registry.npmjs.org/emoji-regex/-/emoji-regex-8.0.0.tgz 3441ms (cache miss)
4941 http fetch GET 200 https://registry.npmjs.org/inflight/-/inflight-1.0.6.tgz 3450ms (cache miss)
4942 warn deprecated inflight@1.0.6: This module is not supported, and leaks memory. Do not use it. Check out lru-cache if you want a good and tested way to coalesce async requests by a key value, which is much more comprehensive and powerful.
4943 http fetch GET 200 https://registry.npmjs.org/node-forge/-/node-forge-1.4.0.tgz 3479ms (cache miss)
4944 http fetch GET 200 https://registry.npmjs.org/@expo/schema-utils/-/schema-utils-0.1.8.tgz 3485ms (cache miss)
4945 http fetch GET 200 https://registry.npmjs.org/@expo/ws-tunnel/-/ws-tunnel-1.0.6.tgz 3507ms (cache miss)
4946 http fetch GET 200 https://registry.npmjs.org/wrap-ansi/-/wrap-ansi-7.0.0.tgz 3565ms (cache miss)
4947 http fetch GET 200 https://registry.npmjs.org/@expo/code-signing-certificates/-/code-signing-certificates-0.0.6.tgz 3576ms (cache miss)
4948 http fetch GET 200 https://registry.npmjs.org/path-is-absolute/-/path-is-absolute-1.0.1.tgz 3574ms (cache miss)
4949 http fetch GET 200 https://registry.npmjs.org/strip-ansi/-/strip-ansi-6.0.1.tgz 3573ms (cache miss)
4950 http fetch GET 200 https://registry.npmjs.org/fs.realpath/-/fs.realpath-1.0.0.tgz 3576ms (cache miss)
4951 http fetch GET 200 https://registry.npmjs.org/string-width/-/string-width-4.2.3.tgz 3577ms (cache miss)
4952 http fetch GET 200 https://registry.npmjs.org/y18n/-/y18n-5.0.8.tgz 3614ms (cache miss)
4953 http fetch GET 200 https://registry.npmjs.org/@expo/osascript/-/osascript-2.4.2.tgz 3626ms (cache miss)
4954 http fetch GET 200 https://registry.npmjs.org/require-directory/-/require-directory-2.1.1.tgz 3671ms (cache miss)
4955 http fetch GET 200 https://registry.npmjs.org/get-caller-file/-/get-caller-file-2.0.5.tgz 3702ms (cache miss)
4956 http fetch GET 200 https://registry.npmjs.org/@0no-co/graphql.web/-/graphql.web-1.2.0.tgz 3719ms (cache miss)
4957 http fetch GET 200 https://registry.npmjs.org/signal-exit/-/signal-exit-3.0.7.tgz 3723ms (cache miss)
4958 http fetch GET 200 https://registry.npmjs.org/simple-plist/-/simple-plist-1.3.1.tgz 3774ms (cache miss)
4959 http fetch GET 200 https://registry.npmjs.org/bplist-parser/-/bplist-parser-0.3.1.tgz 3797ms (cache miss)
4960 http fetch GET 200 https://registry.npmjs.org/imurmurhash/-/imurmurhash-0.1.4.tgz 3814ms (cache miss)
4961 http fetch GET 200 https://registry.npmjs.org/yargs-parser/-/yargs-parser-21.1.1.tgz 3831ms (cache miss)
4962 http fetch GET 200 https://registry.npmjs.org/sax/-/sax-1.6.0.tgz 3833ms (cache miss)
4963 http fetch GET 200 https://registry.npmjs.org/big-integer/-/big-integer-1.6.52.tgz 3883ms (cache miss)
4964 http fetch GET 200 https://registry.npmjs.org/cliui/-/cliui-8.0.1.tgz 3894ms (cache miss)
4965 http fetch GET 200 https://registry.npmjs.org/makeerror/-/makeerror-1.0.12.tgz 3903ms (cache miss)
4966 http fetch GET 200 https://registry.npmjs.org/ieee754/-/ieee754-1.2.1.tgz 3912ms (cache miss)
4967 http fetch GET 200 https://registry.npmjs.org/isexe/-/isexe-2.0.0.tgz 3914ms (cache miss)
4968 http fetch GET 200 https://registry.npmjs.org/escalade/-/escalade-3.2.0.tgz 3913ms (cache miss)
4969 http fetch GET 200 https://registry.npmjs.org/webidl-conversions/-/webidl-conversions-5.0.0.tgz 3915ms (cache miss)
4970 http fetch GET 200 https://registry.npmjs.org/is-number/-/is-number-7.0.0.tgz 3923ms (cache miss)
4971 http fetch GET 200 https://registry.npmjs.org/punycode/-/punycode-2.3.1.tgz 3925ms (cache miss)
4972 http fetch GET 200 https://registry.npmjs.org/bplist-creator/-/bplist-creator-0.1.0.tgz 3963ms (cache miss)
4973 http fetch GET 200 https://registry.npmjs.org/buffer/-/buffer-5.7.1.tgz 3961ms (cache miss)
4974 http fetch GET 200 https://registry.npmjs.org/tmpl/-/tmpl-1.0.5.tgz 3972ms (cache miss)
4975 http fetch GET 200 https://registry.npmjs.org/thenify/-/thenify-3.3.1.tgz 3973ms (cache miss)
4976 http fetch GET 200 https://registry.npmjs.org/buffer-from/-/buffer-from-1.1.2.tgz 3975ms (cache miss)
4977 http fetch GET 200 https://registry.npmjs.org/@expo/image-utils/-/image-utils-0.8.13.tgz 3996ms (cache miss)
4978 http fetch GET 200 https://registry.npmjs.org/@expo/package-manager/-/package-manager-1.10.4.tgz 4000ms (cache miss)
4979 http fetch GET 200 https://registry.npmjs.org/@expo/xcpretty/-/xcpretty-4.4.3.tgz 4022ms (cache miss)
4980 http fetch GET 200 https://registry.npmjs.org/stream-buffers/-/stream-buffers-2.2.0.tgz 4068ms (cache miss)
4981 http fetch GET 200 https://registry.npmjs.org/has-flag/-/has-flag-3.0.0.tgz 4070ms (cache miss)
4982 http fetch GET 200 https://registry.npmjs.org/ts-interface-checker/-/ts-interface-checker-0.1.13.tgz 4071ms (cache miss)
4983 http fetch GET 200 https://registry.npmjs.org/type-fest/-/type-fest-0.7.1.tgz 4073ms (cache miss)
4984 http fetch GET 200 https://registry.npmjs.org/object-assign/-/object-assign-4.1.1.tgz 4074ms (cache miss)
4985 http fetch GET 200 https://registry.npmjs.org/tinyglobby/-/tinyglobby-0.2.16.tgz 4075ms (cache miss)
4986 http fetch GET 200 https://registry.npmjs.org/any-promise/-/any-promise-1.3.0.tgz 4078ms (cache miss)
4987 http fetch GET 200 https://registry.npmjs.org/mz/-/mz-2.7.0.tgz 4107ms (cache miss)
4988 http fetch GET 200 https://registry.npmjs.org/source-map-support/-/source-map-support-0.5.21.tgz 4109ms (cache miss)
4989 http fetch GET 200 https://registry.npmjs.org/lines-and-columns/-/lines-and-columns-1.2.4.tgz 4170ms (cache miss)
4990 http fetch GET 200 https://registry.npmjs.org/thenify-all/-/thenify-all-1.6.0.tgz 4171ms (cache miss)
4991 http fetch GET 200 https://registry.npmjs.org/range-parser/-/range-parser-1.2.1.tgz 4173ms (cache miss)
4992 http fetch GET 200 https://registry.npmjs.org/http-errors/-/http-errors-2.0.1.tgz 4175ms (cache miss)
4993 http fetch GET 200 https://registry.npmjs.org/setprototypeof/-/setprototypeof-1.2.0.tgz 4176ms (cache miss)
4994 http fetch GET 200 https://registry.npmjs.org/shebang-regex/-/shebang-regex-3.0.0.tgz 4185ms (cache miss)
4995 http fetch GET 200 https://registry.npmjs.org/etag/-/etag-1.8.1.tgz 4185ms (cache miss)
4996 http fetch GET 200 https://registry.npmjs.org/toidentifier/-/toidentifier-1.0.1.tgz 4190ms (cache miss)
4997 http fetch GET 200 https://registry.npmjs.org/destroy/-/destroy-1.2.0.tgz 4218ms (cache miss)
4998 http fetch GET 200 https://registry.npmjs.org/@jridgewell/source-map/-/source-map-0.3.11.tgz 4228ms (cache miss)
4999 http fetch GET 200 https://registry.npmjs.org/depd/-/depd-2.0.0.tgz 4249ms (cache miss)
5000 http fetch GET 200 https://registry.npmjs.org/shell-quote/-/shell-quote-1.8.3.tgz 4249ms (cache miss)
5001 http fetch GET 200 https://registry.npmjs.org/fresh/-/fresh-0.5.2.tgz 4252ms (cache miss)
5002 http fetch GET 200 https://registry.npmjs.org/p-locate/-/p-locate-4.1.0.tgz 4250ms (cache miss)
5003 http fetch GET 200 https://registry.npmjs.org/send/-/send-0.19.2.tgz 4261ms (cache miss)
5004 http fetch GET 200 https://registry.npmjs.org/sprintf-js/-/sprintf-js-1.0.3.tgz 4258ms (cache miss)
5005 http fetch GET 200 https://registry.npmjs.org/asap/-/asap-2.0.6.tgz 4263ms (cache miss)
5006 http fetch GET 200 https://registry.npmjs.org/normalize-path/-/normalize-path-3.0.0.tgz 4263ms (cache miss)
5007 http fetch GET 200 https://registry.npmjs.org/anymatch/-/anymatch-3.1.3.tgz 4273ms (cache miss)
5008 http fetch GET 200 https://registry.npmjs.org/stack-utils/-/stack-utils-2.0.6.tgz 4274ms (cache miss)
5009 http fetch GET 200 https://registry.npmjs.org/jest-mock/-/jest-mock-29.7.0.tgz 4274ms (cache miss)
5010 http fetch GET 200 https://registry.npmjs.org/mime/-/mime-1.6.0.tgz 4300ms (cache miss)
5011 http fetch GET 200 https://registry.npmjs.org/acorn/-/acorn-8.16.0.tgz 4309ms (cache miss)
5012 http fetch GET 200 https://registry.npmjs.org/marky/-/marky-1.3.0.tgz 4308ms (cache miss)
5013 http fetch GET 200 https://registry.npmjs.org/esprima/-/esprima-4.0.1.tgz 4310ms (cache miss)
5014 http fetch GET 200 https://registry.npmjs.org/@expo/devcert/-/devcert-1.2.1.tgz 4345ms (cache miss)
5015 http fetch GET 200 https://registry.npmjs.org/argparse/-/argparse-1.0.10.tgz 4370ms (cache miss)
5016 http fetch GET 200 https://registry.npmjs.org/uuid/-/uuid-7.0.3.tgz 4391ms (cache miss)
5017 http fetch GET 200 https://registry.npmjs.org/type-detect/-/type-detect-4.0.8.tgz 4394ms (cache miss)
5018 http fetch GET 200 https://registry.npmjs.org/jest-message-util/-/jest-message-util-29.7.0.tgz 4395ms (cache miss)
5019 http fetch GET 200 https://registry.npmjs.org/is-docker/-/is-docker-2.2.1.tgz 4399ms (cache miss)
5020 http fetch GET 200 https://registry.npmjs.org/path-exists/-/path-exists-4.0.0.tgz 4405ms (cache miss)
5021 http fetch GET 200 https://registry.npmjs.org/rimraf/-/rimraf-3.0.2.tgz 4405ms (cache miss)
5022 http fetch GET 200 https://registry.npmjs.org/istanbul-lib-coverage/-/istanbul-lib-coverage-3.2.2.tgz 4406ms (cache miss)
5023 warn deprecated rimraf@3.0.2: Rimraf versions prior to v4 are no longer supported
5024 http fetch GET 200 https://registry.npmjs.org/@types/stack-utils/-/stack-utils-2.0.3.tgz 4444ms (cache miss)
5025 http fetch GET 200 https://registry.npmjs.org/is-wsl/-/is-wsl-2.2.0.tgz 4441ms (cache miss)
5026 http fetch GET 200 https://registry.npmjs.org/locate-path/-/locate-path-5.0.0.tgz 4443ms (cache miss)
5027 http fetch GET 200 https://registry.npmjs.org/@types/graceful-fs/-/graceful-fs-4.1.9.tgz 4452ms (cache miss)
5028 http fetch GET 200 https://registry.npmjs.org/lighthouse-logger/-/lighthouse-logger-1.4.2.tgz 4451ms (cache miss)
5029 http fetch GET 200 https://registry.npmjs.org/mkdirp/-/mkdirp-1.0.4.tgz 4496ms (cache miss)
5030 http fetch GET 200 https://registry.npmjs.org/undici/-/undici-6.25.0.tgz 4567ms (cache miss)
5031 http fetch GET 200 https://registry.npmjs.org/plist/-/plist-3.1.0.tgz 4549ms (cache miss)
5032 http fetch GET 200 https://registry.npmjs.org/tar/-/tar-7.5.13.tgz 4617ms (cache miss)
5033 http fetch GET 200 https://registry.npmjs.org/@jest/fake-timers/-/fake-timers-29.7.0.tgz 4577ms (cache miss)
5034 http fetch GET 200 https://registry.npmjs.org/@sinonjs/fake-timers/-/fake-timers-10.3.0.tgz 4580ms (cache miss)
5035 http fetch GET 200 https://registry.npmjs.org/@sinonjs/commons/-/commons-3.0.1.tgz 4624ms (cache miss)
5036 http fetch GET 200 https://registry.npmjs.org/expo-server/-/expo-server-1.0.5.tgz 4680ms (cache miss)
5037 http fetch GET 200 https://registry.npmjs.org/@babel/plugin-syntax-optional-catch-binding/-/plugin-syntax-optional-catch-binding-7.8.3.tgz 4751ms (cache miss)
5038 http fetch GET 200 https://registry.npmjs.org/@babel/plugin-syntax-private-property-in-object/-/plugin-syntax-private-property-in-object-7.14.5.tgz 4753ms (cache miss)
5039 http fetch GET 200 https://registry.npmjs.org/@babel/plugin-syntax-logical-assignment-operators/-/plugin-syntax-logical-assignment-operators-7.10.4.tgz 4753ms (cache miss)
5040 http fetch GET 200 https://registry.npmjs.org/@babel/plugin-syntax-json-strings/-/plugin-syntax-json-strings-7.8.3.tgz 4754ms (cache miss)
5041 http fetch GET 200 https://registry.npmjs.org/@babel/plugin-syntax-nullish-coalescing-operator/-/plugin-syntax-nullish-coalescing-operator-7.8.3.tgz 4758ms (cache miss)
5042 http fetch GET 200 https://registry.npmjs.org/find-up/-/find-up-4.1.0.tgz 4907ms (cache miss)
5043 http fetch GET 200 https://registry.npmjs.org/@babel/plugin-syntax-optional-chaining/-/plugin-syntax-optional-chaining-7.8.3.tgz 4911ms (cache miss)
5044 http fetch GET 200 https://registry.npmjs.org/@babel/plugin-syntax-numeric-separator/-/plugin-syntax-numeric-separator-7.10.4.tgz 4911ms (cache miss)
5045 http fetch GET 200 https://registry.npmjs.org/babel-preset-current-node-syntax/-/babel-preset-current-node-syntax-1.2.0.tgz 4909ms (cache miss)
5046 http fetch GET 200 https://registry.npmjs.org/@babel/plugin-syntax-import-meta/-/plugin-syntax-import-meta-7.10.4.tgz 4911ms (cache miss)
5047 http fetch GET 200 https://registry.npmjs.org/@babel/plugin-syntax-import-attributes/-/plugin-syntax-import-attributes-7.28.6.tgz 4913ms (cache miss)
5048 http fetch GET 200 https://registry.npmjs.org/lightningcss-win32-x64-msvc/-/lightningcss-win32-x64-msvc-1.32.0.tgz 4973ms (cache miss)
5049 http fetch GET 200 https://registry.npmjs.org/@babel/plugin-syntax-class-static-block/-/plugin-syntax-class-static-block-7.14.5.tgz 4914ms (cache miss)
5050 http fetch GET 200 https://registry.npmjs.org/test-exclude/-/test-exclude-6.0.0.tgz 4947ms (cache miss)
5051 http fetch GET 200 https://registry.npmjs.org/js-yaml/-/js-yaml-3.14.2.tgz 5067ms (cache miss)
5052 http fetch GET 200 https://registry.npmjs.org/babel-plugin-jest-hoist/-/babel-plugin-jest-hoist-29.6.3.tgz 5122ms (cache miss)
5053 http fetch GET 200 https://registry.npmjs.org/@babel/plugin-syntax-top-level-await/-/plugin-syntax-top-level-await-7.14.5.tgz 5130ms (cache miss)
5054 http fetch GET 200 https://registry.npmjs.org/@babel/plugin-syntax-class-properties/-/plugin-syntax-class-properties-7.12.13.tgz 5128ms (cache miss)
5055 http fetch GET 200 https://registry.npmjs.org/@babel/plugin-syntax-async-generators/-/plugin-syntax-async-generators-7.8.4.tgz 5128ms (cache miss)
5056 http fetch GET 200 https://registry.npmjs.org/@jest/environment/-/environment-29.7.0.tgz 5151ms (cache miss)
5057 http fetch GET 200 https://registry.npmjs.org/fast-json-stable-stringify/-/fast-json-stable-stringify-2.1.0.tgz 5146ms (cache miss)
5058 http fetch GET 200 https://registry.npmjs.org/write-file-atomic/-/write-file-atomic-4.0.2.tgz 5147ms (cache miss)
5059 http fetch GET 200 https://registry.npmjs.org/pirates/-/pirates-4.0.7.tgz 5151ms (cache miss)
5060 http fetch GET 200 https://registry.npmjs.org/istanbul-lib-instrument/-/istanbul-lib-instrument-5.2.1.tgz 5154ms (cache miss)
5061 http fetch GET 200 https://registry.npmjs.org/jest-regex-util/-/jest-regex-util-29.6.3.tgz 5226ms (cache miss)
5062 http fetch GET 200 https://registry.npmjs.org/@babel/helper-plugin-utils/-/helper-plugin-utils-7.28.6.tgz 5229ms (cache miss)
5063 http fetch GET 200 https://registry.npmjs.org/@types/babel__template/-/babel__template-7.4.4.tgz 5228ms (cache miss)
5064 http fetch GET 200 https://registry.npmjs.org/@istanbuljs/schema/-/schema-0.1.6.tgz 5244ms (cache miss)
5065 http fetch GET 200 https://registry.npmjs.org/babel-plugin-istanbul/-/babel-plugin-istanbul-6.1.1.tgz 5238ms (cache miss)
5066 http fetch GET 200 https://registry.npmjs.org/@types/babel__generator/-/babel__generator-7.27.0.tgz 5242ms (cache miss)
5067 http fetch GET 200 https://registry.npmjs.org/babel-preset-jest/-/babel-preset-jest-29.6.3.tgz 5252ms (cache miss)
5068 http fetch GET 200 https://registry.npmjs.org/get-package-type/-/get-package-type-0.1.0.tgz 5253ms (cache miss)
5069 http fetch GET 200 https://registry.npmjs.org/@types/babel__traverse/-/babel__traverse-7.28.0.tgz 5271ms (cache miss)
5070 http fetch GET 200 https://registry.npmjs.org/jest-haste-map/-/jest-haste-map-29.7.0.tgz 5287ms (cache miss)
5071 http fetch GET 200 https://registry.npmjs.org/open/-/open-7.4.2.tgz 5283ms (cache miss)
5072 http fetch GET 200 https://registry.npmjs.org/@babel/plugin-syntax-object-rest-spread/-/plugin-syntax-object-rest-spread-7.8.3.tgz 5329ms (cache miss)
5073 http fetch GET 200 https://registry.npmjs.org/whatwg-fetch/-/whatwg-fetch-3.6.20.tgz 5310ms (cache miss)
5074 http fetch GET 200 https://registry.npmjs.org/serve-static/-/serve-static-1.16.3.tgz 5313ms (cache miss)
5075 http fetch GET 200 https://registry.npmjs.org/@istanbuljs/load-nyc-config/-/load-nyc-config-1.1.0.tgz 5346ms (cache miss)
5076 http fetch GET 200 https://registry.npmjs.org/stacktrace-parser/-/stacktrace-parser-0.1.11.tgz 5345ms (cache miss)
5077 http fetch GET 200 https://registry.npmjs.org/promise/-/promise-8.3.0.tgz 5369ms (cache miss)
5078 http fetch GET 200 https://registry.npmjs.org/babel-plugin-syntax-hermes-parser/-/babel-plugin-syntax-hermes-parser-0.29.1.tgz 5371ms (cache miss)
5079 http fetch GET 200 https://registry.npmjs.org/regenerator-runtime/-/regenerator-runtime-0.13.11.tgz 5372ms (cache miss)
5080 http fetch GET 200 https://registry.npmjs.org/event-target-shim/-/event-target-shim-5.0.1.tgz 5382ms (cache miss)
5081 http fetch GET 200 https://registry.npmjs.org/chrome-launcher/-/chrome-launcher-0.15.2.tgz 5393ms (cache miss)
5082 http fetch GET 200 https://registry.npmjs.org/scheduler/-/scheduler-0.26.0.tgz 5392ms (cache miss)
5083 http fetch GET 200 https://registry.npmjs.org/jest-environment-node/-/jest-environment-node-29.7.0.tgz 5460ms (cache miss)
5084 http fetch GET 200 https://registry.npmjs.org/memoize-one/-/memoize-one-5.2.1.tgz 5462ms (cache miss)
5085 http fetch GET 200 https://registry.npmjs.org/@jest/transform/-/transform-29.7.0.tgz 5477ms (cache miss)
5086 http fetch GET 200 https://registry.npmjs.org/@types/babel__core/-/babel__core-7.20.5.tgz 5477ms (cache miss)
5087 http fetch GET 200 https://registry.npmjs.org/chromium-edge-launcher/-/chromium-edge-launcher-0.2.0.tgz 5489ms (cache miss)
5088 http fetch GET 200 https://registry.npmjs.org/ansi-regex/-/ansi-regex-5.0.1.tgz 5541ms (cache miss)
5089 http fetch GET 200 https://registry.npmjs.org/babel-jest/-/babel-jest-29.7.0.tgz 5545ms (cache miss)
5090 http fetch GET 200 https://registry.npmjs.org/anser/-/anser-1.4.10.tgz 5546ms (cache miss)
5091 http fetch GET 200 https://registry.npmjs.org/@isaacs/ttlcache/-/ttlcache-1.4.1.tgz 5556ms (cache miss)
5092 http fetch GET 200 https://registry.npmjs.org/@babel/plugin-syntax-bigint/-/plugin-syntax-bigint-7.8.3.tgz 5572ms (cache miss)
5093 http fetch GET 200 https://registry.npmjs.org/react-is/-/react-is-18.3.1.tgz 5574ms (cache miss)
5094 http fetch GET 200 https://registry.npmjs.org/ee-first/-/ee-first-1.1.1.tgz 5576ms (cache miss)
5095 http fetch GET 200 https://registry.npmjs.org/abort-controller/-/abort-controller-3.0.0.tgz 5591ms (cache miss)
5096 http fetch GET 200 https://registry.npmjs.org/yocto-queue/-/yocto-queue-0.1.0.tgz 5837ms (cache miss)
5097 http fetch GET 200 https://registry.npmjs.org/inherits/-/inherits-2.0.4.tgz 5838ms (cache miss)
5098 http fetch GET 200 https://registry.npmjs.org/balanced-match/-/balanced-match-1.0.2.tgz 5839ms (cache miss)
5099 http fetch GET 200 https://registry.npmjs.org/to-regex-range/-/to-regex-range-5.0.1.tgz 5840ms (cache miss)
5100 http fetch GET 200 https://registry.npmjs.org/@react-native/normalize-colors/-/normalize-colors-0.81.5.tgz 5850ms (cache miss)
5101 http fetch GET 200 https://registry.npmjs.org/@react-native/js-polyfills/-/js-polyfills-0.81.5.tgz 5869ms (cache miss)
5102 http fetch GET 200 https://registry.npmjs.org/ob1/-/ob1-0.83.3.tgz 5887ms (cache miss)
5103 http fetch GET 200 https://registry.npmjs.org/brace-expansion/-/brace-expansion-2.1.0.tgz 5889ms (cache miss)
5104 http fetch GET 200 https://registry.npmjs.org/vlq/-/vlq-1.0.1.tgz 5888ms (cache miss)
5105 http fetch GET 200 https://registry.npmjs.org/braces/-/braces-3.0.3.tgz 5892ms (cache miss)
5106 http fetch GET 200 https://registry.npmjs.org/bser/-/bser-2.1.1.tgz 5894ms (cache miss)
5107 http fetch GET 200 https://registry.npmjs.org/micromatch/-/micromatch-4.0.8.tgz 5896ms (cache miss)
5108 http fetch GET 200 https://registry.npmjs.org/mime-db/-/mime-db-1.52.0.tgz 5918ms (cache miss)
5109 http fetch GET 200 https://registry.npmjs.org/walker/-/walker-1.0.8.tgz 5952ms (cache miss)
5110 http fetch GET 200 https://registry.npmjs.org/jest-get-type/-/jest-get-type-29.6.3.tgz 5953ms (cache miss)
5111 http fetch GET 200 https://registry.npmjs.org/node-int64/-/node-int64-0.4.0.tgz 6003ms (cache miss)
5112 http fetch GET 200 https://registry.npmjs.org/leven/-/leven-3.1.0.tgz 6014ms (cache miss)
5113 http fetch GET 200 https://registry.npmjs.org/fill-range/-/fill-range-7.1.1.tgz 6014ms (cache miss)
5114 http fetch GET 200 https://registry.npmjs.org/@jest/create-cache-key-function/-/create-cache-key-function-29.7.0.tgz 6022ms (cache miss)
5115 http fetch GET 200 https://registry.npmjs.org/@react-native/assets-registry/-/assets-registry-0.81.5.tgz 6023ms (cache miss)
5116 http fetch GET 200 https://registry.npmjs.org/camelcase/-/camelcase-6.3.0.tgz 6047ms (cache miss)
5117 http fetch GET 200 https://registry.npmjs.org/fb-watchman/-/fb-watchman-2.0.2.tgz 6055ms (cache miss)
5118 http fetch GET 200 https://registry.npmjs.org/exponential-backoff/-/exponential-backoff-3.1.3.tgz 6059ms (cache miss)
5119 http fetch GET 200 https://registry.npmjs.org/jest-validate/-/jest-validate-29.7.0.tgz 6079ms (cache miss)
5120 http fetch GET 200 https://registry.npmjs.org/https-proxy-agent/-/https-proxy-agent-7.0.6.tgz 6079ms (cache miss)
5121 http fetch GET 200 https://registry.npmjs.org/agent-base/-/agent-base-7.1.4.tgz 6123ms (cache miss)
5122 http fetch GET 200 https://registry.npmjs.org/yallist/-/yallist-3.1.1.tgz 6158ms (cache miss)
5123 http fetch GET 200 https://registry.npmjs.org/merge-stream/-/merge-stream-2.0.0.tgz 6171ms (cache miss)
5124 http fetch GET 200 https://registry.npmjs.org/@react-native/community-cli-plugin/-/community-cli-plugin-0.81.5.tgz 6195ms (cache miss)
5125 http fetch GET 200 https://registry.npmjs.org/@react-native/dev-middleware/-/dev-middleware-0.81.5.tgz 6273ms (cache miss)
5126 http fetch GET 200 https://registry.npmjs.org/queue/-/queue-6.0.2.tgz 6275ms (cache miss)
5127 http fetch GET 200 https://registry.npmjs.org/@types/istanbul-lib-report/-/istanbul-lib-report-3.0.3.tgz 6312ms (cache miss)
5128 http fetch GET 200 https://registry.npmjs.org/@types/yargs-parser/-/yargs-parser-21.0.3.tgz 6314ms (cache miss)
5129 http fetch GET 200 https://registry.npmjs.org/terser/-/terser-5.46.1.tgz 6340ms (cache miss)
5130 http fetch GET 200 https://registry.npmjs.org/@babel/traverse/-/traverse-7.29.0.tgz 6371ms (cache miss)
5131 http fetch GET 200 https://registry.npmjs.org/@types/yargs/-/yargs-17.0.35.tgz 6403ms (cache miss)
5132 http fetch GET 200 https://registry.npmjs.org/statuses/-/statuses-1.5.0.tgz 6408ms (cache miss)
5133 http fetch GET 200 https://registry.npmjs.org/unpipe/-/unpipe-1.0.0.tgz 6408ms (cache miss)
5134 http fetch GET 200 https://registry.npmjs.org/@types/istanbul-reports/-/istanbul-reports-3.0.4.tgz 6414ms (cache miss)
5135 http fetch GET 200 https://registry.npmjs.org/on-finished/-/on-finished-2.3.0.tgz 6409ms (cache miss)
5136 http fetch GET 200 https://registry.npmjs.org/@types/istanbul-lib-coverage/-/istanbul-lib-coverage-2.0.6.tgz 6415ms (cache miss)
5137 http fetch GET 200 https://registry.npmjs.org/@jest/types/-/types-29.6.3.tgz 6414ms (cache miss)
5138 http fetch GET 200 https://registry.npmjs.org/encodeurl/-/encodeurl-1.0.2.tgz 6414ms (cache miss)
5139 http fetch GET 200 https://registry.npmjs.org/escape-html/-/escape-html-1.0.3.tgz 6420ms (cache miss)
5140 http fetch GET 200 https://registry.npmjs.org/picomatch/-/picomatch-2.3.2.tgz 6432ms (cache miss)
5141 http fetch GET 200 https://registry.npmjs.org/undici-types/-/undici-types-7.19.2.tgz 6440ms (cache miss)
5142 http fetch GET 200 https://registry.npmjs.org/parseurl/-/parseurl-1.3.3.tgz 6455ms (cache miss)
5143 http fetch GET 200 https://registry.npmjs.org/finalhandler/-/finalhandler-1.1.2.tgz 6456ms (cache miss)
5144 http fetch GET 200 https://registry.npmjs.org/node-releases/-/node-releases-2.0.37.tgz 6460ms (cache miss)
5145 http fetch GET 200 https://registry.npmjs.org/utils-merge/-/utils-merge-1.0.1.tgz 6460ms (cache miss)
5146 http fetch GET 200 https://registry.npmjs.org/jest-util/-/jest-util-29.7.0.tgz 6468ms (cache miss)
5147 http fetch GET 200 https://registry.npmjs.org/hermes-estree/-/hermes-estree-0.32.0.tgz 6488ms (cache miss)
5148 http fetch GET 200 https://registry.npmjs.org/negotiator/-/negotiator-0.6.3.tgz 6526ms (cache miss)
5149 http fetch GET 200 https://registry.npmjs.org/electron-to-chromium/-/electron-to-chromium-1.5.340.tgz 6550ms (cache miss)
5150 http fetch GET 200 https://registry.npmjs.org/browserslist/-/browserslist-4.28.2.tgz 6562ms (cache miss)
5151 http fetch GET 200 https://registry.npmjs.org/@babel/helper-globals/-/helper-globals-7.28.0.tgz 6628ms (cache miss)
5152 http fetch GET 200 https://registry.npmjs.org/jsesc/-/jsesc-3.1.0.tgz 6628ms (cache miss)
5153 http fetch GET 200 https://registry.npmjs.org/@babel/helper-module-imports/-/helper-module-imports-7.28.6.tgz 6633ms (cache miss)
5154 http fetch GET 200 https://registry.npmjs.org/@babel/helper-string-parser/-/helper-string-parser-7.27.1.tgz 6633ms (cache miss)
5155 http fetch GET 200 https://registry.npmjs.org/stackframe/-/stackframe-1.3.4.tgz 6639ms (cache miss)
5156 http fetch GET 200 https://registry.npmjs.org/@jridgewell/sourcemap-codec/-/sourcemap-codec-1.5.5.tgz 6669ms (cache miss)
5157 http fetch GET 200 https://registry.npmjs.org/@sinclair/typebox/-/typebox-0.27.10.tgz 6690ms (cache miss)
5158 http fetch GET 200 https://registry.npmjs.org/@jest/schemas/-/schemas-29.6.3.tgz 6692ms (cache miss)
5159 http fetch GET 200 https://registry.npmjs.org/gensync/-/gensync-1.0.0-beta.2.tgz 6688ms (cache miss)
5160 http fetch GET 200 https://registry.npmjs.org/convert-source-map/-/convert-source-map-2.0.0.tgz 6739ms (cache miss)
5161 http fetch GET 200 https://registry.npmjs.org/update-browserslist-db/-/update-browserslist-db-1.2.3.tgz 6749ms (cache miss)
5162 http fetch GET 200 https://registry.npmjs.org/@babel/compat-data/-/compat-data-7.29.0.tgz 6745ms (cache miss)
5163 http fetch GET 200 https://registry.npmjs.org/@babel/helper-validator-option/-/helper-validator-option-7.27.1.tgz 6748ms (cache miss)
5164 http fetch GET 200 https://registry.npmjs.org/@jridgewell/resolve-uri/-/resolve-uri-3.1.2.tgz 6753ms (cache miss)
5165 http fetch GET 200 https://registry.npmjs.org/lru-cache/-/lru-cache-5.1.1.tgz 6760ms (cache miss)
5166 http fetch GET 200 https://registry.npmjs.org/baseline-browser-mapping/-/baseline-browser-mapping-2.10.20.tgz 7007ms (cache miss)
5167 http fetch GET 200 https://registry.npmjs.org/nullthrows/-/nullthrows-1.1.1.tgz 7015ms (cache miss)
5168 http fetch GET 200 https://registry.npmjs.org/throat/-/throat-5.0.0.tgz 7026ms (cache miss)
5169 http fetch GET 200 https://registry.npmjs.org/jsc-safe-url/-/jsc-safe-url-0.2.4.tgz 7029ms (cache miss)
5170 http fetch GET 200 https://registry.npmjs.org/serialize-error/-/serialize-error-2.1.0.tgz 7030ms (cache miss)
5171 http fetch GET 200 https://registry.npmjs.org/mime-types/-/mime-types-2.1.35.tgz 7040ms (cache miss)
5172 http fetch GET 200 https://registry.npmjs.org/lodash.throttle/-/lodash.throttle-4.1.1.tgz 7039ms (cache miss)
5173 http fetch GET 200 https://registry.npmjs.org/accepts/-/accepts-1.3.8.tgz 7041ms (cache miss)
5174 http fetch GET 200 https://registry.npmjs.org/error-stack-parser/-/error-stack-parser-2.1.4.tgz 7050ms (cache miss)
5175 http fetch GET 200 https://registry.npmjs.org/connect/-/connect-3.7.0.tgz 7057ms (cache miss)
5176 http fetch GET 200 https://registry.npmjs.org/graceful-fs/-/graceful-fs-4.2.11.tgz 7058ms (cache miss)
5177 http fetch GET 200 https://registry.npmjs.org/flow-enums-runtime/-/flow-enums-runtime-0.0.6.tgz 7097ms (cache miss)
5178 http fetch GET 200 https://registry.npmjs.org/ci-info/-/ci-info-2.0.0.tgz 7130ms (cache miss)
5179 http fetch GET 200 https://registry.npmjs.org/@babel/helper-module-transforms/-/helper-module-transforms-7.28.6.tgz 7143ms (cache miss)
5180 http fetch GET 200 https://registry.npmjs.org/loose-envify/-/loose-envify-1.4.0.tgz 7135ms (cache miss)
5181 http fetch GET 200 https://registry.npmjs.org/@babel/helper-compilation-targets/-/helper-compilation-targets-7.28.6.tgz 7157ms (cache miss)
5182 http fetch GET 200 https://registry.npmjs.org/ws/-/ws-7.5.10.tgz 7158ms (cache miss)
5183 http fetch GET 200 https://registry.npmjs.org/jest-worker/-/jest-worker-29.7.0.tgz 7176ms (cache miss)
5184 http fetch GET 200 https://registry.npmjs.org/@types/node/-/node-25.6.0.tgz 7211ms (cache miss)
5185 http fetch GET 200 https://registry.npmjs.org/@jridgewell/gen-mapping/-/gen-mapping-0.3.13.tgz 7219ms (cache miss)
5186 http fetch GET 200 https://registry.npmjs.org/source-map/-/source-map-0.5.7.tgz 7227ms (cache miss)
5187 http fetch GET 200 https://registry.npmjs.org/color-name/-/color-name-1.1.3.tgz 7265ms (cache miss)
5188 http fetch GET 200 https://registry.npmjs.org/react-native-is-edge-to-edge/-/react-native-is-edge-to-edge-1.3.1.tgz 7267ms (cache miss)
5189 http fetch GET 200 https://registry.npmjs.org/@jridgewell/trace-mapping/-/trace-mapping-0.3.31.tgz 7293ms (cache miss)
5190 http fetch GET 200 https://registry.npmjs.org/commander/-/commander-7.2.0.tgz 7315ms (cache miss)
5191 http fetch GET 200 https://registry.npmjs.org/invariant/-/invariant-2.2.4.tgz 7321ms (cache miss)
5192 http fetch GET 200 https://registry.npmjs.org/shebang-command/-/shebang-command-2.0.0.tgz 7344ms (cache miss)
5193 http fetch GET 200 https://registry.npmjs.org/@babel/template/-/template-7.28.6.tgz 7376ms (cache miss)
5194 http fetch GET 200 https://registry.npmjs.org/path-key/-/path-key-3.1.1.tgz 7426ms (cache miss)
5195 http fetch GET 200 https://registry.npmjs.org/which/-/which-2.0.2.tgz 7435ms (cache miss)
5196 http fetch GET 200 https://registry.npmjs.org/color-convert/-/color-convert-1.9.3.tgz 7437ms (cache miss)
5197 http fetch GET 200 https://registry.npmjs.org/ansi-styles/-/ansi-styles-3.2.1.tgz 7440ms (cache miss)
5198 http fetch GET 200 https://registry.npmjs.org/path-scurry/-/path-scurry-2.0.2.tgz 7450ms (cache miss)
5199 http fetch GET 200 https://registry.npmjs.org/@jridgewell/remapping/-/remapping-2.3.5.tgz 7517ms (cache miss)
5200 http fetch GET 200 https://registry.npmjs.org/base64-js/-/base64-js-1.5.1.tgz 7514ms (cache miss)
5201 http fetch GET 200 https://registry.npmjs.org/escape-string-regexp/-/escape-string-regexp-1.0.5.tgz 7516ms (cache miss)
5202 http fetch GET 200 https://registry.npmjs.org/yargs/-/yargs-17.7.2.tgz 7544ms (cache miss)
5203 http fetch GET 200 https://registry.npmjs.org/ms/-/ms-2.1.3.tgz 7531ms (cache miss)
5204 http fetch GET 200 https://registry.npmjs.org/image-size/-/image-size-1.2.1.tgz 7543ms (cache miss)
5205 http fetch GET 200 https://registry.npmjs.org/minipass/-/minipass-7.1.3.tgz 7566ms (cache miss)
5206 http fetch GET 200 https://registry.npmjs.org/@react-native/gradle-plugin/-/gradle-plugin-0.81.5.tgz 7653ms (cache miss)
5207 http fetch GET 200 https://registry.npmjs.org/cross-spawn/-/cross-spawn-7.0.6.tgz 7662ms (cache miss)
5208 http fetch GET 200 https://registry.npmjs.org/metro-cache-key/-/metro-cache-key-0.83.3.tgz 7661ms (cache miss)
5209 http fetch GET 200 https://registry.npmjs.org/metro-minify-terser/-/metro-minify-terser-0.83.3.tgz 7730ms (cache miss)
5210 http fetch GET 200 https://registry.npmjs.org/@babel/generator/-/generator-7.29.1.tgz 7747ms (cache miss)
5211 http fetch GET 200 https://registry.npmjs.org/metro-symbolicate/-/metro-symbolicate-0.83.3.tgz 7747ms (cache miss)
5212 http fetch GET 200 https://registry.npmjs.org/metro-transform-plugins/-/metro-transform-plugins-0.83.3.tgz 7762ms (cache miss)
5213 http fetch GET 200 https://registry.npmjs.org/xmlbuilder/-/xmlbuilder-15.1.1.tgz 7772ms (cache miss)
5214 http fetch GET 200 https://registry.npmjs.org/hermes-parser/-/hermes-parser-0.32.0.tgz 7784ms (cache miss)
5215 http fetch GET 200 https://registry.npmjs.org/metro-runtime/-/metro-runtime-0.83.3.tgz 7797ms (cache miss)
5216 http fetch GET 200 https://registry.npmjs.org/metro-cache/-/metro-cache-0.83.3.tgz 7853ms (cache miss)
5217 http fetch GET 200 https://registry.npmjs.org/metro-core/-/metro-core-0.83.3.tgz 7861ms (cache miss)
5218 http fetch GET 200 https://registry.npmjs.org/p-limit/-/p-limit-3.1.0.tgz 7856ms (cache miss)
5219 http fetch GET 200 https://registry.npmjs.org/metro-babel-transformer/-/metro-babel-transformer-0.83.3.tgz 7856ms (cache miss)
5220 http fetch GET 200 https://registry.npmjs.org/xml2js/-/xml2js-0.6.0.tgz 7855ms (cache miss)
5221 http fetch GET 200 https://registry.npmjs.org/@react-native/codegen/-/codegen-0.81.5.tgz 7984ms (cache miss)
5222 http fetch GET 200 https://registry.npmjs.org/json5/-/json5-2.2.3.tgz 7968ms (cache miss)
5223 http fetch GET 200 https://registry.npmjs.org/supports-color/-/supports-color-5.5.0.tgz 7991ms (cache miss)
5224 http fetch GET 200 https://registry.npmjs.org/metro-transform-worker/-/metro-transform-worker-0.83.3.tgz 8028ms (cache miss)
5225 http fetch GET 200 https://registry.npmjs.org/slash/-/slash-3.0.0.tgz 8037ms (cache miss)
5226 http fetch GET 200 https://registry.npmjs.org/arg/-/arg-5.0.2.tgz 8045ms (cache miss)
5227 http fetch GET 200 https://registry.npmjs.org/@xmldom/xmldom/-/xmldom-0.8.13.tgz 8092ms (cache miss)
5228 http fetch GET 200 https://registry.npmjs.org/js-tokens/-/js-tokens-4.0.0.tgz 8086ms (cache miss)
5229 http fetch GET 200 https://registry.npmjs.org/ignore/-/ignore-5.3.2.tgz 8090ms (cache miss)
5230 http fetch GET 200 https://registry.npmjs.org/picocolors/-/picocolors-1.1.1.tgz 8099ms (cache miss)
5231 http fetch GET 200 https://registry.npmjs.org/chalk/-/chalk-2.4.2.tgz 8101ms (cache miss)
5232 http fetch GET 200 https://registry.npmjs.org/debug/-/debug-4.4.3.tgz 8105ms (cache miss)
5233 http fetch GET 200 https://registry.npmjs.org/@babel/helper-validator-identifier/-/helper-validator-identifier-7.28.5.tgz 8126ms (cache miss)
5234 http fetch GET 200 https://registry.npmjs.org/getenv/-/getenv-2.0.0.tgz 8138ms (cache miss)
5235 http fetch GET 200 https://registry.npmjs.org/slugify/-/slugify-1.6.9.tgz 8138ms (cache miss)
5236 http fetch GET 200 https://registry.npmjs.org/resolve-from/-/resolve-from-5.0.0.tgz 8141ms (cache miss)
5237 http fetch GET 200 https://registry.npmjs.org/metro-config/-/metro-config-0.83.3.tgz 8188ms (cache miss)
5238 http fetch GET 200 https://registry.npmjs.org/metro-source-map/-/metro-source-map-0.83.3.tgz 8197ms (cache miss)
5239 http fetch GET 200 https://registry.npmjs.org/require-from-string/-/require-from-string-2.0.2.tgz 8254ms (cache miss)
5240 http fetch GET 200 https://registry.npmjs.org/deepmerge/-/deepmerge-4.3.1.tgz 8254ms (cache miss)
5241 http fetch GET 200 https://registry.npmjs.org/@expo/spawn-async/-/spawn-async-1.7.2.tgz 8259ms (cache miss)
5242 http fetch GET 200 https://registry.npmjs.org/@babel/parser/-/parser-7.29.2.tgz 8278ms (cache miss)
5243 http fetch GET 200 https://registry.npmjs.org/@expo/sdk-runtime-versions/-/sdk-runtime-versions-1.0.0.tgz 8261ms (cache miss)
5244 http fetch GET 200 https://registry.npmjs.org/resolve-workspace-root/-/resolve-workspace-root-2.0.1.tgz 8267ms (cache miss)
5245 http fetch GET 200 https://registry.npmjs.org/metro-resolver/-/metro-resolver-0.83.3.tgz 8300ms (cache miss)
5246 http fetch GET 200 https://registry.npmjs.org/xcode/-/xcode-3.0.1.tgz 8353ms (cache miss)
5247 http fetch GET 200 https://registry.npmjs.org/yaml/-/yaml-2.8.3.tgz 8444ms (cache miss)
5248 http fetch GET 200 https://registry.npmjs.org/@babel/highlight/-/highlight-7.25.9.tgz 8401ms (cache miss)
5249 http fetch GET 200 https://registry.npmjs.org/@babel/core/-/core-7.29.0.tgz 8448ms (cache miss)
5250 http fetch GET 200 https://registry.npmjs.org/minimatch/-/minimatch-9.0.9.tgz 8438ms (cache miss)
5251 http fetch GET 200 https://registry.npmjs.org/semver/-/semver-7.7.4.tgz 8448ms (cache miss)
5252 http fetch GET 200 https://registry.npmjs.org/pretty-format/-/pretty-format-29.7.0.tgz 8452ms (cache miss)
5253 http fetch GET 200 https://registry.npmjs.org/@expo/plist/-/plist-0.4.8.tgz 8539ms (cache miss)
5254 http fetch GET 200 https://registry.npmjs.org/whatwg-url-without-unicode/-/whatwg-url-without-unicode-8.0.0-3.tgz 8539ms (cache miss)
5255 http fetch GET 200 https://registry.npmjs.org/@expo/json-file/-/json-file-10.0.13.tgz 8575ms (cache miss)
5256 http fetch GET 200 https://registry.npmjs.org/@babel/code-frame/-/code-frame-7.10.4.tgz 8636ms (cache miss)
5257 http fetch GET 200 https://registry.npmjs.org/@expo/config-types/-/config-types-54.0.10.tgz 8644ms (cache miss)
5258 http fetch GET 200 https://registry.npmjs.org/metro-file-map/-/metro-file-map-0.83.3.tgz 8664ms (cache miss)
5259 http fetch GET 200 https://registry.npmjs.org/@babel/types/-/types-7.29.0.tgz 8786ms (cache miss)
5260 http fetch GET 200 https://registry.npmjs.org/@babel/traverse/-/traverse-7.29.0.tgz 8788ms (cache miss)
5261 http fetch GET 200 https://registry.npmjs.org/react-refresh/-/react-refresh-0.14.2.tgz 8789ms (cache miss)
5262 http fetch GET 200 https://registry.npmjs.org/expo-status-bar/-/expo-status-bar-3.0.9.tgz 8787ms (cache miss)
5263 http fetch GET 200 https://registry.npmjs.org/@ungap/structured-clone/-/structured-clone-1.3.0.tgz 8793ms (cache miss)
5264 http fetch GET 200 https://registry.npmjs.org/semver/-/semver-6.3.1.tgz 8825ms (cache miss)
5265 http fetch GET 200 https://registry.npmjs.org/semver/-/semver-6.3.1.tgz 8847ms (cache miss)
5266 http fetch GET 200 https://registry.npmjs.org/semver/-/semver-6.3.1.tgz 8855ms (cache miss)
5267 http fetch GET 200 https://registry.npmjs.org/supports-color/-/supports-color-7.2.0.tgz 8876ms (cache miss)
5268 http fetch GET 200 https://registry.npmjs.org/react/-/react-19.1.0.tgz 8889ms (cache miss)
5269 http fetch GET 200 https://registry.npmjs.org/has-flag/-/has-flag-4.0.0.tgz 8943ms (cache miss)
5270 http fetch GET 200 https://registry.npmjs.org/@babel/code-frame/-/code-frame-7.29.0.tgz 8956ms (cache miss)
5271 http fetch GET 200 https://registry.npmjs.org/lru-cache/-/lru-cache-10.4.3.tgz 9062ms (cache miss)
5272 http fetch GET 200 https://registry.npmjs.org/strip-ansi/-/strip-ansi-5.2.0.tgz 9068ms (cache miss)
5273 http fetch GET 200 https://registry.npmjs.org/ansi-regex/-/ansi-regex-4.1.1.tgz 9070ms (cache miss)
5274 http fetch GET 200 https://registry.npmjs.org/yallist/-/yallist-5.0.0.tgz 9073ms (cache miss)
5275 http fetch GET 200 https://registry.npmjs.org/glob/-/glob-13.0.6.tgz 9155ms (cache miss)
5276 http fetch GET 200 https://registry.npmjs.org/type-fest/-/type-fest-0.21.3.tgz 9156ms (cache miss)
5277 http fetch GET 200 https://registry.npmjs.org/@expo/config/-/config-12.0.13.tgz 9168ms (cache miss)
5278 http fetch GET 200 https://registry.npmjs.org/@babel/helpers/-/helpers-7.29.2.tgz 9226ms (cache miss)
5279 http fetch GET 200 https://registry.npmjs.org/semver/-/semver-6.3.1.tgz 9203ms (cache miss)
5280 http fetch GET 200 https://registry.npmjs.org/open/-/open-8.4.2.tgz 9254ms (cache miss)
5281 http fetch GET 200 https://registry.npmjs.org/ms/-/ms-2.0.0.tgz 9276ms (cache miss)
5282 http fetch GET 200 https://registry.npmjs.org/negotiator/-/negotiator-0.6.4.tgz 9276ms (cache miss)
5283 http fetch GET 200 https://registry.npmjs.org/color-convert/-/color-convert-2.0.1.tgz 9281ms (cache miss)
5284 http fetch GET 200 https://registry.npmjs.org/resolve/-/resolve-1.7.1.tgz 9324ms (cache miss)
5285 http fetch GET 200 https://registry.npmjs.org/has-flag/-/has-flag-4.0.0.tgz 9322ms (cache miss)
5286 http fetch GET 200 https://registry.npmjs.org/color-name/-/color-name-1.1.4.tgz 9332ms (cache miss)
5287 http fetch GET 200 https://registry.npmjs.org/debug/-/debug-2.6.9.tgz 9339ms (cache miss)
5288 http fetch GET 200 https://registry.npmjs.org/color-name/-/color-name-1.1.4.tgz 9408ms (cache miss)
5289 http fetch GET 200 https://registry.npmjs.org/chalk/-/chalk-4.1.2.tgz 9410ms (cache miss)
5290 http fetch GET 200 https://registry.npmjs.org/has-flag/-/has-flag-4.0.0.tgz 9448ms (cache miss)
5291 http fetch GET 200 https://registry.npmjs.org/@babel/code-frame/-/code-frame-7.29.0.tgz 9450ms (cache miss)
5292 http fetch GET 200 https://registry.npmjs.org/supports-color/-/supports-color-7.2.0.tgz 9451ms (cache miss)
5293 http fetch GET 200 https://registry.npmjs.org/ansi-styles/-/ansi-styles-4.3.0.tgz 9453ms (cache miss)
5294 http fetch GET 200 https://registry.npmjs.org/supports-color/-/supports-color-7.2.0.tgz 9462ms (cache miss)
5295 http fetch GET 200 https://registry.npmjs.org/color-convert/-/color-convert-2.0.1.tgz 9469ms (cache miss)
5296 http fetch GET 200 https://registry.npmjs.org/color-name/-/color-name-1.1.4.tgz 9469ms (cache miss)
5297 http fetch GET 200 https://registry.npmjs.org/color-convert/-/color-convert-2.0.1.tgz 9477ms (cache miss)
5298 http fetch GET 200 https://registry.npmjs.org/argparse/-/argparse-2.0.1.tgz 9490ms (cache miss)
5299 http fetch GET 200 https://registry.npmjs.org/supports-color/-/supports-color-7.2.0.tgz 9576ms (cache miss)
5300 http fetch GET 200 https://registry.npmjs.org/color-name/-/color-name-1.1.4.tgz 9575ms (cache miss)
5301 http fetch GET 200 https://registry.npmjs.org/has-flag/-/has-flag-4.0.0.tgz 9576ms (cache miss)
5302 http fetch GET 200 https://registry.npmjs.org/has-flag/-/has-flag-4.0.0.tgz 9577ms (cache miss)
5303 http fetch GET 200 https://registry.npmjs.org/ansi-styles/-/ansi-styles-4.3.0.tgz 9579ms (cache miss)
5304 http fetch GET 200 https://registry.npmjs.org/supports-color/-/supports-color-7.2.0.tgz 9586ms (cache miss)
5305 http fetch GET 200 https://registry.npmjs.org/color-convert/-/color-convert-2.0.1.tgz 9586ms (cache miss)
5306 http fetch GET 200 https://registry.npmjs.org/chalk/-/chalk-4.1.2.tgz 9586ms (cache miss)
5307 http fetch GET 200 https://registry.npmjs.org/debug/-/debug-3.2.7.tgz 9624ms (cache miss)
5308 http fetch GET 200 https://registry.npmjs.org/ansi-styles/-/ansi-styles-4.3.0.tgz 9627ms (cache miss)
5309 http fetch GET 200 https://registry.npmjs.org/ansi-styles/-/ansi-styles-4.3.0.tgz 9626ms (cache miss)
5310 http fetch GET 200 https://registry.npmjs.org/statuses/-/statuses-2.0.2.tgz 9636ms (cache miss)
5311 http fetch GET 200 https://registry.npmjs.org/chalk/-/chalk-4.1.2.tgz 9649ms (cache miss)
5312 http fetch GET 200 https://registry.npmjs.org/@expo/devtools/-/devtools-0.1.8.tgz 9698ms (cache miss)
5313 http fetch GET 200 https://registry.npmjs.org/js-yaml/-/js-yaml-4.1.1.tgz 9719ms (cache miss)
5314 http fetch GET 200 https://registry.npmjs.org/chalk/-/chalk-4.1.2.tgz 9735ms (cache miss)
5315 http fetch GET 200 https://registry.npmjs.org/color-name/-/color-name-1.1.4.tgz 9803ms (cache miss)
5316 http fetch GET 200 https://registry.npmjs.org/on-finished/-/on-finished-2.4.1.tgz 9805ms (cache miss)
5317 http fetch GET 200 https://registry.npmjs.org/escape-string-regexp/-/escape-string-regexp-2.0.0.tgz 9806ms (cache miss)
5318 http fetch GET 200 https://registry.npmjs.org/ms/-/ms-2.0.0.tgz 9826ms (cache miss)
5319 http fetch GET 200 https://registry.npmjs.org/sucrase/-/sucrase-3.35.1.tgz 9858ms (cache miss)
5320 http fetch GET 200 https://registry.npmjs.org/@expo/fingerprint/-/fingerprint-0.15.4.tgz 9871ms (cache miss)
5321 http fetch GET 200 https://registry.npmjs.org/statuses/-/statuses-2.0.2.tgz 9887ms (cache miss)
5322 http fetch GET 200 https://registry.npmjs.org/color-convert/-/color-convert-2.0.1.tgz 9889ms (cache miss)
5323 http fetch GET 200 https://registry.npmjs.org/p-limit/-/p-limit-2.3.0.tgz 9891ms (cache miss)
5324 http fetch GET 200 https://registry.npmjs.org/encodeurl/-/encodeurl-2.0.0.tgz 9900ms (cache miss)
5325 http fetch GET 200 https://registry.npmjs.org/color-convert/-/color-convert-2.0.1.tgz 9940ms (cache miss)
5326 http fetch GET 200 https://registry.npmjs.org/debug/-/debug-2.6.9.tgz 9960ms (cache miss)
5327 http fetch GET 200 https://registry.npmjs.org/supports-color/-/supports-color-7.2.0.tgz 9969ms (cache miss)
5328 http fetch GET 200 https://registry.npmjs.org/expo-modules-autolinking/-/expo-modules-autolinking-3.0.24.tgz 10022ms (cache miss)
5329 http fetch GET 200 https://registry.npmjs.org/brace-expansion/-/brace-expansion-1.1.14.tgz 10020ms (cache miss)
5330 http fetch GET 200 https://registry.npmjs.org/@babel/runtime/-/runtime-7.29.2.tgz 10067ms (cache miss)
5331 http fetch GET 200 https://registry.npmjs.org/minimatch/-/minimatch-3.1.5.tgz 10053ms (cache miss)
5332 http fetch GET 200 https://registry.npmjs.org/color-name/-/color-name-1.1.4.tgz 10060ms (cache miss)
5333 http fetch GET 200 https://registry.npmjs.org/has-flag/-/has-flag-4.0.0.tgz 10066ms (cache miss)
5334 http fetch GET 200 https://registry.npmjs.org/fdir/-/fdir-6.5.0.tgz 10142ms (cache miss)
5335 http fetch GET 200 https://registry.npmjs.org/@babel/code-frame/-/code-frame-7.29.0.tgz 10196ms (cache miss)
5336 http fetch GET 200 https://registry.npmjs.org/ansi-styles/-/ansi-styles-4.3.0.tgz 10447ms (cache miss)
5337 http fetch GET 200 https://registry.npmjs.org/ansi-styles/-/ansi-styles-4.3.0.tgz 10451ms (cache miss)
5338 http fetch GET 200 https://registry.npmjs.org/ansi-styles/-/ansi-styles-4.3.0.tgz 10447ms (cache miss)
5339 http fetch GET 200 https://registry.npmjs.org/ms/-/ms-2.0.0.tgz 10449ms (cache miss)
5340 http fetch GET 200 https://registry.npmjs.org/brace-expansion/-/brace-expansion-1.1.14.tgz 10451ms (cache miss)
5341 http fetch GET 200 https://registry.npmjs.org/chalk/-/chalk-4.1.2.tgz 10453ms (cache miss)
5342 http fetch GET 200 https://registry.npmjs.org/encodeurl/-/encodeurl-2.0.0.tgz 10451ms (cache miss)
5343 http fetch GET 200 https://registry.npmjs.org/color-convert/-/color-convert-2.0.1.tgz 10452ms (cache miss)
5344 http fetch GET 200 https://registry.npmjs.org/minimatch/-/minimatch-3.1.5.tgz 10453ms (cache miss)
5345 http fetch GET 200 https://registry.npmjs.org/has-flag/-/has-flag-4.0.0.tgz 10450ms (cache miss)
5346 http fetch GET 200 https://registry.npmjs.org/escape-string-regexp/-/escape-string-regexp-4.0.0.tgz 10452ms (cache miss)
5347 http fetch GET 200 https://registry.npmjs.org/has-flag/-/has-flag-4.0.0.tgz 10451ms (cache miss)
5348 http fetch GET 200 https://registry.npmjs.org/camelcase/-/camelcase-5.3.1.tgz 10453ms (cache miss)
5349 http fetch GET 200 https://registry.npmjs.org/color-name/-/color-name-1.1.4.tgz 10451ms (cache miss)
5350 http fetch GET 200 https://registry.npmjs.org/glob/-/glob-7.2.3.tgz 10460ms (cache miss)
5351 http fetch GET 200 https://registry.npmjs.org/color-name/-/color-name-1.1.4.tgz 10463ms (cache miss)
5352 http fetch GET 200 https://registry.npmjs.org/escape-string-regexp/-/escape-string-regexp-4.0.0.tgz 10466ms (cache miss)
5353 http fetch GET 200 https://registry.npmjs.org/color-convert/-/color-convert-2.0.1.tgz 10473ms (cache miss)
5354 http fetch GET 200 https://registry.npmjs.org/supports-color/-/supports-color-7.2.0.tgz 10472ms (cache miss)
5355 http fetch GET 200 https://registry.npmjs.org/supports-color/-/supports-color-7.2.0.tgz 10474ms (cache miss)
5356 http fetch GET 200 https://registry.npmjs.org/ansi-styles/-/ansi-styles-4.3.0.tgz 10476ms (cache miss)
5357 http fetch GET 200 https://registry.npmjs.org/glob/-/glob-7.2.3.tgz 10484ms (cache miss)
5358 http fetch GET 200 https://registry.npmjs.org/minimatch/-/minimatch-3.1.5.tgz 10481ms (cache miss)
5359 warn deprecated glob@7.2.3: Old versions of glob are not supported, and contain widely publicized security vulnerabilities, which have been fixed in the current version. Please update. Support for old versions may be purchased (at exorbitant rates) by contacting i@izs.me
5360 warn deprecated glob@7.2.3: Old versions of glob are not supported, and contain widely publicized security vulnerabilities, which have been fixed in the current version. Please update. Support for old versions may be purchased (at exorbitant rates) by contacting i@izs.me
5361 http fetch GET 200 https://registry.npmjs.org/semver/-/semver-6.3.1.tgz 10491ms (cache miss)
5362 http fetch GET 200 https://registry.npmjs.org/picomatch/-/picomatch-4.0.4.tgz 10511ms (cache miss)
5363 http fetch GET 200 https://registry.npmjs.org/brace-expansion/-/brace-expansion-1.1.14.tgz 10522ms (cache miss)
5364 http fetch GET 200 https://registry.npmjs.org/chalk/-/chalk-4.1.2.tgz 10525ms (cache miss)
5365 http fetch GET 200 https://registry.npmjs.org/chalk/-/chalk-4.1.2.tgz 10530ms (cache miss)
5366 http fetch GET 200 https://registry.npmjs.org/color-name/-/color-name-1.1.4.tgz 10553ms (cache miss)
5367 http fetch GET 200 https://registry.npmjs.org/supports-color/-/supports-color-7.2.0.tgz 10553ms (cache miss)
5368 http fetch GET 200 https://registry.npmjs.org/glob/-/glob-7.2.3.tgz 10555ms (cache miss)
5369 http fetch GET 200 https://registry.npmjs.org/ansi-styles/-/ansi-styles-4.3.0.tgz 10575ms (cache miss)
5370 http fetch GET 200 https://registry.npmjs.org/has-flag/-/has-flag-4.0.0.tgz 10577ms (cache miss)
5371 warn deprecated glob@7.2.3: Old versions of glob are not supported, and contain widely publicized security vulnerabilities, which have been fixed in the current version. Please update. Support for old versions may be purchased (at exorbitant rates) by contacting i@izs.me
5372 http fetch GET 200 https://registry.npmjs.org/has-flag/-/has-flag-4.0.0.tgz 10658ms (cache miss)
5373 http fetch GET 200 https://registry.npmjs.org/has-flag/-/has-flag-4.0.0.tgz 10658ms (cache miss)
5374 http fetch GET 200 https://registry.npmjs.org/debug/-/debug-2.6.9.tgz 10677ms (cache miss)
5375 http fetch GET 200 https://registry.npmjs.org/commander/-/commander-2.20.3.tgz 10681ms (cache miss)
5376 http fetch GET 200 https://registry.npmjs.org/chalk/-/chalk-4.1.2.tgz 10686ms (cache miss)
5377 http fetch GET 200 https://registry.npmjs.org/color-name/-/color-name-1.1.4.tgz 10683ms (cache miss)
5378 http fetch GET 200 https://registry.npmjs.org/color-convert/-/color-convert-2.0.1.tgz 10684ms (cache miss)
5379 http fetch GET 200 https://registry.npmjs.org/ws/-/ws-6.2.3.tgz 10692ms (cache miss)
5380 http fetch GET 200 https://registry.npmjs.org/ansi-styles/-/ansi-styles-4.3.0.tgz 10689ms (cache miss)
5381 http fetch GET 200 https://registry.npmjs.org/color-convert/-/color-convert-2.0.1.tgz 10701ms (cache miss)
5382 http fetch GET 200 https://registry.npmjs.org/@babel/code-frame/-/code-frame-7.29.0.tgz 10715ms (cache miss)
5383 http fetch GET 200 https://registry.npmjs.org/supports-color/-/supports-color-7.2.0.tgz 10709ms (cache miss)
5384 http fetch GET 200 https://registry.npmjs.org/source-map/-/source-map-0.6.1.tgz 10739ms (cache miss)
5385 http fetch GET 200 https://registry.npmjs.org/ms/-/ms-2.0.0.tgz 10727ms (cache miss)
5386 http fetch GET 200 https://registry.npmjs.org/color-convert/-/color-convert-2.0.1.tgz 10757ms (cache miss)
5387 http fetch GET 200 https://registry.npmjs.org/chalk/-/chalk-4.1.2.tgz 10778ms (cache miss)
5388 http fetch GET 200 https://registry.npmjs.org/supports-color/-/supports-color-7.2.0.tgz 10778ms (cache miss)
5389 http fetch GET 200 https://registry.npmjs.org/supports-color/-/supports-color-8.1.1.tgz 10790ms (cache miss)
5390 http fetch GET 200 https://registry.npmjs.org/color-name/-/color-name-1.1.4.tgz 10798ms (cache miss)
5391 http fetch GET 200 https://registry.npmjs.org/has-flag/-/has-flag-4.0.0.tgz 10806ms (cache miss)
5392 http fetch GET 200 https://registry.npmjs.org/semver/-/semver-6.3.1.tgz 10810ms (cache miss)
5393 http fetch GET 200 https://registry.npmjs.org/hermes-estree/-/hermes-estree-0.29.1.tgz 10839ms (cache miss)
5394 http fetch GET 200 https://registry.npmjs.org/debug/-/debug-2.6.9.tgz 10847ms (cache miss)
5395 http fetch GET 200 https://registry.npmjs.org/hermes-estree/-/hermes-estree-0.29.1.tgz 10869ms (cache miss)
5396 http fetch GET 200 https://registry.npmjs.org/ms/-/ms-2.0.0.tgz 10863ms (cache miss)
5397 http fetch GET 200 https://registry.npmjs.org/@babel/code-frame/-/code-frame-7.29.0.tgz 10887ms (cache miss)
5398 http fetch GET 200 https://registry.npmjs.org/ci-info/-/ci-info-3.9.0.tgz 10888ms (cache miss)
5399 http fetch GET 200 https://registry.npmjs.org/@babel/code-frame/-/code-frame-7.29.0.tgz 10894ms (cache miss)
5400 http fetch GET 200 https://registry.npmjs.org/react-devtools-core/-/react-devtools-core-6.1.5.tgz 11017ms (cache miss)
5401 http fetch GET 200 https://registry.npmjs.org/debug/-/debug-2.6.9.tgz 10939ms (cache miss)
5402 http fetch GET 200 https://registry.npmjs.org/has-flag/-/has-flag-4.0.0.tgz 10977ms (cache miss)
5403 http fetch GET 200 https://registry.npmjs.org/@babel/code-frame/-/code-frame-7.29.0.tgz 11001ms (cache miss)
5404 http fetch GET 200 https://registry.npmjs.org/supports-color/-/supports-color-7.2.0.tgz 11003ms (cache miss)
5405 http fetch GET 200 https://registry.npmjs.org/color-convert/-/color-convert-2.0.1.tgz 11005ms (cache miss)
5406 http fetch GET 200 https://registry.npmjs.org/chalk/-/chalk-4.1.2.tgz 11004ms (cache miss)
5407 http fetch GET 200 https://registry.npmjs.org/ansi-styles/-/ansi-styles-4.3.0.tgz 11008ms (cache miss)
5408 http fetch GET 200 https://registry.npmjs.org/@babel/code-frame/-/code-frame-7.29.0.tgz 11008ms (cache miss)
5409 http fetch GET 200 https://registry.npmjs.org/metro/-/metro-0.83.3.tgz 11070ms (cache miss)
5410 http fetch GET 200 https://registry.npmjs.org/semver/-/semver-6.3.1.tgz 11020ms (cache miss)
5411 http fetch GET 200 https://registry.npmjs.org/chalk/-/chalk-4.1.2.tgz 11027ms (cache miss)
5412 http fetch GET 200 https://registry.npmjs.org/color-name/-/color-name-1.1.4.tgz 11045ms (cache miss)
5413 http fetch GET 200 https://registry.npmjs.org/has-flag/-/has-flag-4.0.0.tgz 11062ms (cache miss)
5414 http fetch GET 200 https://registry.npmjs.org/ansi-styles/-/ansi-styles-5.2.0.tgz 11063ms (cache miss)
5415 http fetch GET 200 https://registry.npmjs.org/brace-expansion/-/brace-expansion-5.0.5.tgz 11066ms (cache miss)
5416 http fetch GET 200 https://registry.npmjs.org/balanced-match/-/balanced-match-4.0.4.tgz 11077ms (cache miss)
5417 http fetch GET 200 https://registry.npmjs.org/@babel/code-frame/-/code-frame-7.29.0.tgz 11088ms (cache miss)
5418 http fetch GET 200 https://registry.npmjs.org/color-convert/-/color-convert-2.0.1.tgz 11096ms (cache miss)
5419 http fetch GET 200 https://registry.npmjs.org/color-name/-/color-name-1.1.4.tgz 11100ms (cache miss)
5420 http fetch GET 200 https://registry.npmjs.org/supports-color/-/supports-color-7.2.0.tgz 11100ms (cache miss)
5421 http fetch GET 200 https://registry.npmjs.org/commander/-/commander-4.1.1.tgz 11114ms (cache miss)
5422 http fetch GET 200 https://registry.npmjs.org/supports-color/-/supports-color-7.2.0.tgz 11124ms (cache miss)
5423 http fetch GET 200 https://registry.npmjs.org/ansi-styles/-/ansi-styles-4.3.0.tgz 11154ms (cache miss)
5424 http fetch GET 200 https://registry.npmjs.org/color-name/-/color-name-1.1.4.tgz 11151ms (cache miss)
5425 http fetch GET 200 https://registry.npmjs.org/color-name/-/color-name-1.1.4.tgz 11151ms (cache miss)
5426 http fetch GET 200 https://registry.npmjs.org/ansi-styles/-/ansi-styles-4.3.0.tgz 11153ms (cache miss)
5427 http fetch GET 200 https://registry.npmjs.org/has-flag/-/has-flag-4.0.0.tgz 11154ms (cache miss)
5428 http fetch GET 200 https://registry.npmjs.org/color-convert/-/color-convert-2.0.1.tgz 11172ms (cache miss)
5429 http fetch GET 200 https://registry.npmjs.org/color-convert/-/color-convert-2.0.1.tgz 11244ms (cache miss)
5430 http fetch GET 200 https://registry.npmjs.org/has-flag/-/has-flag-4.0.0.tgz 11248ms (cache miss)
5431 http fetch GET 200 https://registry.npmjs.org/has-flag/-/has-flag-4.0.0.tgz 11248ms (cache miss)
5432 http fetch GET 200 https://registry.npmjs.org/supports-color/-/supports-color-7.2.0.tgz 11248ms (cache miss)
5433 http fetch GET 200 https://registry.npmjs.org/color-name/-/color-name-1.1.4.tgz 11251ms (cache miss)
5434 http fetch GET 200 https://registry.npmjs.org/chalk/-/chalk-4.1.2.tgz 11271ms (cache miss)
5435 http fetch GET 200 https://registry.npmjs.org/chalk/-/chalk-4.1.2.tgz 11280ms (cache miss)
5436 http fetch GET 200 https://registry.npmjs.org/supports-color/-/supports-color-7.2.0.tgz 11280ms (cache miss)
5437 http fetch GET 200 https://registry.npmjs.org/brace-expansion/-/brace-expansion-1.1.14.tgz 11282ms (cache miss)
5438 http fetch GET 200 https://registry.npmjs.org/has-flag/-/has-flag-4.0.0.tgz 11291ms (cache miss)
5439 http fetch GET 200 https://registry.npmjs.org/chalk/-/chalk-4.1.2.tgz 11334ms (cache miss)
5440 http fetch GET 200 https://registry.npmjs.org/commander/-/commander-12.1.0.tgz 11371ms (cache miss)
5441 http fetch GET 200 https://registry.npmjs.org/ansi-styles/-/ansi-styles-4.3.0.tgz 11394ms (cache miss)
5442 http fetch GET 200 https://registry.npmjs.org/ansi-styles/-/ansi-styles-4.3.0.tgz 11390ms (cache miss)
5443 http fetch GET 200 https://registry.npmjs.org/color-name/-/color-name-1.1.4.tgz 11393ms (cache miss)
5444 http fetch GET 200 https://registry.npmjs.org/minimatch/-/minimatch-3.1.5.tgz 11401ms (cache miss)
5445 http fetch GET 200 https://registry.npmjs.org/ansi-styles/-/ansi-styles-4.3.0.tgz 11403ms (cache miss)
5446 http fetch GET 200 https://registry.npmjs.org/chalk/-/chalk-4.1.2.tgz 11404ms (cache miss)
5447 http fetch GET 200 https://registry.npmjs.org/color-convert/-/color-convert-2.0.1.tgz 11409ms (cache miss)
5448 http fetch GET 200 https://registry.npmjs.org/glob/-/glob-7.2.3.tgz 11429ms (cache miss)
5449 warn deprecated glob@7.2.3: Old versions of glob are not supported, and contain widely publicized security vulnerabilities, which have been fixed in the current version. Please update. Support for old versions may be purchased (at exorbitant rates) by contacting i@izs.me
5450 http fetch GET 200 https://registry.npmjs.org/xmlbuilder/-/xmlbuilder-11.0.1.tgz 11449ms (cache miss)
5451 http fetch GET 200 https://registry.npmjs.org/color-convert/-/color-convert-2.0.1.tgz 11479ms (cache miss)
5452 http fetch GET 200 https://registry.npmjs.org/supports-color/-/supports-color-7.2.0.tgz 11480ms (cache miss)
5453 http fetch GET 200 https://registry.npmjs.org/@babel/code-frame/-/code-frame-7.29.0.tgz 11484ms (cache miss)
5454 http fetch GET 200 https://registry.npmjs.org/hermes-parser/-/hermes-parser-0.29.1.tgz 11532ms (cache miss)
5455 http fetch GET 200 https://registry.npmjs.org/ci-info/-/ci-info-3.9.0.tgz 11506ms (cache miss)
5456 http fetch GET 200 https://registry.npmjs.org/ws/-/ws-6.2.3.tgz 11542ms (cache miss)
5457 http fetch GET 200 https://registry.npmjs.org/ws/-/ws-8.20.0.tgz 11602ms (cache miss)
5458 http fetch GET 200 https://registry.npmjs.org/minimatch/-/minimatch-10.2.5.tgz 11638ms (cache miss)
5459 http fetch GET 200 https://registry.npmjs.org/ansi-styles/-/ansi-styles-4.3.0.tgz 11704ms (cache miss)
5460 http fetch GET 200 https://registry.npmjs.org/hermes-estree/-/hermes-estree-0.29.1.tgz 11754ms (cache miss)
5461 http fetch GET 200 https://registry.npmjs.org/picomatch/-/picomatch-3.0.2.tgz 11757ms (cache miss)
5462 http fetch GET 200 https://registry.npmjs.org/chalk/-/chalk-4.1.2.tgz 11801ms (cache miss)
5463 http fetch GET 200 https://registry.npmjs.org/lru-cache/-/lru-cache-11.3.5.tgz 11831ms (cache miss)
5464 http fetch GET 200 https://registry.npmjs.org/babel-preset-expo/-/babel-preset-expo-54.0.10.tgz 11832ms (cache miss)
5465 http fetch GET 200 https://registry.npmjs.org/expo/-/expo-54.0.33.tgz 11919ms (cache miss)
5466 http fetch GET 200 https://registry.npmjs.org/@react-native/virtualized-lists/-/virtualized-lists-0.81.5.tgz 11963ms (cache miss)
5467 http fetch GET 200 https://registry.npmjs.org/hermes-parser/-/hermes-parser-0.29.1.tgz 11985ms (cache miss)
5468 http fetch GET 200 https://registry.npmjs.org/expo-keep-awake/-/expo-keep-awake-15.0.8.tgz 12087ms (cache miss)
5469 http fetch GET 200 https://registry.npmjs.org/expo-constants/-/expo-constants-18.0.13.tgz 12197ms (cache miss)
5470 http fetch GET 200 https://registry.npmjs.org/@expo/metro/-/metro-54.2.0.tgz 12256ms (cache miss)
5471 http fetch GET 200 https://registry.npmjs.org/@expo/config-plugins/-/config-plugins-54.0.4.tgz 12563ms (cache miss)
5472 http fetch GET 200 https://registry.npmjs.org/hermes-parser/-/hermes-parser-0.29.1.tgz 12676ms (cache miss)
5473 http fetch GET 200 https://registry.npmjs.org/expo-font/-/expo-font-14.0.11.tgz 12821ms (cache miss)
5474 http fetch GET 200 https://registry.npmjs.org/expo-asset/-/expo-asset-12.0.12.tgz 12917ms (cache miss)
5475 http fetch GET 200 https://registry.npmjs.org/@expo/metro-config/-/metro-config-54.0.14.tgz 13214ms (cache miss)
5476 http fetch GET 200 https://registry.npmjs.org/expo-file-system/-/expo-file-system-19.0.21.tgz 13380ms (cache miss)
5477 http fetch GET 200 https://registry.npmjs.org/caniuse-lite/-/caniuse-lite-1.0.30001788.tgz 13487ms (cache miss)
5478 http fetch GET 200 https://registry.npmjs.org/@expo/prebuild-config/-/prebuild-config-54.0.8.tgz 13401ms (cache miss)
5479 http fetch GET 200 https://registry.npmjs.org/@react-native/debugger-frontend/-/debugger-frontend-0.81.5.tgz 15023ms (cache miss)
5480 http fetch GET https://registry.npmjs.org/@babel/helper-remap-async-to-generator/-/helper-remap-async-to-generator-7.27.1.tgz attempt 1 failed with ECONNRESET
5481 http fetch GET 200 https://registry.npmjs.org/expo-modules-core/-/expo-modules-core-3.0.29.tgz 15348ms (cache miss)
5482 http fetch GET 200 https://registry.npmjs.org/@expo/vector-icons/-/vector-icons-15.1.1.tgz 15815ms (cache miss)
5483 http fetch GET 200 https://registry.npmjs.org/@expo/cli/-/cli-54.0.23.tgz 18476ms (cache miss)
5484 http fetch GET 200 https://registry.npmjs.org/@babel/helper-remap-async-to-generator/-/helper-remap-async-to-generator-7.27.1.tgz 25648ms attempt #2 (cache miss)
5485 http fetch GET 200 https://registry.npmjs.org/react-native/-/react-native-0.81.5.tgz 29315ms (cache miss)
5486 silly ADD node_modules/p-try
5487 silly ADD node_modules/fontfaceobserver
5488 silly ADD node_modules/unicode-property-aliases-ecmascript
5489 silly ADD node_modules/unicode-canonical-property-names-ecmascript
5490 silly ADD node_modules/unicode-match-property-value-ecmascript
5491 silly ADD node_modules/unicode-match-property-ecmascript
5492 silly ADD node_modules/regjsparser
5493 silly ADD node_modules/regjsgen
5494 silly ADD node_modules/regenerate-unicode-properties
5495 silly ADD node_modules/regenerate
5496 silly ADD node_modules/core-js-compat
5497 silly ADD node_modules/lodash.debounce
5498 silly ADD node_modules/@babel/helper-define-polyfill-provider
5499 silly ADD node_modules/regexpu-core
5500 silly ADD node_modules/@babel/helper-create-regexp-features-plugin
5501 silly ADD node_modules/@babel/helper-create-regexp-features-plugin/node_modules/semver
5502 silly ADD node_modules/@babel/helper-wrap-function
5503 silly ADD node_modules/@babel/helper-remap-async-to-generator
5504 silly ADD node_modules/@react-native/babel-plugin-codegen
5505 silly ADD node_modules/@babel/plugin-transform-unicode-regex
5506 silly ADD node_modules/@babel/plugin-transform-sticky-regex
5507 silly ADD node_modules/@babel/plugin-transform-spread
5508 silly ADD node_modules/@babel/plugin-transform-shorthand-properties
5509 silly ADD node_modules/@babel/plugin-transform-regenerator
5510 silly ADD node_modules/@babel/plugin-transform-react-jsx-source
5511 silly ADD node_modules/@babel/plugin-transform-react-jsx-self
5512 silly ADD node_modules/@babel/plugin-transform-optional-chaining
5513 silly ADD node_modules/@babel/plugin-transform-optional-catch-binding
5514 silly ADD node_modules/@babel/plugin-transform-numeric-separator
5515 silly ADD node_modules/@babel/plugin-transform-nullish-coalescing-operator
5516 silly ADD node_modules/@babel/plugin-transform-named-capturing-groups-regex
5517 silly ADD node_modules/@babel/plugin-transform-logical-assignment-operators
5518 silly ADD node_modules/@babel/plugin-transform-literals
5519 silly ADD node_modules/@babel/plugin-transform-function-name
5520 silly ADD node_modules/@babel/plugin-transform-for-of
5521 silly ADD node_modules/@babel/plugin-transform-computed-properties
5522 silly ADD node_modules/@babel/plugin-transform-classes
5523 silly ADD node_modules/@babel/plugin-transform-class-properties
5524 silly ADD node_modules/@babel/plugin-transform-block-scoping
5525 silly ADD node_modules/@babel/plugin-transform-async-to-generator
5526 silly ADD node_modules/@babel/plugin-transform-async-generator-functions
5527 silly ADD node_modules/@babel/plugin-transform-arrow-functions
5528 silly ADD node_modules/@babel/plugin-syntax-dynamic-import
5529 silly ADD node_modules/@babel/plugin-syntax-typescript
5530 silly ADD node_modules/@babel/plugin-transform-typescript
5531 silly ADD node_modules/@babel/plugin-syntax-jsx
5532 silly ADD node_modules/@babel/plugin-transform-react-pure-annotations
5533 silly ADD node_modules/@babel/plugin-transform-react-jsx-development
5534 silly ADD node_modules/@babel/plugin-transform-react-jsx
5535 silly ADD node_modules/@babel/plugin-transform-react-display-name
5536 silly ADD node_modules/babel-plugin-polyfill-regenerator
5537 silly ADD node_modules/babel-plugin-polyfill-corejs3
5538 silly ADD node_modules/babel-plugin-polyfill-corejs2
5539 silly ADD node_modules/babel-plugin-polyfill-corejs2/node_modules/semver
5540 silly ADD node_modules/@babel/plugin-transform-destructuring
5541 silly ADD node_modules/@babel/plugin-syntax-flow
5542 silly ADD node_modules/@babel/helper-skip-transparent-expression-wrappers
5543 silly ADD node_modules/@babel/helper-replace-supers
5544 silly ADD node_modules/@babel/helper-optimise-call-expression
5545 silly ADD node_modules/@babel/helper-member-expression-to-functions
5546 silly ADD node_modules/@babel/helper-annotate-as-pure
5547 silly ADD node_modules/@babel/plugin-syntax-decorators
5548 silly ADD node_modules/@babel/helper-create-class-features-plugin
5549 silly ADD node_modules/@babel/helper-create-class-features-plugin/node_modules/semver
5550 silly ADD node_modules/babel-plugin-transform-flow-enums
5551 silly ADD node_modules/babel-plugin-react-native-web
5552 silly ADD node_modules/babel-plugin-react-compiler
5553 silly ADD node_modules/@react-native/babel-preset
5554 silly ADD node_modules/@babel/preset-typescript
5555 silly ADD node_modules/@babel/preset-react
5556 silly ADD node_modules/@babel/plugin-transform-runtime
5557 silly ADD node_modules/@babel/plugin-transform-runtime/node_modules/semver
5558 silly ADD node_modules/@babel/plugin-transform-private-property-in-object
5559 silly ADD node_modules/@babel/plugin-transform-private-methods
5560 silly ADD node_modules/@babel/plugin-transform-parameters
5561 silly ADD node_modules/@babel/plugin-transform-object-rest-spread
5562 silly ADD node_modules/@babel/plugin-transform-flow-strip-types
5563 silly ADD node_modules/@babel/plugin-transform-export-namespace-from
5564 silly ADD node_modules/@babel/plugin-transform-class-static-block
5565 silly ADD node_modules/@babel/plugin-syntax-export-default-from
5566 silly ADD node_modules/@babel/plugin-proposal-export-default-from
5567 silly ADD node_modules/@babel/plugin-proposal-decorators
5568 silly ADD node_modules/source-map-js
5569 silly ADD node_modules/nanoid
5570 silly ADD node_modules/lightningcss-win32-x64-msvc
5571 silly ADD node_modules/detect-libc
5572 silly ADD node_modules/postcss
5573 silly ADD node_modules/lightningcss
5574 silly ADD node_modules/define-lazy-prop
5575 silly ADD node_modules/clone
5576 silly ADD node_modules/defaults
5577 silly ADD node_modules/supports-hyperlinks
5578 silly ADD node_modules/supports-hyperlinks/node_modules/supports-color
5579 silly ADD node_modules/supports-hyperlinks/node_modules/has-flag
5580 silly ADD node_modules/ansi-escapes
5581 silly ADD node_modules/ansi-escapes/node_modules/type-fest
5582 silly ADD node_modules/minizlib
5583 silly ADD node_modules/chownr
5584 silly ADD node_modules/@isaacs/fs-minipass
5585 silly ADD node_modules/mimic-fn
5586 silly ADD node_modules/onetime
5587 silly ADD node_modules/function-bind
5588 silly ADD node_modules/hasown
5589 silly ADD node_modules/supports-preserve-symlinks-flag
5590 silly ADD node_modules/path-parse
5591 silly ADD node_modules/is-core-module
5592 silly ADD node_modules/es-errors
5593 silly ADD node_modules/strip-json-comments
5594 silly ADD node_modules/minimist
5595 silly ADD node_modules/ini
5596 silly ADD node_modules/deep-extend
5597 silly ADD node_modules/rc
5598 silly ADD node_modules/nested-error-stacks
5599 silly ADD node_modules/sisteransi
5600 silly ADD node_modules/kleur
5601 silly ADD node_modules/pngjs
5602 silly ADD node_modules/restore-cursor
5603 silly ADD node_modules/wcwidth
5604 silly ADD node_modules/log-symbols
5605 silly ADD node_modules/cli-spinners
5606 silly ADD node_modules/cli-cursor
5607 silly ADD node_modules/validate-npm-package-name
5608 silly ADD node_modules/proc-log
5609 silly ADD node_modules/hosted-git-info
5610 silly ADD node_modules/hosted-git-info/node_modules/lru-cache
5611 silly ADD node_modules/vary
5612 silly ADD node_modules/safe-buffer
5613 silly ADD node_modules/on-headers
5614 silly ADD node_modules/compressible
5615 silly ADD node_modules/bytes
5616 silly ADD node_modules/wonka
5617 silly ADD node_modules/@babel/plugin-transform-modules-commonjs
5618 silly ADD node_modules/parse-png
5619 silly ADD node_modules/jimp-compact
5620 silly ADD node_modules/@expo/require-utils
5621 silly ADD node_modules/@expo/require-utils/node_modules/@babel/code-frame
5622 silly ADD node_modules/dotenv-expand
5623 silly ADD node_modules/dotenv
5624 silly ADD node_modules/@expo/sudo-prompt
5625 silly ADD node_modules/undici
5626 silly ADD node_modules/terminal-link
5627 silly ADD node_modules/tar
5628 silly ADD node_modules/tar/node_modules/yallist
5629 silly ADD node_modules/structured-headers
5630 silly ADD node_modules/resolve.exports
5631 silly ADD node_modules/resolve
5632 silly ADD node_modules/requireg
5633 silly ADD node_modules/requireg/node_modules/resolve
5634 silly ADD node_modules/qrcode-terminal
5635 silly ADD node_modules/prompts
5636 silly ADD node_modules/progress
5637 silly ADD node_modules/pretty-bytes
5638 silly ADD node_modules/ora
5639 silly ADD node_modules/ora/node_modules/ansi-regex
5640 silly ADD node_modules/ora/node_modules/strip-ansi
5641 silly ADD node_modules/npm-package-arg
5642 silly ADD node_modules/node-forge
5643 silly ADD node_modules/lan-network
5644 silly ADD node_modules/freeport-async
5645 silly ADD node_modules/expo-server
5646 silly ADD node_modules/env-editor
5647 silly ADD node_modules/compression
5648 silly ADD node_modules/compression/node_modules/ms
5649 silly ADD node_modules/compression/node_modules/negotiator
5650 silly ADD node_modules/compression/node_modules/debug
5651 silly ADD node_modules/better-opn
5652 silly ADD node_modules/better-opn/node_modules/open
5653 silly ADD node_modules/@urql/exchange-retry
5654 silly ADD node_modules/@urql/core
5655 silly ADD node_modules/@expo/xcpretty
5656 silly ADD node_modules/@expo/xcpretty/node_modules/has-flag
5657 silly ADD node_modules/@expo/xcpretty/node_modules/argparse
5658 silly ADD node_modules/@expo/xcpretty/node_modules/color-name
5659 silly ADD node_modules/@expo/xcpretty/node_modules/color-convert
5660 silly ADD node_modules/@expo/xcpretty/node_modules/supports-color
5661 silly ADD node_modules/@expo/xcpretty/node_modules/ansi-styles
5662 silly ADD node_modules/@expo/xcpretty/node_modules/js-yaml
5663 silly ADD node_modules/@expo/xcpretty/node_modules/chalk
5664 silly ADD node_modules/@expo/xcpretty/node_modules/@babel/code-frame
5665 silly ADD node_modules/@expo/ws-tunnel
5666 silly ADD node_modules/@expo/schema-utils
5667 silly ADD node_modules/@expo/package-manager
5668 silly ADD node_modules/@expo/package-manager/node_modules/has-flag
5669 silly ADD node_modules/@expo/package-manager/node_modules/color-name
5670 silly ADD node_modules/@expo/package-manager/node_modules/color-convert
5671 silly ADD node_modules/@expo/package-manager/node_modules/supports-color
5672 silly ADD node_modules/@expo/package-manager/node_modules/ansi-styles
5673 silly ADD node_modules/@expo/package-manager/node_modules/chalk
5674 silly ADD node_modules/@expo/osascript
5675 silly ADD node_modules/@expo/image-utils
5676 silly ADD node_modules/@expo/image-utils/node_modules/has-flag
5677 silly ADD node_modules/@expo/image-utils/node_modules/color-name
5678 silly ADD node_modules/@expo/image-utils/node_modules/color-convert
5679 silly ADD node_modules/@expo/image-utils/node_modules/supports-color
5680 silly ADD node_modules/@expo/image-utils/node_modules/ansi-styles
5681 silly ADD node_modules/@expo/image-utils/node_modules/chalk
5682 silly ADD node_modules/@expo/env
5683 silly ADD node_modules/@expo/env/node_modules/has-flag
5684 silly ADD node_modules/@expo/env/node_modules/color-name
5685 silly ADD node_modules/@expo/env/node_modules/color-convert
5686 silly ADD node_modules/@expo/env/node_modules/supports-color
5687 silly ADD node_modules/@expo/env/node_modules/ansi-styles
5688 silly ADD node_modules/@expo/env/node_modules/chalk
5689 silly ADD node_modules/@expo/devcert
5690 silly ADD node_modules/@expo/devcert/node_modules/debug
5691 silly ADD node_modules/@expo/code-signing-certificates
5692 silly ADD node_modules/@0no-co/graphql.web
5693 silly ADD node_modules/async-limiter
5694 silly ADD node_modules/concat-map
5695 silly ADD node_modules/wrappy
5696 silly ADD node_modules/path-is-absolute
5697 silly ADD node_modules/once
5698 silly ADD node_modules/inflight
5699 silly ADD node_modules/fs.realpath
5700 silly ADD node_modules/is-fullwidth-code-point
5701 silly ADD node_modules/emoji-regex
5702 silly ADD node_modules/wrap-ansi
5703 silly ADD node_modules/wrap-ansi/node_modules/color-name
5704 silly ADD node_modules/wrap-ansi/node_modules/color-convert
5705 silly ADD node_modules/wrap-ansi/node_modules/ansi-styles
5706 silly ADD node_modules/strip-ansi
5707 silly ADD node_modules/yargs-parser
5708 silly ADD node_modules/y18n
5709 silly ADD node_modules/string-width
5710 silly ADD node_modules/require-directory
5711 silly ADD node_modules/get-caller-file
5712 silly ADD node_modules/cliui
5713 silly ADD node_modules/sax
5714 silly ADD node_modules/big-integer
5715 silly ADD node_modules/stream-buffers
5716 silly ADD node_modules/plist
5717 silly ADD node_modules/bplist-parser
5718 silly ADD node_modules/bplist-creator
5719 silly ADD node_modules/uuid
5720 silly ADD node_modules/simple-plist
5721 silly ADD node_modules/signal-exit
5722 silly ADD node_modules/imurmurhash
5723 silly ADD node_modules/isexe
5724 silly ADD node_modules/ieee754
5725 silly ADD node_modules/webidl-conversions
5726 silly ADD node_modules/punycode
5727 silly ADD node_modules/buffer
5728 silly ADD node_modules/tmpl
5729 silly ADD node_modules/makeerror
5730 silly ADD node_modules/escalade
5731 silly ADD node_modules/is-number
5732 silly ADD node_modules/thenify
5733 silly ADD node_modules/buffer-from
5734 silly ADD node_modules/source-map-support
5735 silly ADD node_modules/source-map-support/node_modules/source-map
5736 silly ADD node_modules/acorn
5737 silly ADD node_modules/@jridgewell/source-map
5738 silly ADD node_modules/has-flag
5739 silly ADD node_modules/thenify-all
5740 silly ADD node_modules/object-assign
5741 silly ADD node_modules/any-promise
5742 silly ADD node_modules/ts-interface-checker
5743 silly ADD node_modules/tinyglobby
5744 silly ADD node_modules/tinyglobby/node_modules/picomatch
5745 silly ADD node_modules/tinyglobby/node_modules/fdir
5746 silly ADD node_modules/mz
5747 silly ADD node_modules/lines-and-columns
5748 silly ADD node_modules/type-fest
5749 silly ADD node_modules/shebang-regex
5750 silly ADD node_modules/toidentifier
5751 silly ADD node_modules/setprototypeof
5752 silly ADD node_modules/range-parser
5753 silly ADD node_modules/mime
5754 silly ADD node_modules/http-errors
5755 silly ADD node_modules/http-errors/node_modules/statuses
5756 silly ADD node_modules/fresh
5757 silly ADD node_modules/etag
5758 silly ADD node_modules/destroy
5759 silly ADD node_modules/depd
5760 silly ADD node_modules/send
5761 silly ADD node_modules/send/node_modules/statuses
5762 silly ADD node_modules/send/node_modules/on-finished
5763 silly ADD node_modules/send/node_modules/encodeurl
5764 silly ADD node_modules/send/node_modules/debug
5765 silly ADD node_modules/send/node_modules/debug/node_modules/ms
5766 silly ADD node_modules/shell-quote
5767 silly ADD node_modules/asap
5768 silly ADD node_modules/p-locate
5769 silly ADD node_modules/p-locate/node_modules/p-limit
5770 silly ADD node_modules/marky
5771 silly ADD node_modules/sprintf-js
5772 silly ADD node_modules/esprima
5773 silly ADD node_modules/argparse
5774 silly ADD node_modules/stack-utils
5775 silly ADD node_modules/stack-utils/node_modules/escape-string-regexp
5776 silly ADD node_modules/@types/stack-utils
5777 silly ADD node_modules/normalize-path
5778 silly ADD node_modules/anymatch
5779 silly ADD node_modules/@types/graceful-fs
5780 silly ADD node_modules/type-detect
5781 silly ADD node_modules/@sinonjs/commons
5782 silly ADD node_modules/jest-message-util
5783 silly ADD node_modules/jest-message-util/node_modules/has-flag
5784 silly ADD node_modules/jest-message-util/node_modules/color-name
5785 silly ADD node_modules/jest-message-util/node_modules/color-convert
5786 silly ADD node_modules/jest-message-util/node_modules/supports-color
5787 silly ADD node_modules/jest-message-util/node_modules/ansi-styles
5788 silly ADD node_modules/jest-message-util/node_modules/chalk
5789 silly ADD node_modules/jest-message-util/node_modules/@babel/code-frame
5790 silly ADD node_modules/@sinonjs/fake-timers
5791 silly ADD node_modules/jest-mock
5792 silly ADD node_modules/@jest/fake-timers
5793 silly ADD node_modules/@jest/environment
5794 silly ADD node_modules/istanbul-lib-coverage
5795 silly ADD node_modules/is-docker
5796 silly ADD node_modules/path-exists
5797 silly ADD node_modules/locate-path
5798 silly ADD node_modules/rimraf
5799 silly ADD node_modules/rimraf/node_modules/brace-expansion
5800 silly ADD node_modules/rimraf/node_modules/minimatch
5801 silly ADD node_modules/rimraf/node_modules/glob
5802 silly ADD node_modules/mkdirp
5803 silly ADD node_modules/lighthouse-logger
5804 silly ADD node_modules/lighthouse-logger/node_modules/ms
5805 silly ADD node_modules/lighthouse-logger/node_modules/debug
5806 silly ADD node_modules/is-wsl
5807 silly ADD node_modules/@babel/plugin-syntax-top-level-await
5808 silly ADD node_modules/@babel/plugin-syntax-private-property-in-object
5809 silly ADD node_modules/@babel/plugin-syntax-optional-chaining
5810 silly ADD node_modules/@babel/plugin-syntax-optional-catch-binding
5811 silly ADD node_modules/@babel/plugin-syntax-object-rest-spread
5812 silly ADD node_modules/@babel/plugin-syntax-numeric-separator
5813 silly ADD node_modules/@babel/plugin-syntax-nullish-coalescing-operator
5814 silly ADD node_modules/@babel/plugin-syntax-logical-assignment-operators
5815 silly ADD node_modules/@babel/plugin-syntax-json-strings
5816 silly ADD node_modules/@babel/plugin-syntax-import-meta
5817 silly ADD node_modules/@babel/plugin-syntax-import-attributes
5818 silly ADD node_modules/@babel/plugin-syntax-class-static-block
5819 silly ADD node_modules/@babel/plugin-syntax-class-properties
5820 silly ADD node_modules/@babel/plugin-syntax-bigint
5821 silly ADD node_modules/@babel/plugin-syntax-async-generators
5822 silly ADD node_modules/babel-preset-current-node-syntax
5823 silly ADD node_modules/babel-plugin-jest-hoist
5824 silly ADD node_modules/js-yaml
5825 silly ADD node_modules/get-package-type
5826 silly ADD node_modules/find-up
5827 silly ADD node_modules/test-exclude
5828 silly ADD node_modules/test-exclude/node_modules/brace-expansion
5829 silly ADD node_modules/test-exclude/node_modules/minimatch
5830 silly ADD node_modules/test-exclude/node_modules/glob
5831 silly ADD node_modules/istanbul-lib-instrument
5832 silly ADD node_modules/istanbul-lib-instrument/node_modules/semver
5833 silly ADD node_modules/@istanbuljs/schema
5834 silly ADD node_modules/@istanbuljs/load-nyc-config
5835 silly ADD node_modules/@istanbuljs/load-nyc-config/node_modules/camelcase
5836 silly ADD node_modules/@babel/helper-plugin-utils
5837 silly ADD node_modules/@types/babel__traverse
5838 silly ADD node_modules/@types/babel__template
5839 silly ADD node_modules/@types/babel__generator
5840 silly ADD node_modules/write-file-atomic
5841 silly ADD node_modules/pirates
5842 silly ADD node_modules/jest-regex-util
5843 silly ADD node_modules/jest-haste-map
5844 silly ADD node_modules/fast-json-stable-stringify
5845 silly ADD node_modules/babel-preset-jest
5846 silly ADD node_modules/babel-plugin-istanbul
5847 silly ADD node_modules/@types/babel__core
5848 silly ADD node_modules/@jest/transform
5849 silly ADD node_modules/@jest/transform/node_modules/has-flag
5850 silly ADD node_modules/@jest/transform/node_modules/color-name
5851 silly ADD node_modules/@jest/transform/node_modules/color-convert
5852 silly ADD node_modules/@jest/transform/node_modules/supports-color
5853 silly ADD node_modules/@jest/transform/node_modules/ansi-styles
5854 silly ADD node_modules/@jest/transform/node_modules/chalk
5855 silly ADD node_modules/event-target-shim
5856 silly ADD node_modules/serve-static
5857 silly ADD node_modules/serve-static/node_modules/encodeurl
5858 silly ADD node_modules/open
5859 silly ADD node_modules/chromium-edge-launcher
5860 silly ADD node_modules/chromium-edge-launcher/node_modules/escape-string-regexp
5861 silly ADD node_modules/chrome-launcher
5862 silly ADD node_modules/chrome-launcher/node_modules/escape-string-regexp
5863 silly ADD node_modules/@react-native/debugger-frontend
5864 silly ADD node_modules/@isaacs/ttlcache
5865 silly ADD node_modules/@react-native/dev-middleware
5866 silly ADD node_modules/@react-native/dev-middleware/node_modules/ws
5867 silly ADD node_modules/whatwg-fetch
5868 silly ADD node_modules/stacktrace-parser
5869 silly ADD node_modules/scheduler
5870 silly ADD node_modules/regenerator-runtime
5871 silly ADD node_modules/react-devtools-core
5872 silly ADD node_modules/promise
5873 silly ADD node_modules/memoize-one
5874 silly ADD node_modules/jest-environment-node
5875 silly ADD node_modules/babel-plugin-syntax-hermes-parser
5876 silly ADD node_modules/babel-plugin-syntax-hermes-parser/node_modules/hermes-estree
5877 silly ADD node_modules/babel-plugin-syntax-hermes-parser/node_modules/hermes-parser
5878 silly ADD node_modules/babel-jest
5879 silly ADD node_modules/babel-jest/node_modules/has-flag
5880 silly ADD node_modules/babel-jest/node_modules/color-name
5881 silly ADD node_modules/babel-jest/node_modules/color-convert
5882 silly ADD node_modules/babel-jest/node_modules/supports-color
5883 silly ADD node_modules/babel-jest/node_modules/ansi-styles
5884 silly ADD node_modules/babel-jest/node_modules/chalk
5885 silly ADD node_modules/ansi-regex
5886 silly ADD node_modules/anser
5887 silly ADD node_modules/abort-controller
5888 silly ADD node_modules/@react-native/normalize-colors
5889 silly ADD node_modules/@react-native/js-polyfills
5890 silly ADD node_modules/@react-native/gradle-plugin
5891 silly ADD node_modules/@react-native/community-cli-plugin
5892 silly ADD node_modules/@react-native/codegen
5893 silly ADD node_modules/@react-native/codegen/node_modules/brace-expansion
5894 silly ADD node_modules/@react-native/codegen/node_modules/hermes-estree
5895 silly ADD node_modules/@react-native/codegen/node_modules/minimatch
5896 silly ADD node_modules/@react-native/codegen/node_modules/hermes-parser
5897 silly ADD node_modules/@react-native/codegen/node_modules/glob
5898 silly ADD node_modules/@react-native/assets-registry
5899 silly ADD node_modules/@jest/create-cache-key-function
5900 silly ADD node_modules/inherits
5901 silly ADD node_modules/react-is
5902 silly ADD node_modules/yocto-queue
5903 silly ADD node_modules/ee-first
5904 silly ADD node_modules/balanced-match
5905 silly ADD node_modules/brace-expansion
5906 silly ADD node_modules/mime-db
5907 silly ADD node_modules/to-regex-range
5908 silly ADD node_modules/fill-range
5909 silly ADD node_modules/braces
5910 silly ADD node_modules/vlq
5911 silly ADD node_modules/ob1
5912 silly ADD node_modules/@babel/traverse--for-generate-function-map
5913 silly ADD node_modules/@babel/traverse--for-generate-function-map/node_modules/@babel/code-frame
5914 silly ADD node_modules/terser
5915 silly ADD node_modules/terser/node_modules/commander
5916 silly ADD node_modules/node-int64
5917 silly ADD node_modules/bser
5918 silly ADD node_modules/walker
5919 silly ADD node_modules/micromatch
5920 silly ADD node_modules/fb-watchman
5921 silly ADD node_modules/leven
5922 silly ADD node_modules/jest-get-type
5923 silly ADD node_modules/camelcase
5924 silly ADD node_modules/yaml
5925 silly ADD node_modules/jest-validate
5926 silly ADD node_modules/jest-validate/node_modules/has-flag
5927 silly ADD node_modules/jest-validate/node_modules/color-name
5928 silly ADD node_modules/jest-validate/node_modules/color-convert
5929 silly ADD node_modules/jest-validate/node_modules/supports-color
5930 silly ADD node_modules/jest-validate/node_modules/ansi-styles
5931 silly ADD node_modules/jest-validate/node_modules/chalk
5932 silly ADD node_modules/agent-base
5933 silly ADD node_modules/https-proxy-agent
5934 silly ADD node_modules/exponential-backoff
5935 silly ADD node_modules/yallist
5936 silly ADD node_modules/@types/yargs-parser
5937 silly ADD node_modules/@types/istanbul-lib-report
5938 silly ADD node_modules/@sinclair/typebox
5939 silly ADD node_modules/@types/yargs
5940 silly ADD node_modules/@types/istanbul-reports
5941 silly ADD node_modules/@types/istanbul-lib-coverage
5942 silly ADD node_modules/@jest/schemas
5943 silly ADD node_modules/picomatch
5944 silly ADD node_modules/@jest/types
5945 silly ADD node_modules/@jest/types/node_modules/has-flag
5946 silly ADD node_modules/@jest/types/node_modules/color-name
5947 silly ADD node_modules/@jest/types/node_modules/color-convert
5948 silly ADD node_modules/@jest/types/node_modules/supports-color
5949 silly ADD node_modules/@jest/types/node_modules/ansi-styles
5950 silly ADD node_modules/@jest/types/node_modules/chalk
5951 silly ADD node_modules/undici-types
5952 silly ADD node_modules/merge-stream
5953 silly ADD node_modules/jest-util
5954 silly ADD node_modules/jest-util/node_modules/has-flag
5955 silly ADD node_modules/jest-util/node_modules/color-name
5956 silly ADD node_modules/jest-util/node_modules/color-convert
5957 silly ADD node_modules/jest-util/node_modules/supports-color
5958 silly ADD node_modules/jest-util/node_modules/ansi-styles
5959 silly ADD node_modules/jest-util/node_modules/ci-info
5960 silly ADD node_modules/jest-util/node_modules/chalk
5961 silly ADD node_modules/@types/node
5962 silly ADD node_modules/queue
5963 silly ADD node_modules/hermes-estree
5964 silly ADD node_modules/unpipe
5965 silly ADD node_modules/statuses
5966 silly ADD node_modules/on-finished
5967 silly ADD node_modules/escape-html
5968 silly ADD node_modules/encodeurl
5969 silly ADD node_modules/stackframe
5970 silly ADD node_modules/utils-merge
5971 silly ADD node_modules/parseurl
5972 silly ADD node_modules/finalhandler
5973 silly ADD node_modules/finalhandler/node_modules/ms
5974 silly ADD node_modules/finalhandler/node_modules/debug
5975 silly ADD node_modules/update-browserslist-db
5976 silly ADD node_modules/node-releases
5977 silly ADD node_modules/electron-to-chromium
5978 silly ADD node_modules/caniuse-lite
5979 silly ADD node_modules/baseline-browser-mapping
5980 silly ADD node_modules/negotiator
5981 silly ADD node_modules/@jridgewell/resolve-uri
5982 silly ADD node_modules/@jridgewell/sourcemap-codec
5983 silly ADD node_modules/@babel/helper-string-parser
5984 silly ADD node_modules/@babel/helper-globals
5985 silly ADD node_modules/@babel/helper-module-imports
5986 silly ADD node_modules/lru-cache
5987 silly ADD node_modules/browserslist
5988 silly ADD node_modules/@babel/helper-validator-option
5989 silly ADD node_modules/@babel/compat-data
5990 silly ADD node_modules/jsesc
5991 silly ADD node_modules/@jridgewell/trace-mapping
5992 silly ADD node_modules/@jridgewell/gen-mapping
5993 silly ADD node_modules/gensync
5994 silly ADD node_modules/convert-source-map
5995 silly ADD node_modules/@jridgewell/remapping
5996 silly ADD node_modules/@babel/helpers
5997 silly ADD node_modules/@babel/helper-module-transforms
5998 silly ADD node_modules/@babel/helper-compilation-targets
5999 silly ADD node_modules/@babel/helper-compilation-targets/node_modules/semver
6000 silly ADD node_modules/yargs
6001 silly ADD node_modules/ws
6002 silly ADD node_modules/throat
6003 silly ADD node_modules/source-map
6004 silly ADD node_modules/serialize-error
6005 silly ADD node_modules/nullthrows
6006 silly ADD node_modules/mime-types
6007 silly ADD node_modules/lodash.throttle
6008 silly ADD node_modules/jsc-safe-url
6009 silly ADD node_modules/jest-worker
6010 silly ADD node_modules/jest-worker/node_modules/has-flag
6011 silly ADD node_modules/jest-worker/node_modules/supports-color
6012 silly ADD node_modules/image-size
6013 silly ADD node_modules/hermes-parser
6014 silly ADD node_modules/graceful-fs
6015 silly ADD node_modules/flow-enums-runtime
6016 silly ADD node_modules/error-stack-parser
6017 silly ADD node_modules/connect
6018 silly ADD node_modules/connect/node_modules/ms
6019 silly ADD node_modules/connect/node_modules/debug
6020 silly ADD node_modules/ci-info
6021 silly ADD node_modules/accepts
6022 silly ADD node_modules/@babel/types
6023 silly ADD node_modules/@babel/traverse
6024 silly ADD node_modules/@babel/traverse/node_modules/@babel/code-frame
6025 silly ADD node_modules/@babel/template
6026 silly ADD node_modules/@babel/template/node_modules/@babel/code-frame
6027 silly ADD node_modules/@babel/parser
6028 silly ADD node_modules/@babel/generator
6029 silly ADD node_modules/@babel/core
6030 silly ADD node_modules/@babel/core/node_modules/semver
6031 silly ADD node_modules/@babel/core/node_modules/@babel/code-frame
6032 silly ADD node_modules/loose-envify
6033 silly ADD node_modules/path-scurry
6034 silly ADD node_modules/path-scurry/node_modules/lru-cache
6035 silly ADD node_modules/minipass
6036 silly ADD node_modules/react-native-is-edge-to-edge
6037 silly ADD node_modules/invariant
6038 silly ADD node_modules/commander
6039 silly ADD node_modules/ms
6040 silly ADD node_modules/which
6041 silly ADD node_modules/shebang-command
6042 silly ADD node_modules/path-key
6043 silly ADD node_modules/color-name
6044 silly ADD node_modules/color-convert
6045 silly ADD node_modules/supports-color
6046 silly ADD node_modules/escape-string-regexp
6047 silly ADD node_modules/ansi-styles
6048 silly ADD node_modules/cross-spawn
6049 silly ADD node_modules/xmlbuilder
6050 silly ADD node_modules/base64-js
6051 silly ADD node_modules/@xmldom/xmldom
6052 silly ADD node_modules/metro-transform-worker
6053 silly ADD node_modules/metro-transform-plugins
6054 silly ADD node_modules/metro-symbolicate
6055 silly ADD node_modules/metro-source-map
6056 silly ADD node_modules/metro-runtime
6057 silly ADD node_modules/metro-resolver
6058 silly ADD node_modules/metro-minify-terser
6059 silly ADD node_modules/metro-file-map
6060 silly ADD node_modules/metro-core
6061 silly ADD node_modules/metro-config
6062 silly ADD node_modules/metro-cache-key
6063 silly ADD node_modules/metro-cache
6064 silly ADD node_modules/metro-babel-transformer
6065 silly ADD node_modules/metro
6066 silly ADD node_modules/metro/node_modules/has-flag
6067 silly ADD node_modules/metro/node_modules/color-name
6068 silly ADD node_modules/metro/node_modules/color-convert
6069 silly ADD node_modules/metro/node_modules/supports-color
6070 silly ADD node_modules/metro/node_modules/ansi-styles
6071 silly ADD node_modules/metro/node_modules/chalk
6072 silly ADD node_modules/metro/node_modules/@babel/code-frame
6073 silly ADD node_modules/json5
6074 silly ADD node_modules/p-limit
6075 silly ADD node_modules/minimatch
6076 silly ADD node_modules/ignore
6077 silly ADD node_modules/arg
6078 silly ADD node_modules/@expo/spawn-async
6079 silly ADD node_modules/xml2js
6080 silly ADD node_modules/xml2js/node_modules/xmlbuilder
6081 silly ADD node_modules/xcode
6082 silly ADD node_modules/slash
6083 silly ADD node_modules/debug
6084 silly ADD node_modules/@expo/sdk-runtime-versions
6085 silly ADD node_modules/@expo/plist
6086 silly ADD node_modules/picocolors
6087 silly ADD node_modules/js-tokens
6088 silly ADD node_modules/chalk
6089 silly ADD node_modules/@babel/helper-validator-identifier
6090 silly ADD node_modules/@babel/highlight
6091 silly ADD node_modules/sucrase
6092 silly ADD node_modules/sucrase/node_modules/commander
6093 silly ADD node_modules/slugify
6094 silly ADD node_modules/semver
6095 silly ADD node_modules/resolve-workspace-root
6096 silly ADD node_modules/resolve-from
6097 silly ADD node_modules/require-from-string
6098 silly ADD node_modules/glob
6099 silly ADD node_modules/glob/node_modules/balanced-match
6100 silly ADD node_modules/glob/node_modules/brace-expansion
6101 silly ADD node_modules/glob/node_modules/minimatch
6102 silly ADD node_modules/getenv
6103 silly ADD node_modules/deepmerge
6104 silly ADD node_modules/@expo/json-file
6105 silly ADD node_modules/@expo/json-file/node_modules/@babel/code-frame
6106 silly ADD node_modules/@expo/config-types
6107 silly ADD node_modules/@babel/code-frame
6108 silly ADD node_modules/whatwg-url-without-unicode
6109 silly ADD node_modules/pretty-format
6110 silly ADD node_modules/pretty-format/node_modules/ansi-styles
6111 silly ADD node_modules/expo-modules-core
6112 silly ADD node_modules/expo-modules-autolinking
6113 silly ADD node_modules/expo-modules-autolinking/node_modules/has-flag
6114 silly ADD node_modules/expo-modules-autolinking/node_modules/color-name
6115 silly ADD node_modules/expo-modules-autolinking/node_modules/color-convert
6116 silly ADD node_modules/expo-modules-autolinking/node_modules/supports-color
6117 silly ADD node_modules/expo-modules-autolinking/node_modules/ansi-styles
6118 silly ADD node_modules/expo-modules-autolinking/node_modules/chalk
6119 silly ADD node_modules/react-refresh
6120 silly ADD node_modules/@ungap/structured-clone
6121 silly ADD node_modules/@expo/metro
6122 silly ADD node_modules/@expo/fingerprint
6123 silly ADD node_modules/@expo/fingerprint/node_modules/has-flag
6124 silly ADD node_modules/@expo/fingerprint/node_modules/color-name
6125 silly ADD node_modules/@expo/fingerprint/node_modules/color-convert
6126 silly ADD node_modules/@expo/fingerprint/node_modules/supports-color
6127 silly ADD node_modules/@expo/fingerprint/node_modules/ansi-styles
6128 silly ADD node_modules/@expo/fingerprint/node_modules/chalk
6129 silly ADD node_modules/@expo/devtools
6130 silly ADD node_modules/@expo/devtools/node_modules/has-flag
6131 silly ADD node_modules/@expo/devtools/node_modules/color-name
6132 silly ADD node_modules/@expo/devtools/node_modules/color-convert
6133 silly ADD node_modules/@expo/devtools/node_modules/supports-color
6134 silly ADD node_modules/@expo/devtools/node_modules/ansi-styles
6135 silly ADD node_modules/@expo/devtools/node_modules/chalk
6136 silly ADD node_modules/@expo/config-plugins
6137 silly ADD node_modules/@expo/config-plugins/node_modules/has-flag
6138 silly ADD node_modules/@expo/config-plugins/node_modules/color-name
6139 silly ADD node_modules/@expo/config-plugins/node_modules/color-convert
6140 silly ADD node_modules/@expo/config-plugins/node_modules/supports-color
6141 silly ADD node_modules/@expo/config-plugins/node_modules/ansi-styles
6142 silly ADD node_modules/@expo/config-plugins/node_modules/chalk
6143 silly ADD node_modules/@expo/config
6144 silly ADD node_modules/@babel/runtime
6145 silly ADD node_modules/expo-status-bar
6146 silly ADD node_modules/react-native
6147 silly ADD node_modules/react-native/node_modules/brace-expansion
6148 silly ADD node_modules/react-native/node_modules/minimatch
6149 silly ADD node_modules/react-native/node_modules/ws
6150 silly ADD node_modules/react-native/node_modules/glob
6151 silly ADD node_modules/react-native/node_modules/commander
6152 silly ADD node_modules/react-native/node_modules/@react-native/virtualized-lists
6153 silly ADD node_modules/react
6154 silly ADD node_modules/expo
6155 silly ADD node_modules/expo/node_modules/has-flag
6156 silly ADD node_modules/expo/node_modules/hermes-estree
6157 silly ADD node_modules/expo/node_modules/color-name
6158 silly ADD node_modules/expo/node_modules/color-convert
6159 silly ADD node_modules/expo/node_modules/supports-color
6160 silly ADD node_modules/expo/node_modules/ansi-styles
6161 silly ADD node_modules/expo/node_modules/hermes-parser
6162 silly ADD node_modules/expo/node_modules/@babel/code-frame
6163 silly ADD node_modules/expo/node_modules/ws
6164 silly ADD node_modules/expo/node_modules/picomatch
6165 silly ADD node_modules/expo/node_modules/ci-info
6166 silly ADD node_modules/expo/node_modules/chalk
6167 silly ADD node_modules/expo/node_modules/expo-keep-awake
6168 silly ADD node_modules/expo/node_modules/expo-file-system
6169 silly ADD node_modules/expo/node_modules/expo-constants
6170 silly ADD node_modules/expo/node_modules/expo-asset
6171 silly ADD node_modules/expo/node_modules/babel-preset-expo
6172 silly ADD node_modules/expo/node_modules/expo-font
6173 silly ADD node_modules/expo/node_modules/@expo/vector-icons
6174 silly ADD node_modules/expo/node_modules/@expo/metro-config
6175 silly ADD node_modules/expo/node_modules/@expo/cli
6176 silly ADD node_modules/expo/node_modules/@expo/cli/node_modules/@expo/prebuild-config
6177 verbose cwd C:\wamp64\www\Sika-sant-\mobile
6178 verbose os Windows_NT 10.0.26200
6179 verbose node v24.14.0
6180 verbose npm  v11.9.0
6181 verbose exit 0
6182 info ok
