2026-04-13T16:57:06.844Z [info] : GET /api/v1/health 200 11ms {"meta":{"req":{"url":"/api/v1/health","headers":{"host":"127.0.0.1:57507","accept-encoding":"gzip, deflate","connection":"close"},"method":"GET","httpVersion":"1.1","originalUrl":"/api/v1/health","query":{}},"res":{"statusCode":200},"responseTime":11}}
2026-04-13T16:57:06.916Z [error] : ErrorHandler: ForbiddenError: invalid csrf token
    at csrf (C:\wamp64\www\Sika-sant-\backend\node_modules\csurf\index.js:112:19)
    at Layer.handle [as handle_request] (C:\wamp64\www\Sika-sant-\backend\node_modules\express\lib\router\layer.js:95:5)
    at trim_prefix (C:\wamp64\www\Sika-sant-\backend\node_modules\express\lib\router\index.js:328:13)
    at C:\wamp64\www\Sika-sant-\backend\node_modules\express\lib\router\index.js:286:9
    at router.process_params (C:\wamp64\www\Sika-sant-\backend\node_modules\express\lib\router\index.js:346:12)
    at next (C:\wamp64\www\Sika-sant-\backend\node_modules\express\lib\router\index.js:280:10)
    at next (C:\wamp64\www\Sika-sant-\backend\middlewares\responseFormatter.js:5:3)
    at Layer.handle [as handle_request] (C:\wamp64\www\Sika-sant-\backend\node_modules\express\lib\router\layer.js:95:5)
    at trim_prefix (C:\wamp64\www\Sika-sant-\backend\node_modules\express\lib\router\index.js:328:13)
    at C:\wamp64\www\Sika-sant-\backend\node_modules\express\lib\router\index.js:286:9
    at router.process_params (C:\wamp64\www\Sika-sant-\backend\node_modules\express\lib\router\index.js:346:12)
    at next (C:\wamp64\www\Sika-sant-\backend\node_modules\express\lib\router\index.js:280:10)
    at C:\wamp64\www\Sika-sant-\backend\node_modules\express-winston\index.js:429:9
    at Layer.handle [as handle_request] (C:\wamp64\www\Sika-sant-\backend\node_modules\express\lib\router\layer.js:95:5)
    at trim_prefix (C:\wamp64\www\Sika-sant-\backend\node_modules\express\lib\router\index.js:328:13)
    at C:\wamp64\www\Sika-sant-\backend\node_modules\express\lib\router\index.js:286:9
    at router.process_params (C:\wamp64\www\Sika-sant-\backend\node_modules\express\lib\router\index.js:346:12)
    at next (C:\wamp64\www\Sika-sant-\backend\node_modules\express\lib\router\index.js:280:10)
    at next (C:\wamp64\www\Sika-sant-\backend\node_modules\xss-clean\src\index.js:13:5)
    at Layer.handle [as handle_request] (C:\wamp64\www\Sika-sant-\backend\node_modules\express\lib\router\layer.js:95:5)
    at trim_prefix (C:\wamp64\www\Sika-sant-\backend\node_modules\express\lib\router\index.js:328:13)
    at C:\wamp64\www\Sika-sant-\backend\node_modules\express\lib\router\index.js:286:9
    at router.process_params (C:\wamp64\www\Sika-sant-\backend\node_modules\express\lib\router\index.js:346:12)
    at next (C:\wamp64\www\Sika-sant-\backend\node_modules\express\lib\router\index.js:280:10)
    at cookieParser (C:\wamp64\www\Sika-sant-\backend\node_modules\cookie-parser\index.js:57:14)
    at Layer.handle [as handle_request] (C:\wamp64\www\Sika-sant-\backend\node_modules\express\lib\router\layer.js:95:5)
    at trim_prefix (C:\wamp64\www\Sika-sant-\backend\node_modules\express\lib\router\index.js:328:13)
    at C:\wamp64\www\Sika-sant-\backend\node_modules\express\lib\router\index.js:286:9
    at router.process_params (C:\wamp64\www\Sika-sant-\backend\node_modules\express\lib\router\index.js:346:12)
    at next (C:\wamp64\www\Sika-sant-\backend\node_modules\express\lib\router\index.js:280:10)
    at urlencodedParser (C:\wamp64\www\Sika-sant-\backend\node_modules\body-parser\lib\types\urlencoded.js:82:7)
    at Layer.handle [as handle_request] (C:\wamp64\www\Sika-sant-\backend\node_modules\express\lib\router\layer.js:95:5)
    at trim_prefix (C:\wamp64\www\Sika-sant-\backend\node_modules\express\lib\router\index.js:328:13)
    at C:\wamp64\www\Sika-sant-\backend\node_modules\express\lib\router\index.js:286:9
    at router.process_params (C:\wamp64\www\Sika-sant-\backend\node_modules\express\lib\router\index.js:346:12)
    at next (C:\wamp64\www\Sika-sant-\backend\node_modules\express\lib\router\index.js:280:10)
    at C:\wamp64\www\Sika-sant-\backend\node_modules\body-parser\lib\read.js:137:5
    at AsyncResource.runInAsyncScope (node:async_hooks:228:14)
    at invokeCallback (C:\wamp64\www\Sika-sant-\backend\node_modules\raw-body\index.js:238:16)
    at done (C:\wamp64\www\Sika-sant-\backend\node_modules\raw-body\index.js:227:7)
    at IncomingMessage.onEnd (C:\wamp64\www\Sika-sant-\backend\node_modules\raw-body\index.js:287:7)
    at IncomingMessage.emit (node:events:508:28)
    at endReadableNT (node:internal/streams/readable:1729:12)
    at processTicksAndRejections (node:internal/process/task_queues:90:21) 
2026-04-13T16:57:06.918Z [info] : POST /api/v1/auth/request-otp 403 16ms {"meta":{"req":{"url":"/api/v1/auth/request-otp","headers":{"host":"127.0.0.1:57509","accept-encoding":"gzip, deflate","content-type":"application/json","content-length":"26","connection":"close"},"method":"POST","httpVersion":"1.1","originalUrl":"/api/v1/auth/request-otp","query":{}},"res":{"statusCode":403},"responseTime":16}}
2026-04-13T16:57:06.935Z [info] : GET /api/v1/csrf-token 200 2ms {"meta":{"req":{"url":"/api/v1/csrf-token","headers":{"host":"127.0.0.1:57511","accept-encoding":"gzip, deflate","connection":"close"},"method":"GET","httpVersion":"1.1","originalUrl":"/api/v1/csrf-token","query":{}},"res":{"statusCode":200},"responseTime":2}}
2026-04-13T16:57:06.976Z [error] : ErrorHandler: Error: "cmuNumber" with value "invalid" fails to match the required pattern: /^[0-9]{10}$/
    at C:\wamp64\www\Sika-sant-\backend\middlewares\validateMiddleware.js:22:21
    at Layer.handle [as handle_request] (C:\wamp64\www\Sika-sant-\backend\node_modules\express\lib\router\layer.js:95:5)
    at next (C:\wamp64\www\Sika-sant-\backend\node_modules\express\lib\router\route.js:149:13)
    at Route.dispatch (C:\wamp64\www\Sika-sant-\backend\node_modules\express\lib\router\route.js:119:3)
    at Layer.handle [as handle_request] (C:\wamp64\www\Sika-sant-\backend\node_modules\express\lib\router\layer.js:95:5)
    at C:\wamp64\www\Sika-sant-\backend\node_modules\express\lib\router\index.js:284:15
    at router.process_params (C:\wamp64\www\Sika-sant-\backend\node_modules\express\lib\router\index.js:346:12)
    at next (C:\wamp64\www\Sika-sant-\backend\node_modules\express\lib\router\index.js:280:10)
    at router.handle (C:\wamp64\www\Sika-sant-\backend\node_modules\express\lib\router\index.js:175:3)
    at router (C:\wamp64\www\Sika-sant-\backend\node_modules\express\lib\router\index.js:47:12)
    at Layer.handle [as handle_request] (C:\wamp64\www\Sika-sant-\backend\node_modules\express\lib\router\layer.js:95:5)
    at trim_prefix (C:\wamp64\www\Sika-sant-\backend\node_modules\express\lib\router\index.js:328:13)
    at C:\wamp64\www\Sika-sant-\backend\node_modules\express\lib\router\index.js:286:9
    at router.process_params (C:\wamp64\www\Sika-sant-\backend\node_modules\express\lib\router\index.js:346:12)
    at next (C:\wamp64\www\Sika-sant-\backend\node_modules\express\lib\router\index.js:280:10)
    at C:\wamp64\www\Sika-sant-\backend\node_modules\express-rate-limit\dist\index.cjs:659:7
    at processTicksAndRejections (node:internal/process/task_queues:104:5)
    at C:\wamp64\www\Sika-sant-\backend\node_modules\express-rate-limit\dist\index.cjs:576:5 
2026-04-13T16:57:06.978Z [info] : POST /api/v1/auth/request-otp 400 28ms {"meta":{"req":{"url":"/api/v1/auth/request-otp","headers":{"host":"127.0.0.1:57513","accept-encoding":"gzip, deflate","cookie":"_csrf=MwKfwXOqLQZE0dRXgcxr3tr9; Path=/; HttpOnly; SameSite=Strict; XSRF-TOKEN=6NUcn8Zl-NJhyljAaKQZ9rDbLuphM4x3Zg88; Path=/; HttpOnly; SameSite=Strict","x-xsrf-token":"6NUcn8Zl-NJhyljAaKQZ9rDbLuphM4x3Zg88","content-type":"application/json","content-length":"23","connection":"close"},"method":"POST","httpVersion":"1.1","originalUrl":"/api/v1/auth/request-otp","query":{}},"res":{"statusCode":400},"responseTime":28}}
2026-04-13T16:57:06.995Z [info] : GET /api/v1/csrf-token 200 1ms {"meta":{"req":{"url":"/api/v1/csrf-token","headers":{"host":"127.0.0.1:57515","accept-encoding":"gzip, deflate","connection":"close"},"method":"GET","httpVersion":"1.1","originalUrl":"/api/v1/csrf-token","query":{}},"res":{"statusCode":200},"responseTime":1}}
2026-04-13T16:57:07.013Z [error] : ErrorHandler: Error: "email" must be a valid email, "password" length must be at least 12 characters long
    at C:\wamp64\www\Sika-sant-\backend\middlewares\validateMiddleware.js:22:21
    at Layer.handle [as handle_request] (C:\wamp64\www\Sika-sant-\backend\node_modules\express\lib\router\layer.js:95:5)
    at next (C:\wamp64\www\Sika-sant-\backend\node_modules\express\lib\router\route.js:149:13)
    at Route.dispatch (C:\wamp64\www\Sika-sant-\backend\node_modules\express\lib\router\route.js:119:3)
    at Layer.handle [as handle_request] (C:\wamp64\www\Sika-sant-\backend\node_modules\express\lib\router\layer.js:95:5)
    at C:\wamp64\www\Sika-sant-\backend\node_modules\express\lib\router\index.js:284:15
    at router.process_params (C:\wamp64\www\Sika-sant-\backend\node_modules\express\lib\router\index.js:346:12)
    at next (C:\wamp64\www\Sika-sant-\backend\node_modules\express\lib\router\index.js:280:10)
    at router.handle (C:\wamp64\www\Sika-sant-\backend\node_modules\express\lib\router\index.js:175:3)
    at router (C:\wamp64\www\Sika-sant-\backend\node_modules\express\lib\router\index.js:47:12)
    at Layer.handle [as handle_request] (C:\wamp64\www\Sika-sant-\backend\node_modules\express\lib\router\layer.js:95:5)
    at trim_prefix (C:\wamp64\www\Sika-sant-\backend\node_modules\express\lib\router\index.js:328:13)
    at C:\wamp64\www\Sika-sant-\backend\node_modules\express\lib\router\index.js:286:9
    at router.process_params (C:\wamp64\www\Sika-sant-\backend\node_modules\express\lib\router\index.js:346:12)
    at next (C:\wamp64\www\Sika-sant-\backend\node_modules\express\lib\router\index.js:280:10)
    at C:\wamp64\www\Sika-sant-\backend\node_modules\express-rate-limit\dist\index.cjs:659:7
    at processTicksAndRejections (node:internal/process/task_queues:104:5)
    at C:\wamp64\www\Sika-sant-\backend\node_modules\express-rate-limit\dist\index.cjs:576:5 
2026-04-13T16:57:07.014Z [info] : POST /api/v1/auth/login 400 6ms {"meta":{"req":{"url":"/api/v1/auth/login","headers":{"host":"127.0.0.1:57517","accept-encoding":"gzip, deflate","cookie":"_csrf=PCTMvnu12UOxzYqwTPJfebjI; Path=/; HttpOnly; SameSite=Strict; XSRF-TOKEN=Ws2vFOa1-E1ttA2wcghdGTEC45XAmjmDCTwA; Path=/; HttpOnly; SameSite=Strict","x-xsrf-token":"Ws2vFOa1-E1ttA2wcghdGTEC45XAmjmDCTwA","content-type":"application/json","content-length":"64","connection":"close"},"method":"POST","httpVersion":"1.1","originalUrl":"/api/v1/auth/login","query":{}},"res":{"statusCode":400},"responseTime":6}}
2026-04-13T16:58:39.330Z [info] : GET /api/v1/health 200 10ms {"meta":{"req":{"url":"/api/v1/health","headers":{"host":"127.0.0.1:58976","accept-encoding":"gzip, deflate","connection":"close"},"method":"GET","httpVersion":"1.1","originalUrl":"/api/v1/health","query":{}},"res":{"statusCode":200},"responseTime":10}}
2026-04-13T16:58:39.400Z [error] : ErrorHandler: ForbiddenError: invalid csrf token
    at csrf (C:\wamp64\www\Sika-sant-\backend\node_modules\csurf\index.js:112:19)
    at Layer.handle [as handle_request] (C:\wamp64\www\Sika-sant-\backend\node_modules\express\lib\router\layer.js:95:5)
    at trim_prefix (C:\wamp64\www\Sika-sant-\backend\node_modules\express\lib\router\index.js:328:13)
    at C:\wamp64\www\Sika-sant-\backend\node_modules\express\lib\router\index.js:286:9
    at router.process_params (C:\wamp64\www\Sika-sant-\backend\node_modules\express\lib\router\index.js:346:12)
    at next (C:\wamp64\www\Sika-sant-\backend\node_modules\express\lib\router\index.js:280:10)
    at next (C:\wamp64\www\Sika-sant-\backend\middlewares\responseFormatter.js:5:3)
    at Layer.handle [as handle_request] (C:\wamp64\www\Sika-sant-\backend\node_modules\express\lib\router\layer.js:95:5)
    at trim_prefix (C:\wamp64\www\Sika-sant-\backend\node_modules\express\lib\router\index.js:328:13)
    at C:\wamp64\www\Sika-sant-\backend\node_modules\express\lib\router\index.js:286:9
    at router.process_params (C:\wamp64\www\Sika-sant-\backend\node_modules\express\lib\router\index.js:346:12)
    at next (C:\wamp64\www\Sika-sant-\backend\node_modules\express\lib\router\index.js:280:10)
    at C:\wamp64\www\Sika-sant-\backend\node_modules\express-winston\index.js:429:9
    at Layer.handle [as handle_request] (C:\wamp64\www\Sika-sant-\backend\node_modules\express\lib\router\layer.js:95:5)
    at trim_prefix (C:\wamp64\www\Sika-sant-\backend\node_modules\express\lib\router\index.js:328:13)
    at C:\wamp64\www\Sika-sant-\backend\node_modules\express\lib\router\index.js:286:9
    at router.process_params (C:\wamp64\www\Sika-sant-\backend\node_modules\express\lib\router\index.js:346:12)
    at next (C:\wamp64\www\Sika-sant-\backend\node_modules\express\lib\router\index.js:280:10)
    at next (C:\wamp64\www\Sika-sant-\backend\node_modules\xss-clean\src\index.js:13:5)
    at Layer.handle [as handle_request] (C:\wamp64\www\Sika-sant-\backend\node_modules\express\lib\router\layer.js:95:5)
    at trim_prefix (C:\wamp64\www\Sika-sant-\backend\node_modules\express\lib\router\index.js:328:13)
    at C:\wamp64\www\Sika-sant-\backend\node_modules\express\lib\router\index.js:286:9
    at router.process_params (C:\wamp64\www\Sika-sant-\backend\node_modules\express\lib\router\index.js:346:12)
    at next (C:\wamp64\www\Sika-sant-\backend\node_modules\express\lib\router\index.js:280:10)
    at cookieParser (C:\wamp64\www\Sika-sant-\backend\node_modules\cookie-parser\index.js:57:14)
    at Layer.handle [as handle_request] (C:\wamp64\www\Sika-sant-\backend\node_modules\express\lib\router\layer.js:95:5)
    at trim_prefix (C:\wamp64\www\Sika-sant-\backend\node_modules\express\lib\router\index.js:328:13)
    at C:\wamp64\www\Sika-sant-\backend\node_modules\express\lib\router\index.js:286:9
    at router.process_params (C:\wamp64\www\Sika-sant-\backend\node_modules\express\lib\router\index.js:346:12)
    at next (C:\wamp64\www\Sika-sant-\backend\node_modules\express\lib\router\index.js:280:10)
    at urlencodedParser (C:\wamp64\www\Sika-sant-\backend\node_modules\body-parser\lib\types\urlencoded.js:82:7)
    at Layer.handle [as handle_request] (C:\wamp64\www\Sika-sant-\backend\node_modules\express\lib\router\layer.js:95:5)
    at trim_prefix (C:\wamp64\www\Sika-sant-\backend\node_modules\express\lib\router\index.js:328:13)
    at C:\wamp64\www\Sika-sant-\backend\node_modules\express\lib\router\index.js:286:9
    at router.process_params (C:\wamp64\www\Sika-sant-\backend\node_modules\express\lib\router\index.js:346:12)
    at next (C:\wamp64\www\Sika-sant-\backend\node_modules\express\lib\router\index.js:280:10)
    at C:\wamp64\www\Sika-sant-\backend\node_modules\body-parser\lib\read.js:137:5
    at AsyncResource.runInAsyncScope (node:async_hooks:228:14)
    at invokeCallback (C:\wamp64\www\Sika-sant-\backend\node_modules\raw-body\index.js:238:16)
    at done (C:\wamp64\www\Sika-sant-\backend\node_modules\raw-body\index.js:227:7)
    at IncomingMessage.onEnd (C:\wamp64\www\Sika-sant-\backend\node_modules\raw-body\index.js:287:7)
    at IncomingMessage.emit (node:events:508:28)
    at endReadableNT (node:internal/streams/readable:1729:12)
    at processTicksAndRejections (node:internal/process/task_queues:90:21) 
2026-04-13T16:58:39.408Z [info] : POST /api/v1/auth/request-otp 403 24ms {"meta":{"req":{"url":"/api/v1/auth/request-otp","headers":{"host":"127.0.0.1:58978","accept-encoding":"gzip, deflate","content-type":"application/json","content-length":"26","connection":"close"},"method":"POST","httpVersion":"1.1","originalUrl":"/api/v1/auth/request-otp","query":{}},"res":{"statusCode":403},"responseTime":24}}
2026-04-13T16:58:39.423Z [info] : GET /api/v1/csrf-token 200 6ms {"meta":{"req":{"url":"/api/v1/csrf-token","headers":{"host":"127.0.0.1:58982","accept-encoding":"gzip, deflate","connection":"close"},"method":"GET","httpVersion":"1.1","originalUrl":"/api/v1/csrf-token","query":{}},"res":{"statusCode":200},"responseTime":6}}
2026-04-13T16:58:39.465Z [error] : ErrorHandler: Error: "cmuNumber" with value "invalid" fails to match the required pattern: /^[0-9]{10}$/
    at C:\wamp64\www\Sika-sant-\backend\middlewares\validateMiddleware.js:22:21
    at Layer.handle [as handle_request] (C:\wamp64\www\Sika-sant-\backend\node_modules\express\lib\router\layer.js:95:5)
    at next (C:\wamp64\www\Sika-sant-\backend\node_modules\express\lib\router\route.js:149:13)
    at Route.dispatch (C:\wamp64\www\Sika-sant-\backend\node_modules\express\lib\router\route.js:119:3)
    at Layer.handle [as handle_request] (C:\wamp64\www\Sika-sant-\backend\node_modules\express\lib\router\layer.js:95:5)
    at C:\wamp64\www\Sika-sant-\backend\node_modules\express\lib\router\index.js:284:15
    at router.process_params (C:\wamp64\www\Sika-sant-\backend\node_modules\express\lib\router\index.js:346:12)
    at next (C:\wamp64\www\Sika-sant-\backend\node_modules\express\lib\router\index.js:280:10)
    at router.handle (C:\wamp64\www\Sika-sant-\backend\node_modules\express\lib\router\index.js:175:3)
    at router (C:\wamp64\www\Sika-sant-\backend\node_modules\express\lib\router\index.js:47:12)
    at Layer.handle [as handle_request] (C:\wamp64\www\Sika-sant-\backend\node_modules\express\lib\router\layer.js:95:5)
    at trim_prefix (C:\wamp64\www\Sika-sant-\backend\node_modules\express\lib\router\index.js:328:13)
    at C:\wamp64\www\Sika-sant-\backend\node_modules\express\lib\router\index.js:286:9
    at router.process_params (C:\wamp64\www\Sika-sant-\backend\node_modules\express\lib\router\index.js:346:12)
    at next (C:\wamp64\www\Sika-sant-\backend\node_modules\express\lib\router\index.js:280:10)
    at C:\wamp64\www\Sika-sant-\backend\node_modules\express-rate-limit\dist\index.cjs:659:7
    at processTicksAndRejections (node:internal/process/task_queues:104:5)
    at C:\wamp64\www\Sika-sant-\backend\node_modules\express-rate-limit\dist\index.cjs:576:5 
2026-04-13T16:58:39.468Z [info] : POST /api/v1/auth/request-otp 400 27ms {"meta":{"req":{"url":"/api/v1/auth/request-otp","headers":{"host":"127.0.0.1:58984","accept-encoding":"gzip, deflate","cookie":"_csrf=s-hupb4_Wjb2bLVTTLmLRSAz; Path=/; HttpOnly; SameSite=Strict; XSRF-TOKEN=w9lHQ0qN-3PJPF9XK6R-Mv84ShoXpyfgChqI; Path=/; HttpOnly; SameSite=Strict","x-xsrf-token":"w9lHQ0qN-3PJPF9XK6R-Mv84ShoXpyfgChqI","content-type":"application/json","content-length":"23","connection":"close"},"method":"POST","httpVersion":"1.1","originalUrl":"/api/v1/auth/request-otp","query":{}},"res":{"statusCode":400},"responseTime":27}}
2026-04-13T16:58:39.481Z [info] : GET /api/v1/csrf-token 200 1ms {"meta":{"req":{"url":"/api/v1/csrf-token","headers":{"host":"127.0.0.1:59087","accept-encoding":"gzip, deflate","connection":"close"},"method":"GET","httpVersion":"1.1","originalUrl":"/api/v1/csrf-token","query":{}},"res":{"statusCode":200},"responseTime":1}}
2026-04-13T16:58:39.497Z [error] : ErrorHandler: Error: "email" must be a valid email, "password" length must be at least 12 characters long
    at C:\wamp64\www\Sika-sant-\backend\middlewares\validateMiddleware.js:22:21
    at Layer.handle [as handle_request] (C:\wamp64\www\Sika-sant-\backend\node_modules\express\lib\router\layer.js:95:5)
    at next (C:\wamp64\www\Sika-sant-\backend\node_modules\express\lib\router\route.js:149:13)
    at Route.dispatch (C:\wamp64\www\Sika-sant-\backend\node_modules\express\lib\router\route.js:119:3)
    at Layer.handle [as handle_request] (C:\wamp64\www\Sika-sant-\backend\node_modules\express\lib\router\layer.js:95:5)
    at C:\wamp64\www\Sika-sant-\backend\node_modules\express\lib\router\index.js:284:15
    at router.process_params (C:\wamp64\www\Sika-sant-\backend\node_modules\express\lib\router\index.js:346:12)
    at next (C:\wamp64\www\Sika-sant-\backend\node_modules\express\lib\router\index.js:280:10)
    at router.handle (C:\wamp64\www\Sika-sant-\backend\node_modules\express\lib\router\index.js:175:3)
    at router (C:\wamp64\www\Sika-sant-\backend\node_modules\express\lib\router\index.js:47:12)
    at Layer.handle [as handle_request] (C:\wamp64\www\Sika-sant-\backend\node_modules\express\lib\router\layer.js:95:5)
    at trim_prefix (C:\wamp64\www\Sika-sant-\backend\node_modules\express\lib\router\index.js:328:13)
    at C:\wamp64\www\Sika-sant-\backend\node_modules\express\lib\router\index.js:286:9
    at router.process_params (C:\wamp64\www\Sika-sant-\backend\node_modules\express\lib\router\index.js:346:12)
    at next (C:\wamp64\www\Sika-sant-\backend\node_modules\express\lib\router\index.js:280:10)
    at C:\wamp64\www\Sika-sant-\backend\node_modules\express-rate-limit\dist\index.cjs:659:7
    at processTicksAndRejections (node:internal/process/task_queues:104:5)
    at C:\wamp64\www\Sika-sant-\backend\node_modules\express-rate-limit\dist\index.cjs:576:5 
2026-04-13T16:58:39.499Z [info] : POST /api/v1/auth/login 400 6ms {"meta":{"req":{"url":"/api/v1/auth/login","headers":{"host":"127.0.0.1:59089","accept-encoding":"gzip, deflate","cookie":"_csrf=WUOqe0rBV8Oj0Jya3ro6vACY; Path=/; HttpOnly; SameSite=Strict; XSRF-TOKEN=nZqTvVlg-VWXiKPmQo-8LA89pOatFtvlCb-8; Path=/; HttpOnly; SameSite=Strict","x-xsrf-token":"nZqTvVlg-VWXiKPmQo-8LA89pOatFtvlCb-8","content-type":"application/json","content-length":"64","connection":"close"},"method":"POST","httpVersion":"1.1","originalUrl":"/api/v1/auth/login","query":{}},"res":{"statusCode":400},"responseTime":6}}
2026-04-13T16:59:57.257Z [info] : GET /api/v1/health 200 7ms {"meta":{"req":{"url":"/api/v1/health","headers":{"host":"127.0.0.1:53122","accept-encoding":"gzip, deflate","connection":"close"},"method":"GET","httpVersion":"1.1","originalUrl":"/api/v1/health","query":{}},"res":{"statusCode":200},"responseTime":7}}
2026-04-13T16:59:57.330Z [warn] : Handled error 403: invalid csrf token 
2026-04-13T16:59:57.332Z [info] : POST /api/v1/auth/request-otp 403 16ms {"meta":{"req":{"url":"/api/v1/auth/request-otp","headers":{"host":"127.0.0.1:53124","accept-encoding":"gzip, deflate","content-type":"application/json","content-length":"26","connection":"close"},"method":"POST","httpVersion":"1.1","originalUrl":"/api/v1/auth/request-otp","query":{}},"res":{"statusCode":403},"responseTime":16}}
2026-04-13T16:59:57.341Z [info] : GET /api/v1/csrf-token 200 1ms {"meta":{"req":{"url":"/api/v1/csrf-token","headers":{"host":"127.0.0.1:53126","accept-encoding":"gzip, deflate","connection":"close"},"method":"GET","httpVersion":"1.1","originalUrl":"/api/v1/csrf-token","query":{}},"res":{"statusCode":200},"responseTime":1}}
2026-04-13T16:59:57.374Z [warn] : Handled error 400: "cmuNumber" with value "invalid" fails to match the required pattern: /^[0-9]{10}$/ 
2026-04-13T16:59:57.376Z [info] : POST /api/v1/auth/request-otp 400 24ms {"meta":{"req":{"url":"/api/v1/auth/request-otp","headers":{"host":"127.0.0.1:53128","accept-encoding":"gzip, deflate","cookie":"_csrf=L8faOFD43Nrhnq4FMFN74l1B; Path=/; HttpOnly; SameSite=Strict; XSRF-TOKEN=G41opkly-lbCUWNDfCXpSSOyCQSs39N6eBAc; Path=/; HttpOnly; SameSite=Strict","x-xsrf-token":"G41opkly-lbCUWNDfCXpSSOyCQSs39N6eBAc","content-type":"application/json","content-length":"23","connection":"close"},"method":"POST","httpVersion":"1.1","originalUrl":"/api/v1/auth/request-otp","query":{}},"res":{"statusCode":400},"responseTime":24}}
2026-04-13T16:59:57.386Z [info] : GET /api/v1/csrf-token 200 1ms {"meta":{"req":{"url":"/api/v1/csrf-token","headers":{"host":"127.0.0.1:53130","accept-encoding":"gzip, deflate","connection":"close"},"method":"GET","httpVersion":"1.1","originalUrl":"/api/v1/csrf-token","query":{}},"res":{"statusCode":200},"responseTime":1}}
2026-04-13T16:59:57.406Z [warn] : Handled error 400: "email" must be a valid email, "password" length must be at least 12 characters long 
2026-04-13T16:59:57.408Z [info] : POST /api/v1/auth/login 400 6ms {"meta":{"req":{"url":"/api/v1/auth/login","headers":{"host":"127.0.0.1:53132","accept-encoding":"gzip, deflate","cookie":"_csrf=hBqN6iHVJ7ubq7P-BBq9TmE2; Path=/; HttpOnly; SameSite=Strict; XSRF-TOKEN=nlDGJLIK-FQg8Zw6RPveMAsvQ7NCORPY1F7Y; Path=/; HttpOnly; SameSite=Strict","x-xsrf-token":"nlDGJLIK-FQg8Zw6RPveMAsvQ7NCORPY1F7Y","content-type":"application/json","content-length":"64","connection":"close"},"method":"POST","httpVersion":"1.1","originalUrl":"/api/v1/auth/login","query":{}},"res":{"statusCode":400},"responseTime":6}}
2026-04-13T17:04:51.055Z [info] : GET /api/v1/health 200 6ms {"meta":{"req":{"url":"/api/v1/health","headers":{"host":"127.0.0.1:49981","accept-encoding":"gzip, deflate","connection":"close"},"method":"GET","httpVersion":"1.1","originalUrl":"/api/v1/health","query":{}},"res":{"statusCode":200},"responseTime":6}}
2026-04-13T17:04:51.104Z [warn] : Handled error 403: invalid csrf token 
2026-04-13T17:04:51.106Z [info] : POST /api/v1/auth/request-otp 403 14ms {"meta":{"req":{"url":"/api/v1/auth/request-otp","headers":{"host":"127.0.0.1:49983","accept-encoding":"gzip, deflate","content-type":"application/json","content-length":"26","connection":"close"},"method":"POST","httpVersion":"1.1","originalUrl":"/api/v1/auth/request-otp","query":{}},"res":{"statusCode":403},"responseTime":14}}
2026-04-13T17:04:51.115Z [info] : GET /api/v1/csrf-token 200 1ms {"meta":{"req":{"url":"/api/v1/csrf-token","headers":{"host":"127.0.0.1:49985","accept-encoding":"gzip, deflate","connection":"close"},"method":"GET","httpVersion":"1.1","originalUrl":"/api/v1/csrf-token","query":{}},"res":{"statusCode":200},"responseTime":1}}
2026-04-13T17:04:51.139Z [warn] : Handled error 400: "cmuNumber" with value "invalid" fails to match the required pattern: /^[0-9]{10}$/ 
2026-04-13T17:04:51.140Z [info] : POST /api/v1/auth/request-otp 400 17ms {"meta":{"req":{"url":"/api/v1/auth/request-otp","headers":{"host":"127.0.0.1:49987","accept-encoding":"gzip, deflate","cookie":"_csrf=yqXGmnXkTH8L2pLRjQs2b0q7; Path=/; HttpOnly; SameSite=Strict; XSRF-TOKEN=eomNUSlX-VygWXwK5K6dnzL8rsB285_9vE1o; Path=/; HttpOnly; SameSite=Strict","x-xsrf-token":"eomNUSlX-VygWXwK5K6dnzL8rsB285_9vE1o","content-type":"application/json","content-length":"23","connection":"close"},"method":"POST","httpVersion":"1.1","originalUrl":"/api/v1/auth/request-otp","query":{}},"res":{"statusCode":400},"responseTime":17}}
2026-04-13T17:04:51.148Z [info] : GET /api/v1/csrf-token 200 1ms {"meta":{"req":{"url":"/api/v1/csrf-token","headers":{"host":"127.0.0.1:49989","accept-encoding":"gzip, deflate","connection":"close"},"method":"GET","httpVersion":"1.1","originalUrl":"/api/v1/csrf-token","query":{}},"res":{"statusCode":200},"responseTime":1}}
2026-04-13T17:04:51.158Z [warn] : Handled error 400: "email" must be a valid email, "password" length must be at least 12 characters long 
2026-04-13T17:04:51.159Z [info] : POST /api/v1/auth/login 400 5ms {"meta":{"req":{"url":"/api/v1/auth/login","headers":{"host":"127.0.0.1:49991","accept-encoding":"gzip, deflate","cookie":"_csrf=8mh09MGDcK5gAIuRx8V_DBXf; Path=/; HttpOnly; SameSite=Strict; XSRF-TOKEN=rp90CMzg-NFyYlCY9-hd13CRAPyiUzuaIb4Y; Path=/; HttpOnly; SameSite=Strict","x-xsrf-token":"rp90CMzg-NFyYlCY9-hd13CRAPyiUzuaIb4Y","content-type":"application/json","content-length":"64","connection":"close"},"method":"POST","httpVersion":"1.1","originalUrl":"/api/v1/auth/login","query":{}},"res":{"statusCode":400},"responseTime":5}}
2026-04-13T17:05:59.386Z [info] : GET /api/v1/health 200 10ms {"meta":{"req":{"url":"/api/v1/health","headers":{"host":"127.0.0.1:60683","accept-encoding":"gzip, deflate","connection":"close"},"method":"GET","httpVersion":"1.1","originalUrl":"/api/v1/health","query":{}},"res":{"statusCode":200},"responseTime":10}}
2026-04-13T17:05:59.457Z [warn] : Handled error 403: invalid csrf token 
2026-04-13T17:05:59.460Z [info] : POST /api/v1/auth/request-otp 403 19ms {"meta":{"req":{"url":"/api/v1/auth/request-otp","headers":{"host":"127.0.0.1:60685","accept-encoding":"gzip, deflate","content-type":"application/json","content-length":"26","connection":"close"},"method":"POST","httpVersion":"1.1","originalUrl":"/api/v1/auth/request-otp","query":{}},"res":{"statusCode":403},"responseTime":19}}
2026-04-13T17:05:59.471Z [info] : GET /api/v1/csrf-token 200 1ms {"meta":{"req":{"url":"/api/v1/csrf-token","headers":{"host":"127.0.0.1:60687","accept-encoding":"gzip, deflate","connection":"close"},"method":"GET","httpVersion":"1.1","originalUrl":"/api/v1/csrf-token","query":{}},"res":{"statusCode":200},"responseTime":1}}
2026-04-13T17:05:59.491Z [warn] : Handled error 400: "cmuNumber" with value "invalid" fails to match the required pattern: /^[0-9]{10}$/ 
2026-04-13T17:05:59.493Z [info] : POST /api/v1/auth/request-otp 400 15ms {"meta":{"req":{"url":"/api/v1/auth/request-otp","headers":{"host":"127.0.0.1:60689","accept-encoding":"gzip, deflate","cookie":"XSRF-TOKEN=b8dd81dcaeae331abd5ef304c863b46870f53c60d347c26eecf7a85ea45fd5d9; Path=/; HttpOnly; SameSite=Strict","x-xsrf-token":"b8dd81dcaeae331abd5ef304c863b46870f53c60d347c26eecf7a85ea45fd5d9","content-type":"application/json","content-length":"23","connection":"close"},"method":"POST","httpVersion":"1.1","originalUrl":"/api/v1/auth/request-otp","query":{}},"res":{"statusCode":400},"responseTime":15}}
2026-04-13T17:05:59.500Z [info] : GET /api/v1/csrf-token 200 1ms {"meta":{"req":{"url":"/api/v1/csrf-token","headers":{"host":"127.0.0.1:60691","accept-encoding":"gzip, deflate","connection":"close"},"method":"GET","httpVersion":"1.1","originalUrl":"/api/v1/csrf-token","query":{}},"res":{"statusCode":200},"responseTime":1}}
2026-04-13T17:05:59.509Z [warn] : Handled error 400: "email" must be a valid email, "password" length must be at least 12 characters long 
2026-04-13T17:05:59.510Z [info] : POST /api/v1/auth/login 400 3ms {"meta":{"req":{"url":"/api/v1/auth/login","headers":{"host":"127.0.0.1:60693","accept-encoding":"gzip, deflate","cookie":"XSRF-TOKEN=93f23e405667cf8e2032c8313fa9f367494904f13bf723d626c908155c225c48; Path=/; HttpOnly; SameSite=Strict","x-xsrf-token":"93f23e405667cf8e2032c8313fa9f367494904f13bf723d626c908155c225c48","content-type":"application/json","content-length":"64","connection":"close"},"method":"POST","httpVersion":"1.1","originalUrl":"/api/v1/auth/login","query":{}},"res":{"statusCode":400},"responseTime":3}}
2026-04-14T11:10:15.508Z [info] : Sika-Santé backend listening on http://localhost:4000 
2026-04-14T11:10:56.270Z [info] : Sika-Santé backend listening on http://localhost:4000 
2026-04-14T11:12:00.318Z [info] : Sika-Santé backend listening on http://localhost:4000 
2026-04-14T11:12:15.028Z [info] : GET /api/v1/health 200 15ms {"meta":{"req":{"url":"/api/v1/health","headers":{"user-agent":"Mozilla/5.0 (Windows NT; Windows NT 10.0; fr-FR) WindowsPowerShell/5.1.26100.8115","host":"localhost:4000","connection":"Keep-Alive"},"method":"GET","httpVersion":"1.1","originalUrl":"/api/v1/health","query":{}},"res":{"statusCode":200},"responseTime":15}}
2026-04-14T11:12:29.500Z [info] : GET / 200 8ms {"meta":{"req":{"url":"/","headers":{"user-agent":"Mozilla/5.0 (Windows NT; Windows NT 10.0; fr-FR) WindowsPowerShell/5.1.26100.8115","host":"localhost:4000","connection":"Keep-Alive"},"method":"GET","httpVersion":"1.1","originalUrl":"/","query":{}},"res":{"statusCode":200},"responseTime":8}}
2026-04-14T11:12:29.723Z [info] : GET /pages/connexion.html 200 3ms {"meta":{"req":{"url":"/pages/connexion.html","headers":{"user-agent":"Mozilla/5.0 (Windows NT; Windows NT 10.0; fr-FR) WindowsPowerShell/5.1.26100.8115","host":"localhost:4000","connection":"Keep-Alive"},"method":"GET","httpVersion":"1.1","originalUrl":"/pages/connexion.html","query":{}},"res":{"statusCode":200},"responseTime":3}}
2026-04-14T11:13:42.802Z [info] : GET / 200 3ms {"meta":{"req":{"url":"/","headers":{"host":"localhost:4000","connection":"keep-alive","cache-control":"max-age=0","sec-ch-ua":"\"Chromium\";v=\"146\", \"Not-A.Brand\";v=\"24\", \"Google Chrome\";v=\"146\"","sec-ch-ua-mobile":"?0","sec-ch-ua-platform":"\"Windows\"","upgrade-insecure-requests":"1","user-agent":"Mozilla/5.0 (Windows NT 10.0; Win64; x64) AppleWebKit/537.36 (KHTML, like Gecko) Chrome/146.0.0.0 Safari/537.36","accept":"text/html,application/xhtml+xml,application/xml;q=0.9,image/avif,image/webp,image/apng,*/*;q=0.8,application/signed-exchange;v=b3;q=0.7","sec-fetch-site":"none","sec-fetch-mode":"navigate","sec-fetch-user":"?1","sec-fetch-dest":"document","accept-encoding":"gzip, deflate, br, zstd","accept-language":"fr,en;q=0.9","cookie":"_ga=GA1.1.2005962765.1751293462; _ga_MBK8XVW5R5=GS2.1.s1752234442$o12$g1$t1752237707$j60$l0$h0"},"method":"GET","httpVersion":"1.1","originalUrl":"/","query":{}},"res":{"statusCode":200},"responseTime":3}}
2026-04-14T11:13:43.054Z [info] : GET /.well-known/appspecific/com.chrome.devtools.json 404 2ms {"meta":{"req":{"url":"/.well-known/appspecific/com.chrome.devtools.json","headers":{"host":"localhost:4000","connection":"keep-alive","sec-fetch-site":"same-origin","sec-fetch-mode":"no-cors","sec-fetch-dest":"empty","user-agent":"Mozilla/5.0 (Windows NT 10.0; Win64; x64) AppleWebKit/537.36 (KHTML, like Gecko) Chrome/146.0.0.0 Safari/537.36","accept-encoding":"gzip, deflate, br, zstd","accept-language":"fr,en;q=0.9","cookie":"_ga=GA1.1.2005962765.1751293462; _ga_MBK8XVW5R5=GS2.1.s1752234442$o12$g1$t1752237707$j60$l0$h0; XSRF-TOKEN=6832da41796d6493cea1e228d32d1b76d95388129da07d3586540e27a821c755"},"method":"GET","httpVersion":"1.1","originalUrl":"/.well-known/appspecific/com.chrome.devtools.json","query":{}},"res":{"statusCode":404},"responseTime":2}}
2026-04-14T11:13:43.094Z [info] : GET /assets/css/style.css 200 2ms {"meta":{"req":{"url":"/assets/css/style.css","headers":{"host":"localhost:4000","connection":"keep-alive","sec-ch-ua-platform":"\"Windows\"","user-agent":"Mozilla/5.0 (Windows NT 10.0; Win64; x64) AppleWebKit/537.36 (KHTML, like Gecko) Chrome/146.0.0.0 Safari/537.36","sec-ch-ua":"\"Chromium\";v=\"146\", \"Not-A.Brand\";v=\"24\", \"Google Chrome\";v=\"146\"","sec-ch-ua-mobile":"?0","accept":"text/css,*/*;q=0.1","sec-fetch-site":"same-origin","sec-fetch-mode":"no-cors","sec-fetch-dest":"style","accept-encoding":"gzip, deflate, br, zstd","accept-language":"fr,en;q=0.9","cookie":"_ga=GA1.1.2005962765.1751293462; _ga_MBK8XVW5R5=GS2.1.s1752234442$o12$g1$t1752237707$j60$l0$h0; XSRF-TOKEN=6832da41796d6493cea1e228d32d1b76d95388129da07d3586540e27a821c755"},"method":"GET","httpVersion":"1.1","originalUrl":"/assets/css/style.css","query":{}},"res":{"statusCode":200},"responseTime":2}}
2026-04-14T11:13:49.893Z [info] : GET /pages/connexion.html 200 3ms {"meta":{"req":{"url":"/pages/connexion.html","headers":{"host":"localhost:4000","connection":"keep-alive","sec-ch-ua":"\"Chromium\";v=\"146\", \"Not-A.Brand\";v=\"24\", \"Google Chrome\";v=\"146\"","sec-ch-ua-mobile":"?0","sec-ch-ua-platform":"\"Windows\"","upgrade-insecure-requests":"1","user-agent":"Mozilla/5.0 (Windows NT 10.0; Win64; x64) AppleWebKit/537.36 (KHTML, like Gecko) Chrome/146.0.0.0 Safari/537.36","accept":"text/html,application/xhtml+xml,application/xml;q=0.9,image/avif,image/webp,image/apng,*/*;q=0.8,application/signed-exchange;v=b3;q=0.7","sec-fetch-site":"same-origin","sec-fetch-mode":"navigate","sec-fetch-dest":"document","accept-encoding":"gzip, deflate, br, zstd","accept-language":"fr,en;q=0.9","cookie":"_ga=GA1.1.2005962765.1751293462; _ga_MBK8XVW5R5=GS2.1.s1752234442$o12$g1$t1752237707$j60$l0$h0; XSRF-TOKEN=6832da41796d6493cea1e228d32d1b76d95388129da07d3586540e27a821c755"},"method":"GET","httpVersion":"1.1","originalUrl":"/pages/connexion.html","query":{}},"res":{"statusCode":200},"responseTime":3}}
2026-04-14T11:13:50.232Z [info] : GET /.well-known/appspecific/com.chrome.devtools.json 404 1ms {"meta":{"req":{"url":"/.well-known/appspecific/com.chrome.devtools.json","headers":{"host":"localhost:4000","connection":"keep-alive","sec-fetch-site":"same-origin","sec-fetch-mode":"no-cors","sec-fetch-dest":"empty","user-agent":"Mozilla/5.0 (Windows NT 10.0; Win64; x64) AppleWebKit/537.36 (KHTML, like Gecko) Chrome/146.0.0.0 Safari/537.36","accept-encoding":"gzip, deflate, br, zstd","accept-language":"fr,en;q=0.9","cookie":"_ga=GA1.1.2005962765.1751293462; _ga_MBK8XVW5R5=GS2.1.s1752234442$o12$g1$t1752237707$j60$l0$h0; XSRF-TOKEN=6832da41796d6493cea1e228d32d1b76d95388129da07d3586540e27a821c755"},"method":"GET","httpVersion":"1.1","originalUrl":"/.well-known/appspecific/com.chrome.devtools.json","query":{}},"res":{"statusCode":404},"responseTime":1}}
2026-04-14T11:13:50.273Z [info] : GET /assets/css/style.css 304 2ms {"meta":{"req":{"url":"/assets/css/style.css","headers":{"host":"localhost:4000","connection":"keep-alive","sec-ch-ua-platform":"\"Windows\"","user-agent":"Mozilla/5.0 (Windows NT 10.0; Win64; x64) AppleWebKit/537.36 (KHTML, like Gecko) Chrome/146.0.0.0 Safari/537.36","sec-ch-ua":"\"Chromium\";v=\"146\", \"Not-A.Brand\";v=\"24\", \"Google Chrome\";v=\"146\"","sec-ch-ua-mobile":"?0","accept":"text/css,*/*;q=0.1","sec-fetch-site":"same-origin","sec-fetch-mode":"no-cors","sec-fetch-dest":"style","accept-encoding":"gzip, deflate, br, zstd","accept-language":"fr,en;q=0.9","cookie":"_ga=GA1.1.2005962765.1751293462; _ga_MBK8XVW5R5=GS2.1.s1752234442$o12$g1$t1752237707$j60$l0$h0; XSRF-TOKEN=6832da41796d6493cea1e228d32d1b76d95388129da07d3586540e27a821c755","if-none-match":"W/\"12a5-19d879f1904\"","if-modified-since":"Mon, 13 Apr 2026 16:14:04 GMT"},"method":"GET","httpVersion":"1.1","originalUrl":"/assets/css/style.css","query":{}},"res":{"statusCode":304},"responseTime":2}}
2026-04-14T11:13:55.906Z [info] : GET /favicon.ico 404 1ms {"meta":{"req":{"url":"/favicon.ico","headers":{"host":"localhost:4000","connection":"keep-alive","sec-ch-ua-platform":"\"Windows\"","user-agent":"Mozilla/5.0 (Windows NT 10.0; Win64; x64) AppleWebKit/537.36 (KHTML, like Gecko) Chrome/146.0.0.0 Safari/537.36","sec-ch-ua":"\"Chromium\";v=\"146\", \"Not-A.Brand\";v=\"24\", \"Google Chrome\";v=\"146\"","sec-ch-ua-mobile":"?0","accept":"image/avif,image/webp,image/apng,image/svg+xml,image/*,*/*;q=0.8","sec-fetch-site":"same-origin","sec-fetch-mode":"no-cors","sec-fetch-dest":"image","accept-encoding":"gzip, deflate, br, zstd","accept-language":"fr,en;q=0.9","cookie":"_ga=GA1.1.2005962765.1751293462; _ga_MBK8XVW5R5=GS2.1.s1752234442$o12$g1$t1752237707$j60$l0$h0; XSRF-TOKEN=6832da41796d6493cea1e228d32d1b76d95388129da07d3586540e27a821c755"},"method":"GET","httpVersion":"1.1","originalUrl":"/favicon.ico","query":{}},"res":{"statusCode":404},"responseTime":1}}
2026-04-14T11:14:13.556Z [info] : GET /pages/connexion-patient.html 200 3ms {"meta":{"req":{"url":"/pages/connexion-patient.html","headers":{"host":"localhost:4000","connection":"keep-alive","sec-ch-ua":"\"Chromium\";v=\"146\", \"Not-A.Brand\";v=\"24\", \"Google Chrome\";v=\"146\"","sec-ch-ua-mobile":"?0","sec-ch-ua-platform":"\"Windows\"","upgrade-insecure-requests":"1","user-agent":"Mozilla/5.0 (Windows NT 10.0; Win64; x64) AppleWebKit/537.36 (KHTML, like Gecko) Chrome/146.0.0.0 Safari/537.36","accept":"text/html,application/xhtml+xml,application/xml;q=0.9,image/avif,image/webp,image/apng,*/*;q=0.8,application/signed-exchange;v=b3;q=0.7","sec-fetch-site":"same-origin","sec-fetch-mode":"navigate","sec-fetch-user":"?1","sec-fetch-dest":"document","accept-encoding":"gzip, deflate, br, zstd","accept-language":"fr,en;q=0.9","cookie":"_ga=GA1.1.2005962765.1751293462; _ga_MBK8XVW5R5=GS2.1.s1752234442$o12$g1$t1752237707$j60$l0$h0; XSRF-TOKEN=6832da41796d6493cea1e228d32d1b76d95388129da07d3586540e27a821c755"},"method":"GET","httpVersion":"1.1","originalUrl":"/pages/connexion-patient.html","query":{}},"res":{"statusCode":200},"responseTime":3}}
2026-04-14T11:14:13.624Z [info] : GET /assets/css/style.css 304 0ms {"meta":{"req":{"url":"/assets/css/style.css","headers":{"host":"localhost:4000","connection":"keep-alive","sec-ch-ua-platform":"\"Windows\"","if-none-match":"W/\"12a5-19d879f1904\"","user-agent":"Mozilla/5.0 (Windows NT 10.0; Win64; x64) AppleWebKit/537.36 (KHTML, like Gecko) Chrome/146.0.0.0 Safari/537.36","sec-ch-ua":"\"Chromium\";v=\"146\", \"Not-A.Brand\";v=\"24\", \"Google Chrome\";v=\"146\"","if-modified-since":"Mon, 13 Apr 2026 16:14:04 GMT","sec-ch-ua-mobile":"?0","accept":"text/css,*/*;q=0.1","sec-fetch-site":"same-origin","sec-fetch-mode":"no-cors","sec-fetch-dest":"style","accept-encoding":"gzip, deflate, br, zstd","accept-language":"fr,en;q=0.9","cookie":"_ga=GA1.1.2005962765.1751293462; _ga_MBK8XVW5R5=GS2.1.s1752234442$o12$g1$t1752237707$j60$l0$h0; XSRF-TOKEN=6832da41796d6493cea1e228d32d1b76d95388129da07d3586540e27a821c755"},"method":"GET","httpVersion":"1.1","originalUrl":"/assets/css/style.css","query":{}},"res":{"statusCode":304},"responseTime":0}}
2026-04-14T11:14:51.871Z [info] : GET /api 404 1ms {"meta":{"req":{"url":"/api","headers":{"host":"localhost:4000","connection":"keep-alive","sec-ch-ua":"\"Chromium\";v=\"146\", \"Not-A.Brand\";v=\"24\", \"Google Chrome\";v=\"146\"","sec-ch-ua-mobile":"?0","sec-ch-ua-platform":"\"Windows\"","upgrade-insecure-requests":"1","user-agent":"Mozilla/5.0 (Windows NT 10.0; Win64; x64) AppleWebKit/537.36 (KHTML, like Gecko) Chrome/146.0.0.0 Safari/537.36","accept":"text/html,application/xhtml+xml,application/xml;q=0.9,image/avif,image/webp,image/apng,*/*;q=0.8,application/signed-exchange;v=b3;q=0.7","sec-fetch-site":"none","sec-fetch-mode":"navigate","sec-fetch-user":"?1","sec-fetch-dest":"document","accept-encoding":"gzip, deflate, br, zstd","accept-language":"fr,en;q=0.9","cookie":"_ga=GA1.1.2005962765.1751293462; _ga_MBK8XVW5R5=GS2.1.s1752234442$o12$g1$t1752237707$j60$l0$h0; XSRF-TOKEN=6832da41796d6493cea1e228d32d1b76d95388129da07d3586540e27a821c755"},"method":"GET","httpVersion":"1.1","originalUrl":"/api","query":{}},"res":{"statusCode":404},"responseTime":1}}
2026-04-14T11:18:42.747Z [info] : GET / 304 27ms {"meta":{"req":{"url":"/","headers":{"host":"localhost:4000","connection":"keep-alive","sec-ch-ua":"\"Chromium\";v=\"146\", \"Not-A.Brand\";v=\"24\", \"Google Chrome\";v=\"146\"","sec-ch-ua-mobile":"?0","sec-ch-ua-platform":"\"Windows\"","upgrade-insecure-requests":"1","user-agent":"Mozilla/5.0 (Windows NT 10.0; Win64; x64) AppleWebKit/537.36 (KHTML, like Gecko) Chrome/146.0.0.0 Safari/537.36","accept":"text/html,application/xhtml+xml,application/xml;q=0.9,image/avif,image/webp,image/apng,*/*;q=0.8,application/signed-exchange;v=b3;q=0.7","sec-fetch-site":"none","sec-fetch-mode":"navigate","sec-fetch-user":"?1","sec-fetch-dest":"document","accept-encoding":"gzip, deflate, br, zstd","accept-language":"fr,en;q=0.9","cookie":"_ga=GA1.1.2005962765.1751293462; _ga_MBK8XVW5R5=GS2.1.s1752234442$o12$g1$t1752237707$j60$l0$h0; XSRF-TOKEN=6832da41796d6493cea1e228d32d1b76d95388129da07d3586540e27a821c755","if-none-match":"W/\"294-19d87a65685\"","if-modified-since":"Mon, 13 Apr 2026 16:21:58 GMT"},"method":"GET","httpVersion":"1.1","originalUrl":"/","query":{}},"res":{"statusCode":304},"responseTime":27}}
2026-04-14T11:18:42.904Z [info] : GET /assets/css/style.css 304 1ms {"meta":{"req":{"url":"/assets/css/style.css","headers":{"host":"localhost:4000","connection":"keep-alive","sec-ch-ua-platform":"\"Windows\"","user-agent":"Mozilla/5.0 (Windows NT 10.0; Win64; x64) AppleWebKit/537.36 (KHTML, like Gecko) Chrome/146.0.0.0 Safari/537.36","sec-ch-ua":"\"Chromium\";v=\"146\", \"Not-A.Brand\";v=\"24\", \"Google Chrome\";v=\"146\"","sec-ch-ua-mobile":"?0","accept":"text/css,*/*;q=0.1","sec-fetch-site":"same-origin","sec-fetch-mode":"no-cors","sec-fetch-dest":"style","accept-encoding":"gzip, deflate, br, zstd","accept-language":"fr,en;q=0.9","cookie":"_ga=GA1.1.2005962765.1751293462; _ga_MBK8XVW5R5=GS2.1.s1752234442$o12$g1$t1752237707$j60$l0$h0; XSRF-TOKEN=6832da41796d6493cea1e228d32d1b76d95388129da07d3586540e27a821c755","if-none-match":"W/\"12a5-19d879f1904\"","if-modified-since":"Mon, 13 Apr 2026 16:14:04 GMT"},"method":"GET","httpVersion":"1.1","originalUrl":"/assets/css/style.css","query":{}},"res":{"statusCode":304},"responseTime":1}}
2026-04-14T11:18:49.298Z [info] : GET /pages/connexion.html 304 8ms {"meta":{"req":{"url":"/pages/connexion.html","headers":{"host":"localhost:4000","connection":"keep-alive","sec-ch-ua":"\"Chromium\";v=\"146\", \"Not-A.Brand\";v=\"24\", \"Google Chrome\";v=\"146\"","sec-ch-ua-mobile":"?0","sec-ch-ua-platform":"\"Windows\"","upgrade-insecure-requests":"1","user-agent":"Mozilla/5.0 (Windows NT 10.0; Win64; x64) AppleWebKit/537.36 (KHTML, like Gecko) Chrome/146.0.0.0 Safari/537.36","accept":"text/html,application/xhtml+xml,application/xml;q=0.9,image/avif,image/webp,image/apng,*/*;q=0.8,application/signed-exchange;v=b3;q=0.7","sec-fetch-site":"same-origin","sec-fetch-mode":"navigate","sec-fetch-dest":"document","accept-encoding":"gzip, deflate, br, zstd","accept-language":"fr,en;q=0.9","cookie":"_ga=GA1.1.2005962765.1751293462; _ga_MBK8XVW5R5=GS2.1.s1752234442$o12$g1$t1752237707$j60$l0$h0; XSRF-TOKEN=6832da41796d6493cea1e228d32d1b76d95388129da07d3586540e27a821c755","if-none-match":"W/\"ca5-19d87a6c94b\"","if-modified-since":"Mon, 13 Apr 2026 16:22:27 GMT"},"method":"GET","httpVersion":"1.1","originalUrl":"/pages/connexion.html","query":{}},"res":{"statusCode":304},"responseTime":8}}
2026-04-14T11:18:49.464Z [info] : GET /assets/css/style.css 304 2ms {"meta":{"req":{"url":"/assets/css/style.css","headers":{"host":"localhost:4000","connection":"keep-alive","sec-ch-ua-platform":"\"Windows\"","if-none-match":"W/\"12a5-19d879f1904\"","user-agent":"Mozilla/5.0 (Windows NT 10.0; Win64; x64) AppleWebKit/537.36 (KHTML, like Gecko) Chrome/146.0.0.0 Safari/537.36","sec-ch-ua":"\"Chromium\";v=\"146\", \"Not-A.Brand\";v=\"24\", \"Google Chrome\";v=\"146\"","if-modified-since":"Mon, 13 Apr 2026 16:14:04 GMT","sec-ch-ua-mobile":"?0","accept":"text/css,*/*;q=0.1","sec-fetch-site":"same-origin","sec-fetch-mode":"no-cors","sec-fetch-dest":"style","accept-encoding":"gzip, deflate, br, zstd","accept-language":"fr,en;q=0.9","cookie":"_ga=GA1.1.2005962765.1751293462; _ga_MBK8XVW5R5=GS2.1.s1752234442$o12$g1$t1752237707$j60$l0$h0; XSRF-TOKEN=6832da41796d6493cea1e228d32d1b76d95388129da07d3586540e27a821c755"},"method":"GET","httpVersion":"1.1","originalUrl":"/assets/css/style.css","query":{}},"res":{"statusCode":304},"responseTime":2}}
2026-04-14T11:19:14.300Z [info] : GET /pages/connexion-patient.html 304 3ms {"meta":{"req":{"url":"/pages/connexion-patient.html","headers":{"host":"localhost:4000","connection":"keep-alive","sec-ch-ua":"\"Chromium\";v=\"146\", \"Not-A.Brand\";v=\"24\", \"Google Chrome\";v=\"146\"","sec-ch-ua-mobile":"?0","sec-ch-ua-platform":"\"Windows\"","upgrade-insecure-requests":"1","user-agent":"Mozilla/5.0 (Windows NT 10.0; Win64; x64) AppleWebKit/537.36 (KHTML, like Gecko) Chrome/146.0.0.0 Safari/537.36","accept":"text/html,application/xhtml+xml,application/xml;q=0.9,image/avif,image/webp,image/apng,*/*;q=0.8,application/signed-exchange;v=b3;q=0.7","sec-fetch-site":"same-origin","sec-fetch-mode":"navigate","sec-fetch-user":"?1","sec-fetch-dest":"document","accept-encoding":"gzip, deflate, br, zstd","accept-language":"fr,en;q=0.9","cookie":"_ga=GA1.1.2005962765.1751293462; _ga_MBK8XVW5R5=GS2.1.s1752234442$o12$g1$t1752237707$j60$l0$h0; XSRF-TOKEN=6832da41796d6493cea1e228d32d1b76d95388129da07d3586540e27a821c755","if-none-match":"W/\"10ca-19d87a75f34\"","if-modified-since":"Mon, 13 Apr 2026 16:23:06 GMT"},"method":"GET","httpVersion":"1.1","originalUrl":"/pages/connexion-patient.html","query":{}},"res":{"statusCode":304},"responseTime":3}}
2026-04-14T11:19:14.388Z [info] : GET /assets/css/style.css 304 29ms {"meta":{"req":{"url":"/assets/css/style.css","headers":{"host":"localhost:4000","connection":"keep-alive","sec-ch-ua-platform":"\"Windows\"","if-none-match":"W/\"12a5-19d879f1904\"","user-agent":"Mozilla/5.0 (Windows NT 10.0; Win64; x64) AppleWebKit/537.36 (KHTML, like Gecko) Chrome/146.0.0.0 Safari/537.36","sec-ch-ua":"\"Chromium\";v=\"146\", \"Not-A.Brand\";v=\"24\", \"Google Chrome\";v=\"146\"","if-modified-since":"Mon, 13 Apr 2026 16:14:04 GMT","sec-ch-ua-mobile":"?0","accept":"text/css,*/*;q=0.1","sec-fetch-site":"same-origin","sec-fetch-mode":"no-cors","sec-fetch-dest":"style","accept-encoding":"gzip, deflate, br, zstd","accept-language":"fr,en;q=0.9","cookie":"_ga=GA1.1.2005962765.1751293462; _ga_MBK8XVW5R5=GS2.1.s1752234442$o12$g1$t1752237707$j60$l0$h0; XSRF-TOKEN=6832da41796d6493cea1e228d32d1b76d95388129da07d3586540e27a821c755"},"method":"GET","httpVersion":"1.1","originalUrl":"/assets/css/style.css","query":{}},"res":{"statusCode":304},"responseTime":29}}
2026-04-14T11:19:23.417Z [info] : GET /.well-known/appspecific/com.chrome.devtools.json 404 23ms {"meta":{"req":{"url":"/.well-known/appspecific/com.chrome.devtools.json","headers":{"host":"localhost:4000","connection":"keep-alive","sec-fetch-site":"same-origin","sec-fetch-mode":"no-cors","sec-fetch-dest":"empty","user-agent":"Mozilla/5.0 (Windows NT 10.0; Win64; x64) AppleWebKit/537.36 (KHTML, like Gecko) Chrome/146.0.0.0 Safari/537.36","accept-encoding":"gzip, deflate, br, zstd","accept-language":"fr,en;q=0.9","cookie":"_ga=GA1.1.2005962765.1751293462; _ga_MBK8XVW5R5=GS2.1.s1752234442$o12$g1$t1752237707$j60$l0$h0; XSRF-TOKEN=6832da41796d6493cea1e228d32d1b76d95388129da07d3586540e27a821c755"},"method":"GET","httpVersion":"1.1","originalUrl":"/.well-known/appspecific/com.chrome.devtools.json","query":{}},"res":{"statusCode":404},"responseTime":23}}
2026-04-14T11:19:23.424Z [info] : GET /assets/css/style.css 304 0ms {"meta":{"req":{"url":"/assets/css/style.css","headers":{"host":"localhost:4000","connection":"keep-alive","sec-ch-ua-platform":"\"Windows\"","if-none-match":"W/\"12a5-19d879f1904\"","user-agent":"Mozilla/5.0 (Windows NT 10.0; Win64; x64) AppleWebKit/537.36 (KHTML, like Gecko) Chrome/146.0.0.0 Safari/537.36","sec-ch-ua":"\"Chromium\";v=\"146\", \"Not-A.Brand\";v=\"24\", \"Google Chrome\";v=\"146\"","if-modified-since":"Mon, 13 Apr 2026 16:14:04 GMT","sec-ch-ua-mobile":"?0","accept":"text/css,*/*;q=0.1","sec-fetch-site":"same-origin","sec-fetch-mode":"no-cors","sec-fetch-dest":"style","accept-encoding":"gzip, deflate, br, zstd","accept-language":"fr,en;q=0.9","cookie":"_ga=GA1.1.2005962765.1751293462; _ga_MBK8XVW5R5=GS2.1.s1752234442$o12$g1$t1752237707$j60$l0$h0; XSRF-TOKEN=6832da41796d6493cea1e228d32d1b76d95388129da07d3586540e27a821c755"},"method":"GET","httpVersion":"1.1","originalUrl":"/assets/css/style.css","query":{}},"res":{"statusCode":304},"responseTime":0}}
2026-04-14T11:19:36.113Z [info] : GET /pages/connexion-patient.html? 200 7ms {"meta":{"req":{"url":"/pages/connexion-patient.html?","headers":{"host":"localhost:4000","connection":"keep-alive","sec-ch-ua":"\"Chromium\";v=\"146\", \"Not-A.Brand\";v=\"24\", \"Google Chrome\";v=\"146\"","sec-ch-ua-mobile":"?0","sec-ch-ua-platform":"\"Windows\"","upgrade-insecure-requests":"1","user-agent":"Mozilla/5.0 (Windows NT 10.0; Win64; x64) AppleWebKit/537.36 (KHTML, like Gecko) Chrome/146.0.0.0 Safari/537.36","accept":"text/html,application/xhtml+xml,application/xml;q=0.9,image/avif,image/webp,image/apng,*/*;q=0.8,application/signed-exchange;v=b3;q=0.7","sec-fetch-site":"same-origin","sec-fetch-mode":"navigate","sec-fetch-user":"?1","sec-fetch-dest":"document","accept-encoding":"gzip, deflate, br, zstd","accept-language":"fr,en;q=0.9","cookie":"_ga=GA1.1.2005962765.1751293462; _ga_MBK8XVW5R5=GS2.1.s1752234442$o12$g1$t1752237707$j60$l0$h0; XSRF-TOKEN=6832da41796d6493cea1e228d32d1b76d95388129da07d3586540e27a821c755"},"method":"GET","httpVersion":"1.1","originalUrl":"/pages/connexion-patient.html?","query":{}},"res":{"statusCode":200},"responseTime":7}}
2026-04-14T11:19:36.312Z [info] : GET /assets/css/style.css 304 2ms {"meta":{"req":{"url":"/assets/css/style.css","headers":{"host":"localhost:4000","connection":"keep-alive","sec-ch-ua-platform":"\"Windows\"","if-none-match":"W/\"12a5-19d879f1904\"","user-agent":"Mozilla/5.0 (Windows NT 10.0; Win64; x64) AppleWebKit/537.36 (KHTML, like Gecko) Chrome/146.0.0.0 Safari/537.36","sec-ch-ua":"\"Chromium\";v=\"146\", \"Not-A.Brand\";v=\"24\", \"Google Chrome\";v=\"146\"","if-modified-since":"Mon, 13 Apr 2026 16:14:04 GMT","sec-ch-ua-mobile":"?0","accept":"text/css,*/*;q=0.1","sec-fetch-site":"same-origin","sec-fetch-mode":"no-cors","sec-fetch-dest":"style","accept-encoding":"gzip, deflate, br, zstd","accept-language":"fr,en;q=0.9","cookie":"_ga=GA1.1.2005962765.1751293462; _ga_MBK8XVW5R5=GS2.1.s1752234442$o12$g1$t1752237707$j60$l0$h0; XSRF-TOKEN=6832da41796d6493cea1e228d32d1b76d95388129da07d3586540e27a821c755"},"method":"GET","httpVersion":"1.1","originalUrl":"/assets/css/style.css","query":{}},"res":{"statusCode":304},"responseTime":2}}
2026-04-14T11:19:36.315Z [info] : GET /.well-known/appspecific/com.chrome.devtools.json 404 3ms {"meta":{"req":{"url":"/.well-known/appspecific/com.chrome.devtools.json","headers":{"host":"localhost:4000","connection":"keep-alive","sec-fetch-site":"same-origin","sec-fetch-mode":"no-cors","sec-fetch-dest":"empty","user-agent":"Mozilla/5.0 (Windows NT 10.0; Win64; x64) AppleWebKit/537.36 (KHTML, like Gecko) Chrome/146.0.0.0 Safari/537.36","accept-encoding":"gzip, deflate, br, zstd","accept-language":"fr,en;q=0.9","cookie":"_ga=GA1.1.2005962765.1751293462; _ga_MBK8XVW5R5=GS2.1.s1752234442$o12$g1$t1752237707$j60$l0$h0; XSRF-TOKEN=6832da41796d6493cea1e228d32d1b76d95388129da07d3586540e27a821c755"},"method":"GET","httpVersion":"1.1","originalUrl":"/.well-known/appspecific/com.chrome.devtools.json","query":{}},"res":{"statusCode":404},"responseTime":3}}
2026-04-14T11:22:19.216Z [info] : GET /pages/connexion-patient.html? 304 24ms {"meta":{"req":{"url":"/pages/connexion-patient.html?","headers":{"host":"localhost:4000","connection":"keep-alive","sec-ch-ua":"\"Chromium\";v=\"146\", \"Not-A.Brand\";v=\"24\", \"Google Chrome\";v=\"146\"","sec-ch-ua-mobile":"?0","sec-ch-ua-platform":"\"Windows\"","upgrade-insecure-requests":"1","user-agent":"Mozilla/5.0 (Windows NT 10.0; Win64; x64) AppleWebKit/537.36 (KHTML, like Gecko) Chrome/146.0.0.0 Safari/537.36","accept":"text/html,application/xhtml+xml,application/xml;q=0.9,image/avif,image/webp,image/apng,*/*;q=0.8,application/signed-exchange;v=b3;q=0.7","sec-fetch-site":"same-origin","sec-fetch-mode":"navigate","sec-fetch-user":"?1","sec-fetch-dest":"document","accept-encoding":"gzip, deflate, br, zstd","accept-language":"fr,en;q=0.9","cookie":"_ga=GA1.1.2005962765.1751293462; _ga_MBK8XVW5R5=GS2.1.s1752234442$o12$g1$t1752237707$j60$l0$h0; XSRF-TOKEN=6832da41796d6493cea1e228d32d1b76d95388129da07d3586540e27a821c755","if-none-match":"W/\"10ca-19d87a75f34\"","if-modified-since":"Mon, 13 Apr 2026 16:23:06 GMT"},"method":"GET","httpVersion":"1.1","originalUrl":"/pages/connexion-patient.html?","query":{}},"res":{"statusCode":304},"responseTime":24}}
2026-04-14T11:22:19.439Z [info] : GET /.well-known/appspecific/com.chrome.devtools.json 404 19ms {"meta":{"req":{"url":"/.well-known/appspecific/com.chrome.devtools.json","headers":{"host":"localhost:4000","connection":"keep-alive","sec-fetch-site":"same-origin","sec-fetch-mode":"no-cors","sec-fetch-dest":"empty","user-agent":"Mozilla/5.0 (Windows NT 10.0; Win64; x64) AppleWebKit/537.36 (KHTML, like Gecko) Chrome/146.0.0.0 Safari/537.36","accept-encoding":"gzip, deflate, br, zstd","accept-language":"fr,en;q=0.9","cookie":"_ga=GA1.1.2005962765.1751293462; _ga_MBK8XVW5R5=GS2.1.s1752234442$o12$g1$t1752237707$j60$l0$h0; XSRF-TOKEN=6832da41796d6493cea1e228d32d1b76d95388129da07d3586540e27a821c755"},"method":"GET","httpVersion":"1.1","originalUrl":"/.well-known/appspecific/com.chrome.devtools.json","query":{}},"res":{"statusCode":404},"responseTime":19}}
2026-04-14T11:22:19.462Z [info] : GET /assets/css/style.css 304 1ms {"meta":{"req":{"url":"/assets/css/style.css","headers":{"host":"localhost:4000","connection":"keep-alive","sec-ch-ua-platform":"\"Windows\"","user-agent":"Mozilla/5.0 (Windows NT 10.0; Win64; x64) AppleWebKit/537.36 (KHTML, like Gecko) Chrome/146.0.0.0 Safari/537.36","sec-ch-ua":"\"Chromium\";v=\"146\", \"Not-A.Brand\";v=\"24\", \"Google Chrome\";v=\"146\"","sec-ch-ua-mobile":"?0","accept":"text/css,*/*;q=0.1","sec-fetch-site":"same-origin","sec-fetch-mode":"no-cors","sec-fetch-dest":"style","accept-encoding":"gzip, deflate, br, zstd","accept-language":"fr,en;q=0.9","cookie":"_ga=GA1.1.2005962765.1751293462; _ga_MBK8XVW5R5=GS2.1.s1752234442$o12$g1$t1752237707$j60$l0$h0; XSRF-TOKEN=6832da41796d6493cea1e228d32d1b76d95388129da07d3586540e27a821c755","if-none-match":"W/\"12a5-19d879f1904\"","if-modified-since":"Mon, 13 Apr 2026 16:14:04 GMT"},"method":"GET","httpVersion":"1.1","originalUrl":"/assets/css/style.css","query":{}},"res":{"statusCode":304},"responseTime":1}}
2026-04-14T11:22:37.171Z [warn] : Handled error 403: invalid csrf token 
2026-04-14T11:22:37.176Z [info] : POST /api/v1/auth/request-otp 403 9ms {"meta":{"req":{"url":"/api/v1/auth/request-otp","headers":{"host":"localhost:4000","connection":"keep-alive","content-length":"31","sec-ch-ua-platform":"\"Windows\"","user-agent":"Mozilla/5.0 (Windows NT 10.0; Win64; x64) AppleWebKit/537.36 (KHTML, like Gecko) Chrome/146.0.0.0 Safari/537.36","accept":"*/*","sec-ch-ua":"\"Chromium\";v=\"146\", \"Not-A.Brand\";v=\"24\", \"Google Chrome\";v=\"146\"","content-type":"application/json","sec-ch-ua-mobile":"?0","origin":"http://localhost:4000","sec-fetch-site":"same-origin","sec-fetch-mode":"cors","sec-fetch-dest":"empty","accept-encoding":"gzip, deflate, br, zstd","accept-language":"fr,en;q=0.9","cookie":"_ga=GA1.1.2005962765.1751293462; _ga_MBK8XVW5R5=GS2.1.s1752234442$o12$g1$t1752237707$j60$l0$h0; XSRF-TOKEN=6832da41796d6493cea1e228d32d1b76d95388129da07d3586540e27a821c755"},"method":"POST","httpVersion":"1.1","originalUrl":"/api/v1/auth/request-otp","query":{}},"res":{"statusCode":403},"responseTime":9}}
2026-04-14T11:41:23.536Z [info] : Sika-Santé backend listening on http://localhost:4000 
2026-04-14T11:41:23.861Z [info] : GET /api/v1/health 200 10ms {"meta":{"req":{"url":"/api/v1/health","headers":{"user-agent":"Mozilla/5.0 (Windows NT; Windows NT 10.0; fr-FR) WindowsPowerShell/5.1.26100.8115","host":"localhost:4000","connection":"Keep-Alive"},"method":"GET","httpVersion":"1.1","originalUrl":"/api/v1/health","query":{}},"res":{"statusCode":200},"responseTime":10}}
2026-04-14T11:42:27.563Z [info] : Sika-Santé backend listening on http://localhost:4000 
2026-04-14T11:42:43.934Z [info] : GET / 304 9ms {"meta":{"req":{"url":"/","headers":{"host":"localhost:4000","connection":"keep-alive","sec-ch-ua":"\"Chromium\";v=\"146\", \"Not-A.Brand\";v=\"24\", \"Google Chrome\";v=\"146\"","sec-ch-ua-mobile":"?0","sec-ch-ua-platform":"\"Windows\"","upgrade-insecure-requests":"1","user-agent":"Mozilla/5.0 (Windows NT 10.0; Win64; x64) AppleWebKit/537.36 (KHTML, like Gecko) Chrome/146.0.0.0 Safari/537.36","accept":"text/html,application/xhtml+xml,application/xml;q=0.9,image/avif,image/webp,image/apng,*/*;q=0.8,application/signed-exchange;v=b3;q=0.7","sec-fetch-site":"none","sec-fetch-mode":"navigate","sec-fetch-user":"?1","sec-fetch-dest":"document","accept-encoding":"gzip, deflate, br, zstd","accept-language":"fr,en;q=0.9","cookie":"_ga=GA1.1.2005962765.1751293462; _ga_MBK8XVW5R5=GS2.1.s1752234442$o12$g1$t1752237707$j60$l0$h0; XSRF-TOKEN=6832da41796d6493cea1e228d32d1b76d95388129da07d3586540e27a821c755","if-none-match":"W/\"294-19d87a65685\"","if-modified-since":"Mon, 13 Apr 2026 16:21:58 GMT"},"method":"GET","httpVersion":"1.1","originalUrl":"/","query":{}},"res":{"statusCode":304},"responseTime":9}}
2026-04-14T11:42:44.367Z [info] : GET /assets/css/style.css 304 2ms {"meta":{"req":{"url":"/assets/css/style.css","headers":{"host":"localhost:4000","connection":"keep-alive","sec-ch-ua-platform":"\"Windows\"","user-agent":"Mozilla/5.0 (Windows NT 10.0; Win64; x64) AppleWebKit/537.36 (KHTML, like Gecko) Chrome/146.0.0.0 Safari/537.36","sec-ch-ua":"\"Chromium\";v=\"146\", \"Not-A.Brand\";v=\"24\", \"Google Chrome\";v=\"146\"","sec-ch-ua-mobile":"?0","accept":"text/css,*/*;q=0.1","sec-fetch-site":"same-origin","sec-fetch-mode":"no-cors","sec-fetch-dest":"style","accept-encoding":"gzip, deflate, br, zstd","accept-language":"fr,en;q=0.9","cookie":"_ga=GA1.1.2005962765.1751293462; _ga_MBK8XVW5R5=GS2.1.s1752234442$o12$g1$t1752237707$j60$l0$h0; XSRF-TOKEN=6832da41796d6493cea1e228d32d1b76d95388129da07d3586540e27a821c755","if-none-match":"W/\"12a5-19d879f1904\"","if-modified-since":"Mon, 13 Apr 2026 16:14:04 GMT"},"method":"GET","httpVersion":"1.1","originalUrl":"/assets/css/style.css","query":{}},"res":{"statusCode":304},"responseTime":2}}
2026-04-14T11:42:50.173Z [info] : GET /pages/connexion.html 304 1ms {"meta":{"req":{"url":"/pages/connexion.html","headers":{"host":"localhost:4000","connection":"keep-alive","sec-ch-ua":"\"Chromium\";v=\"146\", \"Not-A.Brand\";v=\"24\", \"Google Chrome\";v=\"146\"","sec-ch-ua-mobile":"?0","sec-ch-ua-platform":"\"Windows\"","upgrade-insecure-requests":"1","user-agent":"Mozilla/5.0 (Windows NT 10.0; Win64; x64) AppleWebKit/537.36 (KHTML, like Gecko) Chrome/146.0.0.0 Safari/537.36","accept":"text/html,application/xhtml+xml,application/xml;q=0.9,image/avif,image/webp,image/apng,*/*;q=0.8,application/signed-exchange;v=b3;q=0.7","sec-fetch-site":"same-origin","sec-fetch-mode":"navigate","sec-fetch-dest":"document","accept-encoding":"gzip, deflate, br, zstd","accept-language":"fr,en;q=0.9","cookie":"_ga=GA1.1.2005962765.1751293462; _ga_MBK8XVW5R5=GS2.1.s1752234442$o12$g1$t1752237707$j60$l0$h0; XSRF-TOKEN=6832da41796d6493cea1e228d32d1b76d95388129da07d3586540e27a821c755","if-none-match":"W/\"ca5-19d87a6c94b\"","if-modified-since":"Mon, 13 Apr 2026 16:22:27 GMT"},"method":"GET","httpVersion":"1.1","originalUrl":"/pages/connexion.html","query":{}},"res":{"statusCode":304},"responseTime":1}}
2026-04-14T11:42:50.370Z [info] : GET /assets/css/style.css 304 2ms {"meta":{"req":{"url":"/assets/css/style.css","headers":{"host":"localhost:4000","connection":"keep-alive","sec-ch-ua-platform":"\"Windows\"","user-agent":"Mozilla/5.0 (Windows NT 10.0; Win64; x64) AppleWebKit/537.36 (KHTML, like Gecko) Chrome/146.0.0.0 Safari/537.36","sec-ch-ua":"\"Chromium\";v=\"146\", \"Not-A.Brand\";v=\"24\", \"Google Chrome\";v=\"146\"","sec-ch-ua-mobile":"?0","accept":"text/css,*/*;q=0.1","sec-fetch-site":"same-origin","sec-fetch-mode":"no-cors","sec-fetch-dest":"style","accept-encoding":"gzip, deflate, br, zstd","accept-language":"fr,en;q=0.9","cookie":"_ga=GA1.1.2005962765.1751293462; _ga_MBK8XVW5R5=GS2.1.s1752234442$o12$g1$t1752237707$j60$l0$h0; XSRF-TOKEN=6832da41796d6493cea1e228d32d1b76d95388129da07d3586540e27a821c755","if-none-match":"W/\"12a5-19d879f1904\"","if-modified-since":"Mon, 13 Apr 2026 16:14:04 GMT"},"method":"GET","httpVersion":"1.1","originalUrl":"/assets/css/style.css","query":{}},"res":{"statusCode":304},"responseTime":2}}
2026-04-14T11:43:49.922Z [info] : GET /pages/connexion-patient.html 304 3ms {"meta":{"req":{"url":"/pages/connexion-patient.html","headers":{"host":"localhost:4000","connection":"keep-alive","sec-ch-ua":"\"Chromium\";v=\"146\", \"Not-A.Brand\";v=\"24\", \"Google Chrome\";v=\"146\"","sec-ch-ua-mobile":"?0","sec-ch-ua-platform":"\"Windows\"","upgrade-insecure-requests":"1","user-agent":"Mozilla/5.0 (Windows NT 10.0; Win64; x64) AppleWebKit/537.36 (KHTML, like Gecko) Chrome/146.0.0.0 Safari/537.36","accept":"text/html,application/xhtml+xml,application/xml;q=0.9,image/avif,image/webp,image/apng,*/*;q=0.8,application/signed-exchange;v=b3;q=0.7","sec-fetch-site":"same-origin","sec-fetch-mode":"navigate","sec-fetch-user":"?1","sec-fetch-dest":"document","accept-encoding":"gzip, deflate, br, zstd","accept-language":"fr,en;q=0.9","cookie":"_ga=GA1.1.2005962765.1751293462; _ga_MBK8XVW5R5=GS2.1.s1752234442$o12$g1$t1752237707$j60$l0$h0; XSRF-TOKEN=6832da41796d6493cea1e228d32d1b76d95388129da07d3586540e27a821c755","if-none-match":"W/\"10ca-19d87a75f34\"","if-modified-since":"Mon, 13 Apr 2026 16:23:06 GMT"},"method":"GET","httpVersion":"1.1","originalUrl":"/pages/connexion-patient.html","query":{}},"res":{"statusCode":304},"responseTime":3}}
2026-04-14T11:43:50.071Z [info] : GET /assets/css/style.css 304 0ms {"meta":{"req":{"url":"/assets/css/style.css","headers":{"host":"localhost:4000","connection":"keep-alive","sec-ch-ua-platform":"\"Windows\"","user-agent":"Mozilla/5.0 (Windows NT 10.0; Win64; x64) AppleWebKit/537.36 (KHTML, like Gecko) Chrome/146.0.0.0 Safari/537.36","sec-ch-ua":"\"Chromium\";v=\"146\", \"Not-A.Brand\";v=\"24\", \"Google Chrome\";v=\"146\"","sec-ch-ua-mobile":"?0","accept":"text/css,*/*;q=0.1","sec-fetch-site":"same-origin","sec-fetch-mode":"no-cors","sec-fetch-dest":"style","accept-encoding":"gzip, deflate, br, zstd","accept-language":"fr,en;q=0.9","cookie":"_ga=GA1.1.2005962765.1751293462; _ga_MBK8XVW5R5=GS2.1.s1752234442$o12$g1$t1752237707$j60$l0$h0; XSRF-TOKEN=6832da41796d6493cea1e228d32d1b76d95388129da07d3586540e27a821c755","if-none-match":"W/\"12a5-19d879f1904\"","if-modified-since":"Mon, 13 Apr 2026 16:14:04 GMT"},"method":"GET","httpVersion":"1.1","originalUrl":"/assets/css/style.css","query":{}},"res":{"statusCode":304},"responseTime":0}}
2026-04-14T11:43:54.113Z [info] : GET /pages/connexion-patient.html? 304 1ms {"meta":{"req":{"url":"/pages/connexion-patient.html?","headers":{"host":"localhost:4000","connection":"keep-alive","sec-ch-ua":"\"Chromium\";v=\"146\", \"Not-A.Brand\";v=\"24\", \"Google Chrome\";v=\"146\"","sec-ch-ua-mobile":"?0","sec-ch-ua-platform":"\"Windows\"","upgrade-insecure-requests":"1","user-agent":"Mozilla/5.0 (Windows NT 10.0; Win64; x64) AppleWebKit/537.36 (KHTML, like Gecko) Chrome/146.0.0.0 Safari/537.36","accept":"text/html,application/xhtml+xml,application/xml;q=0.9,image/avif,image/webp,image/apng,*/*;q=0.8,application/signed-exchange;v=b3;q=0.7","sec-fetch-site":"same-origin","sec-fetch-mode":"navigate","sec-fetch-user":"?1","sec-fetch-dest":"document","accept-encoding":"gzip, deflate, br, zstd","accept-language":"fr,en;q=0.9","cookie":"_ga=GA1.1.2005962765.1751293462; _ga_MBK8XVW5R5=GS2.1.s1752234442$o12$g1$t1752237707$j60$l0$h0; XSRF-TOKEN=6832da41796d6493cea1e228d32d1b76d95388129da07d3586540e27a821c755","if-none-match":"W/\"10ca-19d87a75f34\"","if-modified-since":"Mon, 13 Apr 2026 16:23:06 GMT"},"method":"GET","httpVersion":"1.1","originalUrl":"/pages/connexion-patient.html?","query":{}},"res":{"statusCode":304},"responseTime":1}}
2026-04-14T11:43:54.306Z [info] : GET /assets/css/style.css 304 0ms {"meta":{"req":{"url":"/assets/css/style.css","headers":{"host":"localhost:4000","connection":"keep-alive","sec-ch-ua-platform":"\"Windows\"","user-agent":"Mozilla/5.0 (Windows NT 10.0; Win64; x64) AppleWebKit/537.36 (KHTML, like Gecko) Chrome/146.0.0.0 Safari/537.36","sec-ch-ua":"\"Chromium\";v=\"146\", \"Not-A.Brand\";v=\"24\", \"Google Chrome\";v=\"146\"","sec-ch-ua-mobile":"?0","accept":"text/css,*/*;q=0.1","sec-fetch-site":"same-origin","sec-fetch-mode":"no-cors","sec-fetch-dest":"style","accept-encoding":"gzip, deflate, br, zstd","accept-language":"fr,en;q=0.9","cookie":"_ga=GA1.1.2005962765.1751293462; _ga_MBK8XVW5R5=GS2.1.s1752234442$o12$g1$t1752237707$j60$l0$h0; XSRF-TOKEN=6832da41796d6493cea1e228d32d1b76d95388129da07d3586540e27a821c755","if-none-match":"W/\"12a5-19d879f1904\"","if-modified-since":"Mon, 13 Apr 2026 16:14:04 GMT"},"method":"GET","httpVersion":"1.1","originalUrl":"/assets/css/style.css","query":{}},"res":{"statusCode":304},"responseTime":0}}
2026-04-14T11:44:06.826Z [info] : GET /assets/css/style.css 304 2ms {"meta":{"req":{"url":"/assets/css/style.css","headers":{"host":"localhost:4000","connection":"keep-alive","sec-ch-ua-platform":"\"Windows\"","if-none-match":"W/\"12a5-19d879f1904\"","user-agent":"Mozilla/5.0 (Windows NT 10.0; Win64; x64) AppleWebKit/537.36 (KHTML, like Gecko) Chrome/146.0.0.0 Safari/537.36","sec-ch-ua":"\"Chromium\";v=\"146\", \"Not-A.Brand\";v=\"24\", \"Google Chrome\";v=\"146\"","if-modified-since":"Mon, 13 Apr 2026 16:14:04 GMT","sec-ch-ua-mobile":"?0","accept":"text/css,*/*;q=0.1","sec-fetch-site":"same-origin","sec-fetch-mode":"no-cors","sec-fetch-dest":"style","accept-encoding":"gzip, deflate, br, zstd","accept-language":"fr,en;q=0.9","cookie":"_ga=GA1.1.2005962765.1751293462; _ga_MBK8XVW5R5=GS2.1.s1752234442$o12$g1$t1752237707$j60$l0$h0; XSRF-TOKEN=6832da41796d6493cea1e228d32d1b76d95388129da07d3586540e27a821c755"},"method":"GET","httpVersion":"1.1","originalUrl":"/assets/css/style.css","query":{}},"res":{"statusCode":304},"responseTime":2}}
2026-04-14T11:44:06.908Z [info] : GET /.well-known/appspecific/com.chrome.devtools.json 404 68ms {"meta":{"req":{"url":"/.well-known/appspecific/com.chrome.devtools.json","headers":{"host":"localhost:4000","connection":"keep-alive","sec-fetch-site":"same-origin","sec-fetch-mode":"no-cors","sec-fetch-dest":"empty","user-agent":"Mozilla/5.0 (Windows NT 10.0; Win64; x64) AppleWebKit/537.36 (KHTML, like Gecko) Chrome/146.0.0.0 Safari/537.36","accept-encoding":"gzip, deflate, br, zstd","accept-language":"fr,en;q=0.9","cookie":"_ga=GA1.1.2005962765.1751293462; _ga_MBK8XVW5R5=GS2.1.s1752234442$o12$g1$t1752237707$j60$l0$h0; XSRF-TOKEN=6832da41796d6493cea1e228d32d1b76d95388129da07d3586540e27a821c755"},"method":"GET","httpVersion":"1.1","originalUrl":"/.well-known/appspecific/com.chrome.devtools.json","query":{}},"res":{"statusCode":404},"responseTime":68}}
2026-04-14T11:45:56.492Z [info] : GET / 304 1ms {"meta":{"req":{"url":"/","headers":{"host":"localhost:4000","connection":"keep-alive","sec-ch-ua":"\"Chromium\";v=\"146\", \"Not-A.Brand\";v=\"24\", \"Google Chrome\";v=\"146\"","sec-ch-ua-mobile":"?0","sec-ch-ua-platform":"\"Windows\"","upgrade-insecure-requests":"1","user-agent":"Mozilla/5.0 (Windows NT 10.0; Win64; x64) AppleWebKit/537.36 (KHTML, like Gecko) Chrome/146.0.0.0 Safari/537.36","accept":"text/html,application/xhtml+xml,application/xml;q=0.9,image/avif,image/webp,image/apng,*/*;q=0.8,application/signed-exchange;v=b3;q=0.7","sec-fetch-site":"none","sec-fetch-mode":"navigate","sec-fetch-user":"?1","sec-fetch-dest":"document","accept-encoding":"gzip, deflate, br, zstd","accept-language":"fr,en;q=0.9","cookie":"_ga=GA1.1.2005962765.1751293462; _ga_MBK8XVW5R5=GS2.1.s1752234442$o12$g1$t1752237707$j60$l0$h0; XSRF-TOKEN=6832da41796d6493cea1e228d32d1b76d95388129da07d3586540e27a821c755","if-none-match":"W/\"294-19d87a65685\"","if-modified-since":"Mon, 13 Apr 2026 16:21:58 GMT"},"method":"GET","httpVersion":"1.1","originalUrl":"/","query":{}},"res":{"statusCode":304},"responseTime":1}}
2026-04-14T11:45:56.607Z [info] : GET /assets/css/style.css 304 1ms {"meta":{"req":{"url":"/assets/css/style.css","headers":{"host":"localhost:4000","connection":"keep-alive","sec-ch-ua-platform":"\"Windows\"","user-agent":"Mozilla/5.0 (Windows NT 10.0; Win64; x64) AppleWebKit/537.36 (KHTML, like Gecko) Chrome/146.0.0.0 Safari/537.36","sec-ch-ua":"\"Chromium\";v=\"146\", \"Not-A.Brand\";v=\"24\", \"Google Chrome\";v=\"146\"","sec-ch-ua-mobile":"?0","accept":"text/css,*/*;q=0.1","sec-fetch-site":"same-origin","sec-fetch-mode":"no-cors","sec-fetch-dest":"style","accept-encoding":"gzip, deflate, br, zstd","accept-language":"fr,en;q=0.9","cookie":"_ga=GA1.1.2005962765.1751293462; _ga_MBK8XVW5R5=GS2.1.s1752234442$o12$g1$t1752237707$j60$l0$h0; XSRF-TOKEN=6832da41796d6493cea1e228d32d1b76d95388129da07d3586540e27a821c755","if-none-match":"W/\"12a5-19d879f1904\"","if-modified-since":"Mon, 13 Apr 2026 16:14:04 GMT"},"method":"GET","httpVersion":"1.1","originalUrl":"/assets/css/style.css","query":{}},"res":{"statusCode":304},"responseTime":1}}
2026-04-14T11:46:00.402Z [info] : GET /pages/connexion.html 304 1ms {"meta":{"req":{"url":"/pages/connexion.html","headers":{"host":"localhost:4000","connection":"keep-alive","sec-ch-ua":"\"Chromium\";v=\"146\", \"Not-A.Brand\";v=\"24\", \"Google Chrome\";v=\"146\"","sec-ch-ua-mobile":"?0","sec-ch-ua-platform":"\"Windows\"","upgrade-insecure-requests":"1","user-agent":"Mozilla/5.0 (Windows NT 10.0; Win64; x64) AppleWebKit/537.36 (KHTML, like Gecko) Chrome/146.0.0.0 Safari/537.36","accept":"text/html,application/xhtml+xml,application/xml;q=0.9,image/avif,image/webp,image/apng,*/*;q=0.8,application/signed-exchange;v=b3;q=0.7","sec-fetch-site":"same-origin","sec-fetch-mode":"navigate","sec-fetch-dest":"document","accept-encoding":"gzip, deflate, br, zstd","accept-language":"fr,en;q=0.9","cookie":"_ga=GA1.1.2005962765.1751293462; _ga_MBK8XVW5R5=GS2.1.s1752234442$o12$g1$t1752237707$j60$l0$h0; XSRF-TOKEN=6832da41796d6493cea1e228d32d1b76d95388129da07d3586540e27a821c755","if-none-match":"W/\"ca5-19d87a6c94b\"","if-modified-since":"Mon, 13 Apr 2026 16:22:27 GMT"},"method":"GET","httpVersion":"1.1","originalUrl":"/pages/connexion.html","query":{}},"res":{"statusCode":304},"responseTime":1}}
2026-04-14T11:46:00.552Z [info] : GET /assets/css/style.css 304 17ms {"meta":{"req":{"url":"/assets/css/style.css","headers":{"host":"localhost:4000","connection":"keep-alive","sec-ch-ua-platform":"\"Windows\"","if-none-match":"W/\"12a5-19d879f1904\"","user-agent":"Mozilla/5.0 (Windows NT 10.0; Win64; x64) AppleWebKit/537.36 (KHTML, like Gecko) Chrome/146.0.0.0 Safari/537.36","sec-ch-ua":"\"Chromium\";v=\"146\", \"Not-A.Brand\";v=\"24\", \"Google Chrome\";v=\"146\"","if-modified-since":"Mon, 13 Apr 2026 16:14:04 GMT","sec-ch-ua-mobile":"?0","accept":"text/css,*/*;q=0.1","sec-fetch-site":"same-origin","sec-fetch-mode":"no-cors","sec-fetch-dest":"style","accept-encoding":"gzip, deflate, br, zstd","accept-language":"fr,en;q=0.9","cookie":"_ga=GA1.1.2005962765.1751293462; _ga_MBK8XVW5R5=GS2.1.s1752234442$o12$g1$t1752237707$j60$l0$h0; XSRF-TOKEN=6832da41796d6493cea1e228d32d1b76d95388129da07d3586540e27a821c755"},"method":"GET","httpVersion":"1.1","originalUrl":"/assets/css/style.css","query":{}},"res":{"statusCode":304},"responseTime":17}}
2026-04-14T11:48:23.875Z [info] : GET /.well-known/appspecific/com.chrome.devtools.json 404 33ms {"meta":{"req":{"url":"/.well-known/appspecific/com.chrome.devtools.json","headers":{"host":"localhost:4000","connection":"keep-alive","sec-fetch-site":"same-origin","sec-fetch-mode":"no-cors","sec-fetch-dest":"empty","user-agent":"Mozilla/5.0 (Windows NT 10.0; Win64; x64) AppleWebKit/537.36 (KHTML, like Gecko) Chrome/146.0.0.0 Safari/537.36","accept-encoding":"gzip, deflate, br, zstd","accept-language":"fr,en;q=0.9","cookie":"_ga=GA1.1.2005962765.1751293462; _ga_MBK8XVW5R5=GS2.1.s1752234442$o12$g1$t1752237707$j60$l0$h0; XSRF-TOKEN=6832da41796d6493cea1e228d32d1b76d95388129da07d3586540e27a821c755"},"method":"GET","httpVersion":"1.1","originalUrl":"/.well-known/appspecific/com.chrome.devtools.json","query":{}},"res":{"statusCode":404},"responseTime":33}}
2026-04-14T11:48:23.884Z [info] : GET /assets/css/style.css 304 41ms {"meta":{"req":{"url":"/assets/css/style.css","headers":{"host":"localhost:4000","connection":"keep-alive","sec-ch-ua-platform":"\"Windows\"","user-agent":"Mozilla/5.0 (Windows NT 10.0; Win64; x64) AppleWebKit/537.36 (KHTML, like Gecko) Chrome/146.0.0.0 Safari/537.36","sec-ch-ua":"\"Chromium\";v=\"146\", \"Not-A.Brand\";v=\"24\", \"Google Chrome\";v=\"146\"","sec-ch-ua-mobile":"?0","accept":"text/css,*/*;q=0.1","sec-fetch-site":"same-origin","sec-fetch-mode":"no-cors","sec-fetch-dest":"style","accept-encoding":"gzip, deflate, br, zstd","accept-language":"fr,en;q=0.9","cookie":"_ga=GA1.1.2005962765.1751293462; _ga_MBK8XVW5R5=GS2.1.s1752234442$o12$g1$t1752237707$j60$l0$h0; XSRF-TOKEN=6832da41796d6493cea1e228d32d1b76d95388129da07d3586540e27a821c755","if-none-match":"W/\"12a5-19d879f1904\"","if-modified-since":"Mon, 13 Apr 2026 16:14:04 GMT"},"method":"GET","httpVersion":"1.1","originalUrl":"/assets/css/style.css","query":{}},"res":{"statusCode":304},"responseTime":41}}
2026-04-14T11:48:33.689Z [info] : GET /pages/connexion-professionnel.html 200 47ms {"meta":{"req":{"url":"/pages/connexion-professionnel.html","headers":{"host":"localhost:4000","connection":"keep-alive","sec-ch-ua":"\"Chromium\";v=\"146\", \"Not-A.Brand\";v=\"24\", \"Google Chrome\";v=\"146\"","sec-ch-ua-mobile":"?0","sec-ch-ua-platform":"\"Windows\"","upgrade-insecure-requests":"1","user-agent":"Mozilla/5.0 (Windows NT 10.0; Win64; x64) AppleWebKit/537.36 (KHTML, like Gecko) Chrome/146.0.0.0 Safari/537.36","accept":"text/html,application/xhtml+xml,application/xml;q=0.9,image/avif,image/webp,image/apng,*/*;q=0.8,application/signed-exchange;v=b3;q=0.7","sec-fetch-site":"same-origin","sec-fetch-mode":"navigate","sec-fetch-user":"?1","sec-fetch-dest":"document","accept-encoding":"gzip, deflate, br, zstd","accept-language":"fr,en;q=0.9","cookie":"_ga=GA1.1.2005962765.1751293462; _ga_MBK8XVW5R5=GS2.1.s1752234442$o12$g1$t1752237707$j60$l0$h0; XSRF-TOKEN=6832da41796d6493cea1e228d32d1b76d95388129da07d3586540e27a821c755"},"method":"GET","httpVersion":"1.1","originalUrl":"/pages/connexion-professionnel.html","query":{}},"res":{"statusCode":200},"responseTime":47}}
2026-04-14T11:48:33.976Z [info] : GET /.well-known/appspecific/com.chrome.devtools.json 404 2ms {"meta":{"req":{"url":"/.well-known/appspecific/com.chrome.devtools.json","headers":{"host":"localhost:4000","connection":"keep-alive","sec-fetch-site":"same-origin","sec-fetch-mode":"no-cors","sec-fetch-dest":"empty","user-agent":"Mozilla/5.0 (Windows NT 10.0; Win64; x64) AppleWebKit/537.36 (KHTML, like Gecko) Chrome/146.0.0.0 Safari/537.36","accept-encoding":"gzip, deflate, br, zstd","accept-language":"fr,en;q=0.9","cookie":"_ga=GA1.1.2005962765.1751293462; _ga_MBK8XVW5R5=GS2.1.s1752234442$o12$g1$t1752237707$j60$l0$h0; XSRF-TOKEN=6832da41796d6493cea1e228d32d1b76d95388129da07d3586540e27a821c755"},"method":"GET","httpVersion":"1.1","originalUrl":"/.well-known/appspecific/com.chrome.devtools.json","query":{}},"res":{"statusCode":404},"responseTime":2}}
2026-04-14T11:48:34.038Z [info] : GET /assets/css/style.css 304 1ms {"meta":{"req":{"url":"/assets/css/style.css","headers":{"host":"localhost:4000","connection":"keep-alive","sec-ch-ua-platform":"\"Windows\"","user-agent":"Mozilla/5.0 (Windows NT 10.0; Win64; x64) AppleWebKit/537.36 (KHTML, like Gecko) Chrome/146.0.0.0 Safari/537.36","sec-ch-ua":"\"Chromium\";v=\"146\", \"Not-A.Brand\";v=\"24\", \"Google Chrome\";v=\"146\"","sec-ch-ua-mobile":"?0","accept":"text/css,*/*;q=0.1","sec-fetch-site":"same-origin","sec-fetch-mode":"no-cors","sec-fetch-dest":"style","accept-encoding":"gzip, deflate, br, zstd","accept-language":"fr,en;q=0.9","cookie":"_ga=GA1.1.2005962765.1751293462; _ga_MBK8XVW5R5=GS2.1.s1752234442$o12$g1$t1752237707$j60$l0$h0; XSRF-TOKEN=6832da41796d6493cea1e228d32d1b76d95388129da07d3586540e27a821c755","if-none-match":"W/\"12a5-19d879f1904\"","if-modified-since":"Mon, 13 Apr 2026 16:14:04 GMT"},"method":"GET","httpVersion":"1.1","originalUrl":"/assets/css/style.css","query":{}},"res":{"statusCode":304},"responseTime":1}}
2026-04-14T11:51:12.786Z [info] : GET /pages/connexion-professionnel.html? 200 61ms {"meta":{"req":{"url":"/pages/connexion-professionnel.html?","headers":{"host":"localhost:4000","connection":"keep-alive","sec-ch-ua":"\"Chromium\";v=\"146\", \"Not-A.Brand\";v=\"24\", \"Google Chrome\";v=\"146\"","sec-ch-ua-mobile":"?0","sec-ch-ua-platform":"\"Windows\"","upgrade-insecure-requests":"1","user-agent":"Mozilla/5.0 (Windows NT 10.0; Win64; x64) AppleWebKit/537.36 (KHTML, like Gecko) Chrome/146.0.0.0 Safari/537.36","accept":"text/html,application/xhtml+xml,application/xml;q=0.9,image/avif,image/webp,image/apng,*/*;q=0.8,application/signed-exchange;v=b3;q=0.7","sec-fetch-site":"same-origin","sec-fetch-mode":"navigate","sec-fetch-user":"?1","sec-fetch-dest":"document","accept-encoding":"gzip, deflate, br, zstd","accept-language":"fr,en;q=0.9","cookie":"_ga=GA1.1.2005962765.1751293462; _ga_MBK8XVW5R5=GS2.1.s1752234442$o12$g1$t1752237707$j60$l0$h0; XSRF-TOKEN=6832da41796d6493cea1e228d32d1b76d95388129da07d3586540e27a821c755"},"method":"GET","httpVersion":"1.1","originalUrl":"/pages/connexion-professionnel.html?","query":{}},"res":{"statusCode":200},"responseTime":61}}
2026-04-14T11:51:13.343Z [info] : GET /.well-known/appspecific/com.chrome.devtools.json 404 25ms {"meta":{"req":{"url":"/.well-known/appspecific/com.chrome.devtools.json","headers":{"host":"localhost:4000","connection":"keep-alive","sec-fetch-site":"same-origin","sec-fetch-mode":"no-cors","sec-fetch-dest":"empty","user-agent":"Mozilla/5.0 (Windows NT 10.0; Win64; x64) AppleWebKit/537.36 (KHTML, like Gecko) Chrome/146.0.0.0 Safari/537.36","accept-encoding":"gzip, deflate, br, zstd","accept-language":"fr,en;q=0.9","cookie":"_ga=GA1.1.2005962765.1751293462; _ga_MBK8XVW5R5=GS2.1.s1752234442$o12$g1$t1752237707$j60$l0$h0; XSRF-TOKEN=6832da41796d6493cea1e228d32d1b76d95388129da07d3586540e27a821c755"},"method":"GET","httpVersion":"1.1","originalUrl":"/.well-known/appspecific/com.chrome.devtools.json","query":{}},"res":{"statusCode":404},"responseTime":25}}
2026-04-14T11:51:13.440Z [info] : GET /assets/css/style.css 304 24ms {"meta":{"req":{"url":"/assets/css/style.css","headers":{"host":"localhost:4000","connection":"keep-alive","sec-ch-ua-platform":"\"Windows\"","user-agent":"Mozilla/5.0 (Windows NT 10.0; Win64; x64) AppleWebKit/537.36 (KHTML, like Gecko) Chrome/146.0.0.0 Safari/537.36","sec-ch-ua":"\"Chromium\";v=\"146\", \"Not-A.Brand\";v=\"24\", \"Google Chrome\";v=\"146\"","sec-ch-ua-mobile":"?0","accept":"text/css,*/*;q=0.1","sec-fetch-site":"same-origin","sec-fetch-mode":"no-cors","sec-fetch-dest":"style","accept-encoding":"gzip, deflate, br, zstd","accept-language":"fr,en;q=0.9","cookie":"_ga=GA1.1.2005962765.1751293462; _ga_MBK8XVW5R5=GS2.1.s1752234442$o12$g1$t1752237707$j60$l0$h0; XSRF-TOKEN=6832da41796d6493cea1e228d32d1b76d95388129da07d3586540e27a821c755","if-none-match":"W/\"12a5-19d879f1904\"","if-modified-since":"Mon, 13 Apr 2026 16:14:04 GMT"},"method":"GET","httpVersion":"1.1","originalUrl":"/assets/css/style.css","query":{}},"res":{"statusCode":304},"responseTime":24}}
2026-04-14T11:52:36.355Z [info] : GET /api/v1/health 200 75ms {"meta":{"req":{"url":"/api/v1/health","headers":{"user-agent":"Mozilla/5.0 (Windows NT; Windows NT 10.0; fr-FR) WindowsPowerShell/5.1.26100.8115","host":"localhost:4000","connection":"Keep-Alive"},"method":"GET","httpVersion":"1.1","originalUrl":"/api/v1/health","query":{}},"res":{"statusCode":200},"responseTime":75}}
2026-04-14T11:53:05.065Z [info] : GET /api/v1/csrf-token 200 4ms {"meta":{"req":{"url":"/api/v1/csrf-token","headers":{"user-agent":"Mozilla/5.0 (Windows NT; Windows NT 10.0; fr-FR) WindowsPowerShell/5.1.26100.8115","host":"localhost:4000","connection":"Keep-Alive"},"method":"GET","httpVersion":"1.1","originalUrl":"/api/v1/csrf-token","query":{}},"res":{"statusCode":200},"responseTime":4}}
2026-04-14T11:53:05.082Z [info] : GET /api/v1/csrf-token 200 2ms {"meta":{"req":{"url":"/api/v1/csrf-token","headers":{"user-agent":"Mozilla/5.0 (Windows NT; Windows NT 10.0; fr-FR) WindowsPowerShell/5.1.26100.8115","host":"localhost:4000","connection":"Keep-Alive"},"method":"GET","httpVersion":"1.1","originalUrl":"/api/v1/csrf-token","query":{}},"res":{"statusCode":200},"responseTime":2}}
2026-04-14T11:53:05.095Z [info] : GET /api/v1/csrf-token 200 3ms {"meta":{"req":{"url":"/api/v1/csrf-token","headers":{"user-agent":"Mozilla/5.0 (Windows NT; Windows NT 10.0; fr-FR) WindowsPowerShell/5.1.26100.8115","host":"localhost:4000","connection":"Keep-Alive"},"method":"GET","httpVersion":"1.1","originalUrl":"/api/v1/csrf-token","query":{}},"res":{"statusCode":200},"responseTime":3}}
2026-04-14T11:53:06.062Z [info] : GET /api/v1/csrf-token 200 16ms {"meta":{"req":{"url":"/api/v1/csrf-token","headers":{"user-agent":"Mozilla/5.0 (Windows NT; Windows NT 10.0; fr-FR) WindowsPowerShell/5.1.26100.8115","host":"localhost:4000","connection":"Keep-Alive"},"method":"GET","httpVersion":"1.1","originalUrl":"/api/v1/csrf-token","query":{}},"res":{"statusCode":200},"responseTime":16}}
2026-04-14T11:53:06.164Z [info] : DEV OTP generated for request 1: 523906 
2026-04-14T11:53:06.168Z [info] : DEV OTP generated for request 2: 821654 
2026-04-14T11:53:06.172Z [info] : DEV OTP generated for request 3: 438340 
2026-04-14T11:53:06.178Z [info] : POST /api/v1/auth/request-otp 200 614ms {"meta":{"req":{"url":"/api/v1/auth/request-otp","headers":{"x-xsrf-token":"c2554bf69e53ddcb725a877c5dcdaa700c25b6e9887d0166e72c4f52f1271e41","content-type":"application/json","user-agent":"Mozilla/5.0 (Windows NT; Windows NT 10.0; fr-FR) WindowsPowerShell/5.1.26100.8115","host":"localhost:4000","cookie":"XSRF-TOKEN=c2554bf69e53ddcb725a877c5dcdaa700c25b6e9887d0166e72c4f52f1271e41","content-length":"36"},"method":"POST","httpVersion":"1.1","originalUrl":"/api/v1/auth/request-otp","query":{}},"res":{"statusCode":200},"responseTime":614}}
2026-04-14T11:53:06.180Z [info] : POST /api/v1/auth/login 200 639ms {"meta":{"req":{"url":"/api/v1/auth/login","headers":{"x-xsrf-token":"7f1ea6aae373c320335179c4354c427abce33bb74bc29dcdb94d33ed80da3974","content-type":"application/json","user-agent":"Mozilla/5.0 (Windows NT; Windows NT 10.0; fr-FR) WindowsPowerShell/5.1.26100.8115","host":"localhost:4000","cookie":"XSRF-TOKEN=7f1ea6aae373c320335179c4354c427abce33bb74bc29dcdb94d33ed80da3974","content-length":"106"},"method":"POST","httpVersion":"1.1","originalUrl":"/api/v1/auth/login","query":{}},"res":{"statusCode":200},"responseTime":639}}
2026-04-14T11:53:06.183Z [info] : POST /api/v1/auth/login 200 740ms {"meta":{"req":{"url":"/api/v1/auth/login","headers":{"x-xsrf-token":"5ad16175bd53b8f85bed460ce4b6d782db85bd54aa9d7683d2de7aab0398fa7e","content-type":"application/json","user-agent":"Mozilla/5.0 (Windows NT; Windows NT 10.0; fr-FR) WindowsPowerShell/5.1.26100.8115","host":"localhost:4000","cookie":"XSRF-TOKEN=5ad16175bd53b8f85bed460ce4b6d782db85bd54aa9d7683d2de7aab0398fa7e","content-length":"113"},"method":"POST","httpVersion":"1.1","originalUrl":"/api/v1/auth/login","query":{}},"res":{"statusCode":200},"responseTime":740}}
2026-04-14T11:53:06.349Z [info] : DEV OTP generated for request 4: 146647 
2026-04-14T11:53:06.351Z [info] : POST /api/v1/auth/login 200 151ms {"meta":{"req":{"url":"/api/v1/auth/login","headers":{"x-xsrf-token":"e71bca10ec54a4f08fe1e910733b8b2ba696f514064d11c705f03615d39f0e97","content-type":"application/json","user-agent":"Mozilla/5.0 (Windows NT; Windows NT 10.0; fr-FR) WindowsPowerShell/5.1.26100.8115","host":"localhost:4000","cookie":"XSRF-TOKEN=e71bca10ec54a4f08fe1e910733b8b2ba696f514064d11c705f03615d39f0e97","content-length":"117"},"method":"POST","httpVersion":"1.1","originalUrl":"/api/v1/auth/login","query":{}},"res":{"statusCode":200},"responseTime":151}}
2026-04-14T12:08:21.122Z [info] : GET /pages/connexion.html 304 29ms {"meta":{"req":{"url":"/pages/connexion.html","headers":{"host":"localhost:4000","connection":"keep-alive","sec-ch-ua":"\"Chromium\";v=\"146\", \"Not-A.Brand\";v=\"24\", \"Google Chrome\";v=\"146\"","sec-ch-ua-mobile":"?0","sec-ch-ua-platform":"\"Windows\"","upgrade-insecure-requests":"1","user-agent":"Mozilla/5.0 (Windows NT 10.0; Win64; x64) AppleWebKit/537.36 (KHTML, like Gecko) Chrome/146.0.0.0 Safari/537.36","accept":"text/html,application/xhtml+xml,application/xml;q=0.9,image/avif,image/webp,image/apng,*/*;q=0.8,application/signed-exchange;v=b3;q=0.7","sec-fetch-site":"same-origin","sec-fetch-mode":"navigate","sec-fetch-user":"?1","sec-fetch-dest":"document","accept-encoding":"gzip, deflate, br, zstd","accept-language":"fr,en;q=0.9","cookie":"_ga=GA1.1.2005962765.1751293462; _ga_MBK8XVW5R5=GS2.1.s1752234442$o12$g1$t1752237707$j60$l0$h0; XSRF-TOKEN=6832da41796d6493cea1e228d32d1b76d95388129da07d3586540e27a821c755","if-none-match":"W/\"ca5-19d87a6c94b\"","if-modified-since":"Mon, 13 Apr 2026 16:22:27 GMT"},"method":"GET","httpVersion":"1.1","originalUrl":"/pages/connexion.html","query":{}},"res":{"statusCode":304},"responseTime":29}}
2026-04-14T12:08:21.646Z [info] : GET /.well-known/appspecific/com.chrome.devtools.json 404 27ms {"meta":{"req":{"url":"/.well-known/appspecific/com.chrome.devtools.json","headers":{"host":"localhost:4000","connection":"keep-alive","sec-fetch-site":"same-origin","sec-fetch-mode":"no-cors","sec-fetch-dest":"empty","user-agent":"Mozilla/5.0 (Windows NT 10.0; Win64; x64) AppleWebKit/537.36 (KHTML, like Gecko) Chrome/146.0.0.0 Safari/537.36","accept-encoding":"gzip, deflate, br, zstd","accept-language":"fr,en;q=0.9","cookie":"_ga=GA1.1.2005962765.1751293462; _ga_MBK8XVW5R5=GS2.1.s1752234442$o12$g1$t1752237707$j60$l0$h0; XSRF-TOKEN=6832da41796d6493cea1e228d32d1b76d95388129da07d3586540e27a821c755"},"method":"GET","httpVersion":"1.1","originalUrl":"/.well-known/appspecific/com.chrome.devtools.json","query":{}},"res":{"statusCode":404},"responseTime":27}}
2026-04-14T12:08:21.668Z [info] : GET /assets/css/style.css 304 2ms {"meta":{"req":{"url":"/assets/css/style.css","headers":{"host":"localhost:4000","connection":"keep-alive","sec-ch-ua-platform":"\"Windows\"","user-agent":"Mozilla/5.0 (Windows NT 10.0; Win64; x64) AppleWebKit/537.36 (KHTML, like Gecko) Chrome/146.0.0.0 Safari/537.36","sec-ch-ua":"\"Chromium\";v=\"146\", \"Not-A.Brand\";v=\"24\", \"Google Chrome\";v=\"146\"","sec-ch-ua-mobile":"?0","accept":"text/css,*/*;q=0.1","sec-fetch-site":"same-origin","sec-fetch-mode":"no-cors","sec-fetch-dest":"style","accept-encoding":"gzip, deflate, br, zstd","accept-language":"fr,en;q=0.9","cookie":"_ga=GA1.1.2005962765.1751293462; _ga_MBK8XVW5R5=GS2.1.s1752234442$o12$g1$t1752237707$j60$l0$h0; XSRF-TOKEN=6832da41796d6493cea1e228d32d1b76d95388129da07d3586540e27a821c755","if-none-match":"W/\"12a5-19d879f1904\"","if-modified-since":"Mon, 13 Apr 2026 16:14:04 GMT"},"method":"GET","httpVersion":"1.1","originalUrl":"/assets/css/style.css","query":{}},"res":{"statusCode":304},"responseTime":2}}
2026-04-14T12:08:33.421Z [info] : GET /pages/connexion-patient.html 304 2ms {"meta":{"req":{"url":"/pages/connexion-patient.html","headers":{"host":"localhost:4000","connection":"keep-alive","sec-ch-ua":"\"Chromium\";v=\"146\", \"Not-A.Brand\";v=\"24\", \"Google Chrome\";v=\"146\"","sec-ch-ua-mobile":"?0","sec-ch-ua-platform":"\"Windows\"","upgrade-insecure-requests":"1","user-agent":"Mozilla/5.0 (Windows NT 10.0; Win64; x64) AppleWebKit/537.36 (KHTML, like Gecko) Chrome/146.0.0.0 Safari/537.36","accept":"text/html,application/xhtml+xml,application/xml;q=0.9,image/avif,image/webp,image/apng,*/*;q=0.8,application/signed-exchange;v=b3;q=0.7","sec-fetch-site":"same-origin","sec-fetch-mode":"navigate","sec-fetch-user":"?1","sec-fetch-dest":"document","accept-encoding":"gzip, deflate, br, zstd","accept-language":"fr,en;q=0.9","cookie":"_ga=GA1.1.2005962765.1751293462; _ga_MBK8XVW5R5=GS2.1.s1752234442$o12$g1$t1752237707$j60$l0$h0; XSRF-TOKEN=6832da41796d6493cea1e228d32d1b76d95388129da07d3586540e27a821c755","if-none-match":"W/\"10ca-19d87a75f34\"","if-modified-since":"Mon, 13 Apr 2026 16:23:06 GMT"},"method":"GET","httpVersion":"1.1","originalUrl":"/pages/connexion-patient.html","query":{}},"res":{"statusCode":304},"responseTime":2}}
2026-04-14T12:08:33.895Z [info] : GET /.well-known/appspecific/com.chrome.devtools.json 404 1ms {"meta":{"req":{"url":"/.well-known/appspecific/com.chrome.devtools.json","headers":{"host":"localhost:4000","connection":"keep-alive","sec-fetch-site":"same-origin","sec-fetch-mode":"no-cors","sec-fetch-dest":"empty","user-agent":"Mozilla/5.0 (Windows NT 10.0; Win64; x64) AppleWebKit/537.36 (KHTML, like Gecko) Chrome/146.0.0.0 Safari/537.36","accept-encoding":"gzip, deflate, br, zstd","accept-language":"fr,en;q=0.9","cookie":"_ga=GA1.1.2005962765.1751293462; _ga_MBK8XVW5R5=GS2.1.s1752234442$o12$g1$t1752237707$j60$l0$h0; XSRF-TOKEN=6832da41796d6493cea1e228d32d1b76d95388129da07d3586540e27a821c755"},"method":"GET","httpVersion":"1.1","originalUrl":"/.well-known/appspecific/com.chrome.devtools.json","query":{}},"res":{"statusCode":404},"responseTime":1}}
2026-04-14T12:08:33.939Z [info] : GET /assets/css/style.css 304 2ms {"meta":{"req":{"url":"/assets/css/style.css","headers":{"host":"localhost:4000","connection":"keep-alive","sec-ch-ua-platform":"\"Windows\"","user-agent":"Mozilla/5.0 (Windows NT 10.0; Win64; x64) AppleWebKit/537.36 (KHTML, like Gecko) Chrome/146.0.0.0 Safari/537.36","sec-ch-ua":"\"Chromium\";v=\"146\", \"Not-A.Brand\";v=\"24\", \"Google Chrome\";v=\"146\"","sec-ch-ua-mobile":"?0","accept":"text/css,*/*;q=0.1","sec-fetch-site":"same-origin","sec-fetch-mode":"no-cors","sec-fetch-dest":"style","accept-encoding":"gzip, deflate, br, zstd","accept-language":"fr,en;q=0.9","cookie":"_ga=GA1.1.2005962765.1751293462; _ga_MBK8XVW5R5=GS2.1.s1752234442$o12$g1$t1752237707$j60$l0$h0; XSRF-TOKEN=6832da41796d6493cea1e228d32d1b76d95388129da07d3586540e27a821c755","if-none-match":"W/\"12a5-19d879f1904\"","if-modified-since":"Mon, 13 Apr 2026 16:14:04 GMT"},"method":"GET","httpVersion":"1.1","originalUrl":"/assets/css/style.css","query":{}},"res":{"statusCode":304},"responseTime":2}}
2026-04-14T12:09:00.438Z [info] : GET /pages/connexion-patient.html? 304 1ms {"meta":{"req":{"url":"/pages/connexion-patient.html?","headers":{"host":"localhost:4000","connection":"keep-alive","sec-ch-ua":"\"Chromium\";v=\"146\", \"Not-A.Brand\";v=\"24\", \"Google Chrome\";v=\"146\"","sec-ch-ua-mobile":"?0","sec-ch-ua-platform":"\"Windows\"","upgrade-insecure-requests":"1","user-agent":"Mozilla/5.0 (Windows NT 10.0; Win64; x64) AppleWebKit/537.36 (KHTML, like Gecko) Chrome/146.0.0.0 Safari/537.36","accept":"text/html,application/xhtml+xml,application/xml;q=0.9,image/avif,image/webp,image/apng,*/*;q=0.8,application/signed-exchange;v=b3;q=0.7","sec-fetch-site":"same-origin","sec-fetch-mode":"navigate","sec-fetch-user":"?1","sec-fetch-dest":"document","accept-encoding":"gzip, deflate, br, zstd","accept-language":"fr,en;q=0.9","cookie":"_ga=GA1.1.2005962765.1751293462; _ga_MBK8XVW5R5=GS2.1.s1752234442$o12$g1$t1752237707$j60$l0$h0; XSRF-TOKEN=6832da41796d6493cea1e228d32d1b76d95388129da07d3586540e27a821c755","if-none-match":"W/\"10ca-19d87a75f34\"","if-modified-since":"Mon, 13 Apr 2026 16:23:06 GMT"},"method":"GET","httpVersion":"1.1","originalUrl":"/pages/connexion-patient.html?","query":{}},"res":{"statusCode":304},"responseTime":1}}
2026-04-14T12:09:00.655Z [info] : GET /.well-known/appspecific/com.chrome.devtools.json 404 1ms {"meta":{"req":{"url":"/.well-known/appspecific/com.chrome.devtools.json","headers":{"host":"localhost:4000","connection":"keep-alive","sec-fetch-site":"same-origin","sec-fetch-mode":"no-cors","sec-fetch-dest":"empty","user-agent":"Mozilla/5.0 (Windows NT 10.0; Win64; x64) AppleWebKit/537.36 (KHTML, like Gecko) Chrome/146.0.0.0 Safari/537.36","accept-encoding":"gzip, deflate, br, zstd","accept-language":"fr,en;q=0.9","cookie":"_ga=GA1.1.2005962765.1751293462; _ga_MBK8XVW5R5=GS2.1.s1752234442$o12$g1$t1752237707$j60$l0$h0; XSRF-TOKEN=6832da41796d6493cea1e228d32d1b76d95388129da07d3586540e27a821c755"},"method":"GET","httpVersion":"1.1","originalUrl":"/.well-known/appspecific/com.chrome.devtools.json","query":{}},"res":{"statusCode":404},"responseTime":1}}
2026-04-14T12:09:00.701Z [info] : GET /assets/css/style.css 304 1ms {"meta":{"req":{"url":"/assets/css/style.css","headers":{"host":"localhost:4000","connection":"keep-alive","sec-ch-ua-platform":"\"Windows\"","if-none-match":"W/\"12a5-19d879f1904\"","user-agent":"Mozilla/5.0 (Windows NT 10.0; Win64; x64) AppleWebKit/537.36 (KHTML, like Gecko) Chrome/146.0.0.0 Safari/537.36","sec-ch-ua":"\"Chromium\";v=\"146\", \"Not-A.Brand\";v=\"24\", \"Google Chrome\";v=\"146\"","if-modified-since":"Mon, 13 Apr 2026 16:14:04 GMT","sec-ch-ua-mobile":"?0","accept":"text/css,*/*;q=0.1","sec-fetch-site":"same-origin","sec-fetch-mode":"no-cors","sec-fetch-dest":"style","accept-encoding":"gzip, deflate, br, zstd","accept-language":"fr,en;q=0.9","cookie":"_ga=GA1.1.2005962765.1751293462; _ga_MBK8XVW5R5=GS2.1.s1752234442$o12$g1$t1752237707$j60$l0$h0; XSRF-TOKEN=6832da41796d6493cea1e228d32d1b76d95388129da07d3586540e27a821c755"},"method":"GET","httpVersion":"1.1","originalUrl":"/assets/css/style.css","query":{}},"res":{"statusCode":304},"responseTime":1}}
2026-04-14T12:13:20.977Z [info] : GET /pages/connexion-patient.html? 304 38ms {"meta":{"req":{"url":"/pages/connexion-patient.html?","headers":{"host":"localhost:4000","connection":"keep-alive","sec-ch-ua":"\"Chromium\";v=\"146\", \"Not-A.Brand\";v=\"24\", \"Google Chrome\";v=\"146\"","sec-ch-ua-mobile":"?0","sec-ch-ua-platform":"\"Windows\"","upgrade-insecure-requests":"1","user-agent":"Mozilla/5.0 (Windows NT 10.0; Win64; x64) AppleWebKit/537.36 (KHTML, like Gecko) Chrome/146.0.0.0 Safari/537.36","accept":"text/html,application/xhtml+xml,application/xml;q=0.9,image/avif,image/webp,image/apng,*/*;q=0.8,application/signed-exchange;v=b3;q=0.7","sec-fetch-site":"same-origin","sec-fetch-mode":"navigate","sec-fetch-user":"?1","sec-fetch-dest":"document","accept-encoding":"gzip, deflate, br, zstd","accept-language":"fr,en;q=0.9","cookie":"_ga=GA1.1.2005962765.1751293462; _ga_MBK8XVW5R5=GS2.1.s1752234442$o12$g1$t1752237707$j60$l0$h0; XSRF-TOKEN=6832da41796d6493cea1e228d32d1b76d95388129da07d3586540e27a821c755","if-none-match":"W/\"10ca-19d87a75f34\"","if-modified-since":"Mon, 13 Apr 2026 16:23:06 GMT"},"method":"GET","httpVersion":"1.1","originalUrl":"/pages/connexion-patient.html?","query":{}},"res":{"statusCode":304},"responseTime":38}}
2026-04-14T12:13:21.505Z [info] : GET /.well-known/appspecific/com.chrome.devtools.json 404 27ms {"meta":{"req":{"url":"/.well-known/appspecific/com.chrome.devtools.json","headers":{"host":"localhost:4000","connection":"keep-alive","sec-fetch-site":"same-origin","sec-fetch-mode":"no-cors","sec-fetch-dest":"empty","user-agent":"Mozilla/5.0 (Windows NT 10.0; Win64; x64) AppleWebKit/537.36 (KHTML, like Gecko) Chrome/146.0.0.0 Safari/537.36","accept-encoding":"gzip, deflate, br, zstd","accept-language":"fr,en;q=0.9","cookie":"_ga=GA1.1.2005962765.1751293462; _ga_MBK8XVW5R5=GS2.1.s1752234442$o12$g1$t1752237707$j60$l0$h0; XSRF-TOKEN=6832da41796d6493cea1e228d32d1b76d95388129da07d3586540e27a821c755"},"method":"GET","httpVersion":"1.1","originalUrl":"/.well-known/appspecific/com.chrome.devtools.json","query":{}},"res":{"statusCode":404},"responseTime":27}}
2026-04-14T12:13:21.642Z [info] : GET /assets/css/style.css 304 6ms {"meta":{"req":{"url":"/assets/css/style.css","headers":{"host":"localhost:4000","connection":"keep-alive","sec-ch-ua-platform":"\"Windows\"","user-agent":"Mozilla/5.0 (Windows NT 10.0; Win64; x64) AppleWebKit/537.36 (KHTML, like Gecko) Chrome/146.0.0.0 Safari/537.36","sec-ch-ua":"\"Chromium\";v=\"146\", \"Not-A.Brand\";v=\"24\", \"Google Chrome\";v=\"146\"","sec-ch-ua-mobile":"?0","accept":"text/css,*/*;q=0.1","sec-fetch-site":"same-origin","sec-fetch-mode":"no-cors","sec-fetch-dest":"style","accept-encoding":"gzip, deflate, br, zstd","accept-language":"fr,en;q=0.9","cookie":"_ga=GA1.1.2005962765.1751293462; _ga_MBK8XVW5R5=GS2.1.s1752234442$o12$g1$t1752237707$j60$l0$h0; XSRF-TOKEN=6832da41796d6493cea1e228d32d1b76d95388129da07d3586540e27a821c755","if-none-match":"W/\"12a5-19d879f1904\"","if-modified-since":"Mon, 13 Apr 2026 16:14:04 GMT"},"method":"GET","httpVersion":"1.1","originalUrl":"/assets/css/style.css","query":{}},"res":{"statusCode":304},"responseTime":6}}
2026-04-14T12:14:49.493Z [info] : GET /pages/connexion-patient.html? 304 43ms {"meta":{"req":{"url":"/pages/connexion-patient.html?","headers":{"host":"localhost:4000","connection":"keep-alive","sec-ch-ua":"\"Chromium\";v=\"146\", \"Not-A.Brand\";v=\"24\", \"Google Chrome\";v=\"146\"","sec-ch-ua-mobile":"?0","sec-ch-ua-platform":"\"Windows\"","upgrade-insecure-requests":"1","user-agent":"Mozilla/5.0 (Windows NT 10.0; Win64; x64) AppleWebKit/537.36 (KHTML, like Gecko) Chrome/146.0.0.0 Safari/537.36","accept":"text/html,application/xhtml+xml,application/xml;q=0.9,image/avif,image/webp,image/apng,*/*;q=0.8,application/signed-exchange;v=b3;q=0.7","sec-fetch-site":"same-origin","sec-fetch-mode":"navigate","sec-fetch-user":"?1","sec-fetch-dest":"document","accept-encoding":"gzip, deflate, br, zstd","accept-language":"fr,en;q=0.9","cookie":"_ga=GA1.1.2005962765.1751293462; _ga_MBK8XVW5R5=GS2.1.s1752234442$o12$g1$t1752237707$j60$l0$h0; XSRF-TOKEN=6832da41796d6493cea1e228d32d1b76d95388129da07d3586540e27a821c755","if-none-match":"W/\"10ca-19d87a75f34\"","if-modified-since":"Mon, 13 Apr 2026 16:23:06 GMT"},"method":"GET","httpVersion":"1.1","originalUrl":"/pages/connexion-patient.html?","query":{}},"res":{"statusCode":304},"responseTime":43}}
2026-04-14T12:14:50.033Z [info] : GET /.well-known/appspecific/com.chrome.devtools.json 404 33ms {"meta":{"req":{"url":"/.well-known/appspecific/com.chrome.devtools.json","headers":{"host":"localhost:4000","connection":"keep-alive","sec-fetch-site":"same-origin","sec-fetch-mode":"no-cors","sec-fetch-dest":"empty","user-agent":"Mozilla/5.0 (Windows NT 10.0; Win64; x64) AppleWebKit/537.36 (KHTML, like Gecko) Chrome/146.0.0.0 Safari/537.36","accept-encoding":"gzip, deflate, br, zstd","accept-language":"fr,en;q=0.9","cookie":"_ga=GA1.1.2005962765.1751293462; _ga_MBK8XVW5R5=GS2.1.s1752234442$o12$g1$t1752237707$j60$l0$h0; XSRF-TOKEN=6832da41796d6493cea1e228d32d1b76d95388129da07d3586540e27a821c755"},"method":"GET","httpVersion":"1.1","originalUrl":"/.well-known/appspecific/com.chrome.devtools.json","query":{}},"res":{"statusCode":404},"responseTime":33}}
2026-04-14T12:14:50.118Z [info] : GET /assets/css/style.css 304 1ms {"meta":{"req":{"url":"/assets/css/style.css","headers":{"host":"localhost:4000","connection":"keep-alive","sec-ch-ua-platform":"\"Windows\"","user-agent":"Mozilla/5.0 (Windows NT 10.0; Win64; x64) AppleWebKit/537.36 (KHTML, like Gecko) Chrome/146.0.0.0 Safari/537.36","sec-ch-ua":"\"Chromium\";v=\"146\", \"Not-A.Brand\";v=\"24\", \"Google Chrome\";v=\"146\"","sec-ch-ua-mobile":"?0","accept":"text/css,*/*;q=0.1","sec-fetch-site":"same-origin","sec-fetch-mode":"no-cors","sec-fetch-dest":"style","accept-encoding":"gzip, deflate, br, zstd","accept-language":"fr,en;q=0.9","cookie":"_ga=GA1.1.2005962765.1751293462; _ga_MBK8XVW5R5=GS2.1.s1752234442$o12$g1$t1752237707$j60$l0$h0; XSRF-TOKEN=6832da41796d6493cea1e228d32d1b76d95388129da07d3586540e27a821c755","if-none-match":"W/\"12a5-19d879f1904\"","if-modified-since":"Mon, 13 Apr 2026 16:14:04 GMT"},"method":"GET","httpVersion":"1.1","originalUrl":"/assets/css/style.css","query":{}},"res":{"statusCode":304},"responseTime":1}}
2026-04-14T12:17:14.193Z [info] : Sika-Santé backend listening on http://localhost:4000 
2026-04-14T12:17:37.640Z [info] : GET / 304 14ms {"meta":{"req":{"url":"/","headers":{"host":"localhost:4000","connection":"keep-alive","sec-ch-ua":"\"Chromium\";v=\"146\", \"Not-A.Brand\";v=\"24\", \"Google Chrome\";v=\"146\"","sec-ch-ua-mobile":"?0","sec-ch-ua-platform":"\"Windows\"","upgrade-insecure-requests":"1","user-agent":"Mozilla/5.0 (Windows NT 10.0; Win64; x64) AppleWebKit/537.36 (KHTML, like Gecko) Chrome/146.0.0.0 Safari/537.36","accept":"text/html,application/xhtml+xml,application/xml;q=0.9,image/avif,image/webp,image/apng,*/*;q=0.8,application/signed-exchange;v=b3;q=0.7","sec-fetch-site":"none","sec-fetch-mode":"navigate","sec-fetch-user":"?1","sec-fetch-dest":"document","accept-encoding":"gzip, deflate, br, zstd","accept-language":"fr,en;q=0.9","cookie":"_ga=GA1.1.2005962765.1751293462; _ga_MBK8XVW5R5=GS2.1.s1752234442$o12$g1$t1752237707$j60$l0$h0; XSRF-TOKEN=6832da41796d6493cea1e228d32d1b76d95388129da07d3586540e27a821c755","if-none-match":"W/\"294-19d87a65685\"","if-modified-since":"Mon, 13 Apr 2026 16:21:58 GMT"},"method":"GET","httpVersion":"1.1","originalUrl":"/","query":{}},"res":{"statusCode":304},"responseTime":14}}
2026-04-14T12:17:38.464Z [info] : GET /assets/css/style.css 304 2ms {"meta":{"req":{"url":"/assets/css/style.css","headers":{"host":"localhost:4000","connection":"keep-alive","sec-ch-ua-platform":"\"Windows\"","user-agent":"Mozilla/5.0 (Windows NT 10.0; Win64; x64) AppleWebKit/537.36 (KHTML, like Gecko) Chrome/146.0.0.0 Safari/537.36","sec-ch-ua":"\"Chromium\";v=\"146\", \"Not-A.Brand\";v=\"24\", \"Google Chrome\";v=\"146\"","sec-ch-ua-mobile":"?0","accept":"text/css,*/*;q=0.1","sec-fetch-site":"same-origin","sec-fetch-mode":"no-cors","sec-fetch-dest":"style","accept-encoding":"gzip, deflate, br, zstd","accept-language":"fr,en;q=0.9","cookie":"_ga=GA1.1.2005962765.1751293462; _ga_MBK8XVW5R5=GS2.1.s1752234442$o12$g1$t1752237707$j60$l0$h0; XSRF-TOKEN=6832da41796d6493cea1e228d32d1b76d95388129da07d3586540e27a821c755","if-none-match":"W/\"12a5-19d879f1904\"","if-modified-since":"Mon, 13 Apr 2026 16:14:04 GMT"},"method":"GET","httpVersion":"1.1","originalUrl":"/assets/css/style.css","query":{}},"res":{"statusCode":304},"responseTime":2}}
2026-04-14T12:17:38.703Z [info] : GET /.well-known/appspecific/com.chrome.devtools.json 404 16ms {"meta":{"req":{"url":"/.well-known/appspecific/com.chrome.devtools.json","headers":{"host":"localhost:4000","connection":"keep-alive","sec-fetch-site":"same-origin","sec-fetch-mode":"no-cors","sec-fetch-dest":"empty","user-agent":"Mozilla/5.0 (Windows NT 10.0; Win64; x64) AppleWebKit/537.36 (KHTML, like Gecko) Chrome/146.0.0.0 Safari/537.36","accept-encoding":"gzip, deflate, br, zstd","accept-language":"fr,en;q=0.9","cookie":"_ga=GA1.1.2005962765.1751293462; _ga_MBK8XVW5R5=GS2.1.s1752234442$o12$g1$t1752237707$j60$l0$h0; XSRF-TOKEN=6832da41796d6493cea1e228d32d1b76d95388129da07d3586540e27a821c755"},"method":"GET","httpVersion":"1.1","originalUrl":"/.well-known/appspecific/com.chrome.devtools.json","query":{}},"res":{"statusCode":404},"responseTime":16}}
2026-04-14T12:17:47.081Z [info] : GET /pages/connexion.html 304 1ms {"meta":{"req":{"url":"/pages/connexion.html","headers":{"host":"localhost:4000","connection":"keep-alive","sec-ch-ua":"\"Chromium\";v=\"146\", \"Not-A.Brand\";v=\"24\", \"Google Chrome\";v=\"146\"","sec-ch-ua-mobile":"?0","sec-ch-ua-platform":"\"Windows\"","upgrade-insecure-requests":"1","user-agent":"Mozilla/5.0 (Windows NT 10.0; Win64; x64) AppleWebKit/537.36 (KHTML, like Gecko) Chrome/146.0.0.0 Safari/537.36","accept":"text/html,application/xhtml+xml,application/xml;q=0.9,image/avif,image/webp,image/apng,*/*;q=0.8,application/signed-exchange;v=b3;q=0.7","sec-fetch-site":"same-origin","sec-fetch-mode":"navigate","sec-fetch-dest":"document","accept-encoding":"gzip, deflate, br, zstd","accept-language":"fr,en;q=0.9","cookie":"_ga=GA1.1.2005962765.1751293462; _ga_MBK8XVW5R5=GS2.1.s1752234442$o12$g1$t1752237707$j60$l0$h0; XSRF-TOKEN=6832da41796d6493cea1e228d32d1b76d95388129da07d3586540e27a821c755","if-none-match":"W/\"ca5-19d87a6c94b\"","if-modified-since":"Mon, 13 Apr 2026 16:22:27 GMT"},"method":"GET","httpVersion":"1.1","originalUrl":"/pages/connexion.html","query":{}},"res":{"statusCode":304},"responseTime":1}}
2026-04-14T12:17:47.412Z [info] : GET /.well-known/appspecific/com.chrome.devtools.json 404 1ms {"meta":{"req":{"url":"/.well-known/appspecific/com.chrome.devtools.json","headers":{"host":"localhost:4000","connection":"keep-alive","sec-fetch-site":"same-origin","sec-fetch-mode":"no-cors","sec-fetch-dest":"empty","user-agent":"Mozilla/5.0 (Windows NT 10.0; Win64; x64) AppleWebKit/537.36 (KHTML, like Gecko) Chrome/146.0.0.0 Safari/537.36","accept-encoding":"gzip, deflate, br, zstd","accept-language":"fr,en;q=0.9","cookie":"_ga=GA1.1.2005962765.1751293462; _ga_MBK8XVW5R5=GS2.1.s1752234442$o12$g1$t1752237707$j60$l0$h0; XSRF-TOKEN=6832da41796d6493cea1e228d32d1b76d95388129da07d3586540e27a821c755"},"method":"GET","httpVersion":"1.1","originalUrl":"/.well-known/appspecific/com.chrome.devtools.json","query":{}},"res":{"statusCode":404},"responseTime":1}}
2026-04-14T12:17:47.496Z [info] : GET /assets/css/style.css 304 0ms {"meta":{"req":{"url":"/assets/css/style.css","headers":{"host":"localhost:4000","connection":"keep-alive","sec-ch-ua-platform":"\"Windows\"","user-agent":"Mozilla/5.0 (Windows NT 10.0; Win64; x64) AppleWebKit/537.36 (KHTML, like Gecko) Chrome/146.0.0.0 Safari/537.36","sec-ch-ua":"\"Chromium\";v=\"146\", \"Not-A.Brand\";v=\"24\", \"Google Chrome\";v=\"146\"","sec-ch-ua-mobile":"?0","accept":"text/css,*/*;q=0.1","sec-fetch-site":"same-origin","sec-fetch-mode":"no-cors","sec-fetch-dest":"style","accept-encoding":"gzip, deflate, br, zstd","accept-language":"fr,en;q=0.9","cookie":"_ga=GA1.1.2005962765.1751293462; _ga_MBK8XVW5R5=GS2.1.s1752234442$o12$g1$t1752237707$j60$l0$h0; XSRF-TOKEN=6832da41796d6493cea1e228d32d1b76d95388129da07d3586540e27a821c755","if-none-match":"W/\"12a5-19d879f1904\"","if-modified-since":"Mon, 13 Apr 2026 16:14:04 GMT"},"method":"GET","httpVersion":"1.1","originalUrl":"/assets/css/style.css","query":{}},"res":{"statusCode":304},"responseTime":0}}
2026-04-14T12:18:46.793Z [info] : GET /pages/connexion-patient.html 304 2ms {"meta":{"req":{"url":"/pages/connexion-patient.html","headers":{"host":"localhost:4000","connection":"keep-alive","sec-ch-ua":"\"Chromium\";v=\"146\", \"Not-A.Brand\";v=\"24\", \"Google Chrome\";v=\"146\"","sec-ch-ua-mobile":"?0","sec-ch-ua-platform":"\"Windows\"","upgrade-insecure-requests":"1","user-agent":"Mozilla/5.0 (Windows NT 10.0; Win64; x64) AppleWebKit/537.36 (KHTML, like Gecko) Chrome/146.0.0.0 Safari/537.36","accept":"text/html,application/xhtml+xml,application/xml;q=0.9,image/avif,image/webp,image/apng,*/*;q=0.8,application/signed-exchange;v=b3;q=0.7","sec-fetch-site":"same-origin","sec-fetch-mode":"navigate","sec-fetch-user":"?1","sec-fetch-dest":"document","accept-encoding":"gzip, deflate, br, zstd","accept-language":"fr,en;q=0.9","cookie":"_ga=GA1.1.2005962765.1751293462; _ga_MBK8XVW5R5=GS2.1.s1752234442$o12$g1$t1752237707$j60$l0$h0; XSRF-TOKEN=6832da41796d6493cea1e228d32d1b76d95388129da07d3586540e27a821c755","if-none-match":"W/\"10ca-19d87a75f34\"","if-modified-since":"Mon, 13 Apr 2026 16:23:06 GMT"},"method":"GET","httpVersion":"1.1","originalUrl":"/pages/connexion-patient.html","query":{}},"res":{"statusCode":304},"responseTime":2}}
2026-04-14T12:18:47.433Z [info] : GET /.well-known/appspecific/com.chrome.devtools.json 404 1ms {"meta":{"req":{"url":"/.well-known/appspecific/com.chrome.devtools.json","headers":{"host":"localhost:4000","connection":"keep-alive","sec-fetch-site":"same-origin","sec-fetch-mode":"no-cors","sec-fetch-dest":"empty","user-agent":"Mozilla/5.0 (Windows NT 10.0; Win64; x64) AppleWebKit/537.36 (KHTML, like Gecko) Chrome/146.0.0.0 Safari/537.36","accept-encoding":"gzip, deflate, br, zstd","accept-language":"fr,en;q=0.9","cookie":"_ga=GA1.1.2005962765.1751293462; _ga_MBK8XVW5R5=GS2.1.s1752234442$o12$g1$t1752237707$j60$l0$h0; XSRF-TOKEN=6832da41796d6493cea1e228d32d1b76d95388129da07d3586540e27a821c755"},"method":"GET","httpVersion":"1.1","originalUrl":"/.well-known/appspecific/com.chrome.devtools.json","query":{}},"res":{"statusCode":404},"responseTime":1}}
2026-04-14T12:18:47.448Z [info] : GET /assets/css/style.css 304 3ms {"meta":{"req":{"url":"/assets/css/style.css","headers":{"host":"localhost:4000","connection":"keep-alive","sec-ch-ua-platform":"\"Windows\"","if-none-match":"W/\"12a5-19d879f1904\"","user-agent":"Mozilla/5.0 (Windows NT 10.0; Win64; x64) AppleWebKit/537.36 (KHTML, like Gecko) Chrome/146.0.0.0 Safari/537.36","sec-ch-ua":"\"Chromium\";v=\"146\", \"Not-A.Brand\";v=\"24\", \"Google Chrome\";v=\"146\"","if-modified-since":"Mon, 13 Apr 2026 16:14:04 GMT","sec-ch-ua-mobile":"?0","accept":"text/css,*/*;q=0.1","sec-fetch-site":"same-origin","sec-fetch-mode":"no-cors","sec-fetch-dest":"style","accept-encoding":"gzip, deflate, br, zstd","accept-language":"fr,en;q=0.9","cookie":"_ga=GA1.1.2005962765.1751293462; _ga_MBK8XVW5R5=GS2.1.s1752234442$o12$g1$t1752237707$j60$l0$h0; XSRF-TOKEN=6832da41796d6493cea1e228d32d1b76d95388129da07d3586540e27a821c755"},"method":"GET","httpVersion":"1.1","originalUrl":"/assets/css/style.css","query":{}},"res":{"statusCode":304},"responseTime":3}}
2026-04-14T12:18:48.944Z [info] : GET /utils/storage.js 200 141ms {"meta":{"req":{"url":"/utils/storage.js","headers":{"host":"localhost:4000","connection":"keep-alive","origin":"http://localhost:4000","sec-ch-ua-platform":"\"Windows\"","user-agent":"Mozilla/5.0 (Windows NT 10.0; Win64; x64) AppleWebKit/537.36 (KHTML, like Gecko) Chrome/146.0.0.0 Safari/537.36","sec-ch-ua":"\"Chromium\";v=\"146\", \"Not-A.Brand\";v=\"24\", \"Google Chrome\";v=\"146\"","sec-ch-ua-mobile":"?0","accept":"*/*","sec-fetch-site":"same-origin","sec-fetch-mode":"cors","sec-fetch-dest":"script","accept-encoding":"gzip, deflate, br, zstd","accept-language":"fr,en;q=0.9","cookie":"_ga=GA1.1.2005962765.1751293462; _ga_MBK8XVW5R5=GS2.1.s1752234442$o12$g1$t1752237707$j60$l0$h0; XSRF-TOKEN=6832da41796d6493cea1e228d32d1b76d95388129da07d3586540e27a821c755"},"method":"GET","httpVersion":"1.1","originalUrl":"/utils/storage.js","query":{}},"res":{"statusCode":200},"responseTime":141}}
2026-04-14T12:18:49.039Z [info] : GET /utils/helpers.js 200 223ms {"meta":{"req":{"url":"/utils/helpers.js","headers":{"host":"localhost:4000","connection":"keep-alive","origin":"http://localhost:4000","sec-ch-ua-platform":"\"Windows\"","user-agent":"Mozilla/5.0 (Windows NT 10.0; Win64; x64) AppleWebKit/537.36 (KHTML, like Gecko) Chrome/146.0.0.0 Safari/537.36","sec-ch-ua":"\"Chromium\";v=\"146\", \"Not-A.Brand\";v=\"24\", \"Google Chrome\";v=\"146\"","sec-ch-ua-mobile":"?0","accept":"*/*","sec-fetch-site":"same-origin","sec-fetch-mode":"cors","sec-fetch-dest":"script","accept-encoding":"gzip, deflate, br, zstd","accept-language":"fr,en;q=0.9","cookie":"_ga=GA1.1.2005962765.1751293462; _ga_MBK8XVW5R5=GS2.1.s1752234442$o12$g1$t1752237707$j60$l0$h0; XSRF-TOKEN=6832da41796d6493cea1e228d32d1b76d95388129da07d3586540e27a821c755"},"method":"GET","httpVersion":"1.1","originalUrl":"/utils/helpers.js","query":{}},"res":{"statusCode":200},"responseTime":223}}
2026-04-14T12:18:49.072Z [info] : GET /services/auth.js 200 274ms {"meta":{"req":{"url":"/services/auth.js","headers":{"host":"localhost:4000","connection":"keep-alive","origin":"http://localhost:4000","sec-ch-ua-platform":"\"Windows\"","user-agent":"Mozilla/5.0 (Windows NT 10.0; Win64; x64) AppleWebKit/537.36 (KHTML, like Gecko) Chrome/146.0.0.0 Safari/537.36","sec-ch-ua":"\"Chromium\";v=\"146\", \"Not-A.Brand\";v=\"24\", \"Google Chrome\";v=\"146\"","sec-ch-ua-mobile":"?0","accept":"*/*","sec-fetch-site":"same-origin","sec-fetch-mode":"cors","sec-fetch-dest":"script","accept-encoding":"gzip, deflate, br, zstd","accept-language":"fr,en;q=0.9","cookie":"_ga=GA1.1.2005962765.1751293462; _ga_MBK8XVW5R5=GS2.1.s1752234442$o12$g1$t1752237707$j60$l0$h0; XSRF-TOKEN=6832da41796d6493cea1e228d32d1b76d95388129da07d3586540e27a821c755"},"method":"GET","httpVersion":"1.1","originalUrl":"/services/auth.js","query":{}},"res":{"statusCode":200},"responseTime":274}}
2026-04-14T12:18:49.418Z [info] : GET /utils/access.js 200 4ms {"meta":{"req":{"url":"/utils/access.js","headers":{"host":"localhost:4000","connection":"keep-alive","origin":"http://localhost:4000","sec-ch-ua-platform":"\"Windows\"","user-agent":"Mozilla/5.0 (Windows NT 10.0; Win64; x64) AppleWebKit/537.36 (KHTML, like Gecko) Chrome/146.0.0.0 Safari/537.36","sec-ch-ua":"\"Chromium\";v=\"146\", \"Not-A.Brand\";v=\"24\", \"Google Chrome\";v=\"146\"","sec-ch-ua-mobile":"?0","accept":"*/*","sec-fetch-site":"same-origin","sec-fetch-mode":"cors","sec-fetch-dest":"script","accept-encoding":"gzip, deflate, br, zstd","accept-language":"fr,en;q=0.9","cookie":"_ga=GA1.1.2005962765.1751293462; _ga_MBK8XVW5R5=GS2.1.s1752234442$o12$g1$t1752237707$j60$l0$h0; XSRF-TOKEN=6832da41796d6493cea1e228d32d1b76d95388129da07d3586540e27a821c755"},"method":"GET","httpVersion":"1.1","originalUrl":"/utils/access.js","query":{}},"res":{"statusCode":200},"responseTime":4}}
2026-04-14T12:18:49.426Z [info] : GET /services/api.js 200 9ms {"meta":{"req":{"url":"/services/api.js","headers":{"host":"localhost:4000","connection":"keep-alive","origin":"http://localhost:4000","sec-ch-ua-platform":"\"Windows\"","user-agent":"Mozilla/5.0 (Windows NT 10.0; Win64; x64) AppleWebKit/537.36 (KHTML, like Gecko) Chrome/146.0.0.0 Safari/537.36","sec-ch-ua":"\"Chromium\";v=\"146\", \"Not-A.Brand\";v=\"24\", \"Google Chrome\";v=\"146\"","sec-ch-ua-mobile":"?0","accept":"*/*","sec-fetch-site":"same-origin","sec-fetch-mode":"cors","sec-fetch-dest":"script","accept-encoding":"gzip, deflate, br, zstd","accept-language":"fr,en;q=0.9","cookie":"_ga=GA1.1.2005962765.1751293462; _ga_MBK8XVW5R5=GS2.1.s1752234442$o12$g1$t1752237707$j60$l0$h0; XSRF-TOKEN=6832da41796d6493cea1e228d32d1b76d95388129da07d3586540e27a821c755"},"method":"GET","httpVersion":"1.1","originalUrl":"/services/api.js","query":{}},"res":{"statusCode":200},"responseTime":9}}
2026-04-14T12:18:49.438Z [info] : GET /utils/access.js 200 5ms {"meta":{"req":{"url":"/utils/access.js","headers":{"host":"localhost:4000","connection":"keep-alive","user-agent":"Mozilla/5.0 (Windows NT 10.0; Win64; x64) AppleWebKit/537.36 (KHTML, like Gecko) Chrome/146.0.0.0 Safari/537.36","accept":"*/*","sec-fetch-site":"none","sec-fetch-mode":"cors","sec-fetch-dest":"empty","sec-fetch-storage-access":"active","accept-encoding":"gzip, deflate, br, zstd","accept-language":"fr,en;q=0.9","cookie":"_ga=GA1.1.2005962765.1751293462; _ga_MBK8XVW5R5=GS2.1.s1752234442$o12$g1$t1752237707$j60$l0$h0; XSRF-TOKEN=6832da41796d6493cea1e228d32d1b76d95388129da07d3586540e27a821c755"},"method":"GET","httpVersion":"1.1","originalUrl":"/utils/access.js","query":{}},"res":{"statusCode":200},"responseTime":5}}
2026-04-14T12:18:49.450Z [info] : GET /config.js 200 6ms {"meta":{"req":{"url":"/config.js","headers":{"host":"localhost:4000","connection":"keep-alive","origin":"http://localhost:4000","sec-ch-ua-platform":"\"Windows\"","user-agent":"Mozilla/5.0 (Windows NT 10.0; Win64; x64) AppleWebKit/537.36 (KHTML, like Gecko) Chrome/146.0.0.0 Safari/537.36","sec-ch-ua":"\"Chromium\";v=\"146\", \"Not-A.Brand\";v=\"24\", \"Google Chrome\";v=\"146\"","sec-ch-ua-mobile":"?0","accept":"*/*","sec-fetch-site":"same-origin","sec-fetch-mode":"cors","sec-fetch-dest":"script","accept-encoding":"gzip, deflate, br, zstd","accept-language":"fr,en;q=0.9","cookie":"_ga=GA1.1.2005962765.1751293462; _ga_MBK8XVW5R5=GS2.1.s1752234442$o12$g1$t1752237707$j60$l0$h0; XSRF-TOKEN=6832da41796d6493cea1e228d32d1b76d95388129da07d3586540e27a821c755"},"method":"GET","httpVersion":"1.1","originalUrl":"/config.js","query":{}},"res":{"statusCode":200},"responseTime":6}}
2026-04-14T12:18:49.473Z [info] : GET /services/api.js 200 23ms {"meta":{"req":{"url":"/services/api.js","headers":{"host":"localhost:4000","connection":"keep-alive","user-agent":"Mozilla/5.0 (Windows NT 10.0; Win64; x64) AppleWebKit/537.36 (KHTML, like Gecko) Chrome/146.0.0.0 Safari/537.36","accept":"*/*","sec-fetch-site":"none","sec-fetch-mode":"cors","sec-fetch-dest":"empty","sec-fetch-storage-access":"active","accept-encoding":"gzip, deflate, br, zstd","accept-language":"fr,en;q=0.9","cookie":"_ga=GA1.1.2005962765.1751293462; _ga_MBK8XVW5R5=GS2.1.s1752234442$o12$g1$t1752237707$j60$l0$h0; XSRF-TOKEN=6832da41796d6493cea1e228d32d1b76d95388129da07d3586540e27a821c755"},"method":"GET","httpVersion":"1.1","originalUrl":"/services/api.js","query":{}},"res":{"statusCode":200},"responseTime":23}}
2026-04-14T12:18:49.535Z [info] : GET /config.js 200 2ms {"meta":{"req":{"url":"/config.js","headers":{"host":"localhost:4000","connection":"keep-alive","user-agent":"Mozilla/5.0 (Windows NT 10.0; Win64; x64) AppleWebKit/537.36 (KHTML, like Gecko) Chrome/146.0.0.0 Safari/537.36","accept":"*/*","sec-fetch-site":"none","sec-fetch-mode":"cors","sec-fetch-dest":"empty","sec-fetch-storage-access":"active","accept-encoding":"gzip, deflate, br, zstd","accept-language":"fr,en;q=0.9","cookie":"_ga=GA1.1.2005962765.1751293462; _ga_MBK8XVW5R5=GS2.1.s1752234442$o12$g1$t1752237707$j60$l0$h0; XSRF-TOKEN=6832da41796d6493cea1e228d32d1b76d95388129da07d3586540e27a821c755"},"method":"GET","httpVersion":"1.1","originalUrl":"/config.js","query":{}},"res":{"statusCode":200},"responseTime":2}}
2026-04-14T12:18:57.778Z [info] : GET /api/v1/csrf-token 200 3ms {"meta":{"req":{"url":"/api/v1/csrf-token","headers":{"host":"localhost:4000","connection":"keep-alive","sec-ch-ua-platform":"\"Windows\"","user-agent":"Mozilla/5.0 (Windows NT 10.0; Win64; x64) AppleWebKit/537.36 (KHTML, like Gecko) Chrome/146.0.0.0 Safari/537.36","sec-ch-ua":"\"Chromium\";v=\"146\", \"Not-A.Brand\";v=\"24\", \"Google Chrome\";v=\"146\"","sec-ch-ua-mobile":"?0","accept":"*/*","sec-fetch-site":"same-origin","sec-fetch-mode":"cors","sec-fetch-dest":"empty","accept-encoding":"gzip, deflate, br, zstd","accept-language":"fr,en;q=0.9","cookie":"_ga=GA1.1.2005962765.1751293462; _ga_MBK8XVW5R5=GS2.1.s1752234442$o12$g1$t1752237707$j60$l0$h0; XSRF-TOKEN=6832da41796d6493cea1e228d32d1b76d95388129da07d3586540e27a821c755"},"method":"GET","httpVersion":"1.1","originalUrl":"/api/v1/csrf-token","query":{}},"res":{"statusCode":200},"responseTime":3}}
2026-04-14T12:18:59.008Z [info] : DEV OTP generated for request 5: 976070 
2026-04-14T12:18:59.018Z [info] : POST /api/v1/auth/request-otp 200 436ms {"meta":{"req":{"url":"/api/v1/auth/request-otp","headers":{"host":"localhost:4000","connection":"keep-alive","content-length":"26","sec-ch-ua-platform":"\"Windows\"","x-xsrf-token":"6832da41796d6493cea1e228d32d1b76d95388129da07d3586540e27a821c755","user-agent":"Mozilla/5.0 (Windows NT 10.0; Win64; x64) AppleWebKit/537.36 (KHTML, like Gecko) Chrome/146.0.0.0 Safari/537.36","sec-ch-ua":"\"Chromium\";v=\"146\", \"Not-A.Brand\";v=\"24\", \"Google Chrome\";v=\"146\"","content-type":"application/json","sec-ch-ua-mobile":"?0","accept":"*/*","origin":"http://localhost:4000","sec-fetch-site":"same-origin","sec-fetch-mode":"cors","sec-fetch-dest":"empty","accept-encoding":"gzip, deflate, br, zstd","accept-language":"fr,en;q=0.9","cookie":"_ga=GA1.1.2005962765.1751293462; _ga_MBK8XVW5R5=GS2.1.s1752234442$o12$g1$t1752237707$j60$l0$h0; XSRF-TOKEN=6832da41796d6493cea1e228d32d1b76d95388129da07d3586540e27a821c755"},"method":"POST","httpVersion":"1.1","originalUrl":"/api/v1/auth/request-otp","query":{}},"res":{"statusCode":200},"responseTime":436}}
2026-04-14T12:19:14.468Z [info] : POST /api/v1/auth/verify-otp 200 85ms {"meta":{"req":{"url":"/api/v1/auth/verify-otp","headers":{"host":"localhost:4000","connection":"keep-alive","content-length":"37","sec-ch-ua-platform":"\"Windows\"","x-xsrf-token":"6832da41796d6493cea1e228d32d1b76d95388129da07d3586540e27a821c755","user-agent":"Mozilla/5.0 (Windows NT 10.0; Win64; x64) AppleWebKit/537.36 (KHTML, like Gecko) Chrome/146.0.0.0 Safari/537.36","sec-ch-ua":"\"Chromium\";v=\"146\", \"Not-A.Brand\";v=\"24\", \"Google Chrome\";v=\"146\"","content-type":"application/json","sec-ch-ua-mobile":"?0","accept":"*/*","origin":"http://localhost:4000","sec-fetch-site":"same-origin","sec-fetch-mode":"cors","sec-fetch-dest":"empty","accept-encoding":"gzip, deflate, br, zstd","accept-language":"fr,en;q=0.9","cookie":"_ga=GA1.1.2005962765.1751293462; _ga_MBK8XVW5R5=GS2.1.s1752234442$o12$g1$t1752237707$j60$l0$h0; XSRF-TOKEN=6832da41796d6493cea1e228d32d1b76d95388129da07d3586540e27a821c755"},"method":"POST","httpVersion":"1.1","originalUrl":"/api/v1/auth/verify-otp","query":{}},"res":{"statusCode":200},"responseTime":85}}
2026-04-14T12:19:14.494Z [info] : GET /pages/dashboard-patient.html 200 3ms {"meta":{"req":{"url":"/pages/dashboard-patient.html","headers":{"host":"localhost:4000","connection":"keep-alive","sec-ch-ua":"\"Chromium\";v=\"146\", \"Not-A.Brand\";v=\"24\", \"Google Chrome\";v=\"146\"","sec-ch-ua-mobile":"?0","sec-ch-ua-platform":"\"Windows\"","upgrade-insecure-requests":"1","user-agent":"Mozilla/5.0 (Windows NT 10.0; Win64; x64) AppleWebKit/537.36 (KHTML, like Gecko) Chrome/146.0.0.0 Safari/537.36","accept":"text/html,application/xhtml+xml,application/xml;q=0.9,image/avif,image/webp,image/apng,*/*;q=0.8,application/signed-exchange;v=b3;q=0.7","sec-fetch-site":"same-origin","sec-fetch-mode":"navigate","sec-fetch-user":"?1","sec-fetch-dest":"document","accept-encoding":"gzip, deflate, br, zstd","accept-language":"fr,en;q=0.9","cookie":"_ga=GA1.1.2005962765.1751293462; _ga_MBK8XVW5R5=GS2.1.s1752234442$o12$g1$t1752237707$j60$l0$h0; XSRF-TOKEN=6832da41796d6493cea1e228d32d1b76d95388129da07d3586540e27a821c755"},"method":"GET","httpVersion":"1.1","originalUrl":"/pages/dashboard-patient.html","query":{}},"res":{"statusCode":200},"responseTime":3}}
2026-04-14T12:19:14.718Z [info] : GET /.well-known/appspecific/com.chrome.devtools.json 404 1ms {"meta":{"req":{"url":"/.well-known/appspecific/com.chrome.devtools.json","headers":{"host":"localhost:4000","connection":"keep-alive","sec-fetch-site":"same-origin","sec-fetch-mode":"no-cors","sec-fetch-dest":"empty","user-agent":"Mozilla/5.0 (Windows NT 10.0; Win64; x64) AppleWebKit/537.36 (KHTML, like Gecko) Chrome/146.0.0.0 Safari/537.36","accept-encoding":"gzip, deflate, br, zstd","accept-language":"fr,en;q=0.9","cookie":"_ga=GA1.1.2005962765.1751293462; _ga_MBK8XVW5R5=GS2.1.s1752234442$o12$g1$t1752237707$j60$l0$h0; XSRF-TOKEN=6832da41796d6493cea1e228d32d1b76d95388129da07d3586540e27a821c755"},"method":"GET","httpVersion":"1.1","originalUrl":"/.well-known/appspecific/com.chrome.devtools.json","query":{}},"res":{"statusCode":404},"responseTime":1}}
2026-04-14T12:19:14.753Z [info] : GET /assets/css/style.css 304 0ms {"meta":{"req":{"url":"/assets/css/style.css","headers":{"host":"localhost:4000","connection":"keep-alive","sec-ch-ua-platform":"\"Windows\"","user-agent":"Mozilla/5.0 (Windows NT 10.0; Win64; x64) AppleWebKit/537.36 (KHTML, like Gecko) Chrome/146.0.0.0 Safari/537.36","sec-ch-ua":"\"Chromium\";v=\"146\", \"Not-A.Brand\";v=\"24\", \"Google Chrome\";v=\"146\"","sec-ch-ua-mobile":"?0","accept":"text/css,*/*;q=0.1","sec-fetch-site":"same-origin","sec-fetch-mode":"no-cors","sec-fetch-dest":"style","accept-encoding":"gzip, deflate, br, zstd","accept-language":"fr,en;q=0.9","cookie":"_ga=GA1.1.2005962765.1751293462; _ga_MBK8XVW5R5=GS2.1.s1752234442$o12$g1$t1752237707$j60$l0$h0; XSRF-TOKEN=6832da41796d6493cea1e228d32d1b76d95388129da07d3586540e27a821c755","if-none-match":"W/\"12a5-19d879f1904\"","if-modified-since":"Mon, 13 Apr 2026 16:14:04 GMT"},"method":"GET","httpVersion":"1.1","originalUrl":"/assets/css/style.css","query":{}},"res":{"statusCode":304},"responseTime":0}}
2026-04-14T12:19:15.406Z [info] : GET /components/navbar.js 200 4ms {"meta":{"req":{"url":"/components/navbar.js","headers":{"host":"localhost:4000","connection":"keep-alive","origin":"http://localhost:4000","sec-ch-ua-platform":"\"Windows\"","user-agent":"Mozilla/5.0 (Windows NT 10.0; Win64; x64) AppleWebKit/537.36 (KHTML, like Gecko) Chrome/146.0.0.0 Safari/537.36","sec-ch-ua":"\"Chromium\";v=\"146\", \"Not-A.Brand\";v=\"24\", \"Google Chrome\";v=\"146\"","sec-ch-ua-mobile":"?0","accept":"*/*","sec-fetch-site":"same-origin","sec-fetch-mode":"cors","sec-fetch-dest":"script","accept-encoding":"gzip, deflate, br, zstd","accept-language":"fr,en;q=0.9","cookie":"_ga=GA1.1.2005962765.1751293462; _ga_MBK8XVW5R5=GS2.1.s1752234442$o12$g1$t1752237707$j60$l0$h0; XSRF-TOKEN=6832da41796d6493cea1e228d32d1b76d95388129da07d3586540e27a821c755"},"method":"GET","httpVersion":"1.1","originalUrl":"/components/navbar.js","query":{}},"res":{"statusCode":200},"responseTime":4}}
2026-04-14T12:19:15.422Z [info] : GET /components/sidebar.js 200 17ms {"meta":{"req":{"url":"/components/sidebar.js","headers":{"host":"localhost:4000","connection":"keep-alive","origin":"http://localhost:4000","sec-ch-ua-platform":"\"Windows\"","user-agent":"Mozilla/5.0 (Windows NT 10.0; Win64; x64) AppleWebKit/537.36 (KHTML, like Gecko) Chrome/146.0.0.0 Safari/537.36","sec-ch-ua":"\"Chromium\";v=\"146\", \"Not-A.Brand\";v=\"24\", \"Google Chrome\";v=\"146\"","sec-ch-ua-mobile":"?0","accept":"*/*","sec-fetch-site":"same-origin","sec-fetch-mode":"cors","sec-fetch-dest":"script","accept-encoding":"gzip, deflate, br, zstd","accept-language":"fr,en;q=0.9","cookie":"_ga=GA1.1.2005962765.1751293462; _ga_MBK8XVW5R5=GS2.1.s1752234442$o12$g1$t1752237707$j60$l0$h0; XSRF-TOKEN=6832da41796d6493cea1e228d32d1b76d95388129da07d3586540e27a821c755"},"method":"GET","httpVersion":"1.1","originalUrl":"/components/sidebar.js","query":{}},"res":{"statusCode":200},"responseTime":17}}
2026-04-14T12:19:15.426Z [info] : GET /services/auth.js 304 7ms {"meta":{"req":{"url":"/services/auth.js","headers":{"host":"localhost:4000","connection":"keep-alive","origin":"http://localhost:4000","sec-ch-ua-platform":"\"Windows\"","user-agent":"Mozilla/5.0 (Windows NT 10.0; Win64; x64) AppleWebKit/537.36 (KHTML, like Gecko) Chrome/146.0.0.0 Safari/537.36","sec-ch-ua":"\"Chromium\";v=\"146\", \"Not-A.Brand\";v=\"24\", \"Google Chrome\";v=\"146\"","sec-ch-ua-mobile":"?0","accept":"*/*","sec-fetch-site":"same-origin","sec-fetch-mode":"cors","sec-fetch-dest":"script","accept-encoding":"gzip, deflate, br, zstd","accept-language":"fr,en;q=0.9","cookie":"_ga=GA1.1.2005962765.1751293462; _ga_MBK8XVW5R5=GS2.1.s1752234442$o12$g1$t1752237707$j60$l0$h0; XSRF-TOKEN=6832da41796d6493cea1e228d32d1b76d95388129da07d3586540e27a821c755","if-none-match":"W/\"a19-19d87c7a564\"","if-modified-since":"Mon, 13 Apr 2026 16:58:21 GMT"},"method":"GET","httpVersion":"1.1","originalUrl":"/services/auth.js","query":{}},"res":{"statusCode":304},"responseTime":7}}
2026-04-14T12:19:15.428Z [info] : GET /utils/access.js 304 9ms {"meta":{"req":{"url":"/utils/access.js","headers":{"host":"localhost:4000","connection":"keep-alive","origin":"http://localhost:4000","sec-ch-ua-platform":"\"Windows\"","user-agent":"Mozilla/5.0 (Windows NT 10.0; Win64; x64) AppleWebKit/537.36 (KHTML, like Gecko) Chrome/146.0.0.0 Safari/537.36","sec-ch-ua":"\"Chromium\";v=\"146\", \"Not-A.Brand\";v=\"24\", \"Google Chrome\";v=\"146\"","sec-ch-ua-mobile":"?0","accept":"*/*","sec-fetch-site":"same-origin","sec-fetch-mode":"cors","sec-fetch-dest":"script","accept-encoding":"gzip, deflate, br, zstd","accept-language":"fr,en;q=0.9","cookie":"_ga=GA1.1.2005962765.1751293462; _ga_MBK8XVW5R5=GS2.1.s1752234442$o12$g1$t1752237707$j60$l0$h0; XSRF-TOKEN=6832da41796d6493cea1e228d32d1b76d95388129da07d3586540e27a821c755","if-none-match":"W/\"1d1-19d879dc337\"","if-modified-since":"Mon, 13 Apr 2026 16:12:36 GMT"},"method":"GET","httpVersion":"1.1","originalUrl":"/utils/access.js","query":{}},"res":{"statusCode":304},"responseTime":9}}
2026-04-14T12:19:15.430Z [info] : GET /components/data-table.js 200 18ms {"meta":{"req":{"url":"/components/data-table.js","headers":{"host":"localhost:4000","connection":"keep-alive","origin":"http://localhost:4000","sec-ch-ua-platform":"\"Windows\"","user-agent":"Mozilla/5.0 (Windows NT 10.0; Win64; x64) AppleWebKit/537.36 (KHTML, like Gecko) Chrome/146.0.0.0 Safari/537.36","sec-ch-ua":"\"Chromium\";v=\"146\", \"Not-A.Brand\";v=\"24\", \"Google Chrome\";v=\"146\"","sec-ch-ua-mobile":"?0","accept":"*/*","sec-fetch-site":"same-origin","sec-fetch-mode":"cors","sec-fetch-dest":"script","accept-encoding":"gzip, deflate, br, zstd","accept-language":"fr,en;q=0.9","cookie":"_ga=GA1.1.2005962765.1751293462; _ga_MBK8XVW5R5=GS2.1.s1752234442$o12$g1$t1752237707$j60$l0$h0; XSRF-TOKEN=6832da41796d6493cea1e228d32d1b76d95388129da07d3586540e27a821c755"},"method":"GET","httpVersion":"1.1","originalUrl":"/components/data-table.js","query":{}},"res":{"statusCode":200},"responseTime":18}}
2026-04-14T12:19:15.437Z [info] : GET /utils/guards.js 200 21ms {"meta":{"req":{"url":"/utils/guards.js","headers":{"host":"localhost:4000","connection":"keep-alive","origin":"http://localhost:4000","sec-ch-ua-platform":"\"Windows\"","user-agent":"Mozilla/5.0 (Windows NT 10.0; Win64; x64) AppleWebKit/537.36 (KHTML, like Gecko) Chrome/146.0.0.0 Safari/537.36","sec-ch-ua":"\"Chromium\";v=\"146\", \"Not-A.Brand\";v=\"24\", \"Google Chrome\";v=\"146\"","sec-ch-ua-mobile":"?0","accept":"*/*","sec-fetch-site":"same-origin","sec-fetch-mode":"cors","sec-fetch-dest":"script","accept-encoding":"gzip, deflate, br, zstd","accept-language":"fr,en;q=0.9","cookie":"_ga=GA1.1.2005962765.1751293462; _ga_MBK8XVW5R5=GS2.1.s1752234442$o12$g1$t1752237707$j60$l0$h0; XSRF-TOKEN=6832da41796d6493cea1e228d32d1b76d95388129da07d3586540e27a821c755"},"method":"GET","httpVersion":"1.1","originalUrl":"/utils/guards.js","query":{}},"res":{"statusCode":200},"responseTime":21}}
2026-04-14T12:19:15.440Z [info] : GET /utils/helpers.js 304 6ms {"meta":{"req":{"url":"/utils/helpers.js","headers":{"host":"localhost:4000","connection":"keep-alive","origin":"http://localhost:4000","sec-ch-ua-platform":"\"Windows\"","user-agent":"Mozilla/5.0 (Windows NT 10.0; Win64; x64) AppleWebKit/537.36 (KHTML, like Gecko) Chrome/146.0.0.0 Safari/537.36","sec-ch-ua":"\"Chromium\";v=\"146\", \"Not-A.Brand\";v=\"24\", \"Google Chrome\";v=\"146\"","sec-ch-ua-mobile":"?0","accept":"*/*","sec-fetch-site":"same-origin","sec-fetch-mode":"cors","sec-fetch-dest":"script","accept-encoding":"gzip, deflate, br, zstd","accept-language":"fr,en;q=0.9","cookie":"_ga=GA1.1.2005962765.1751293462; _ga_MBK8XVW5R5=GS2.1.s1752234442$o12$g1$t1752237707$j60$l0$h0; XSRF-TOKEN=6832da41796d6493cea1e228d32d1b76d95388129da07d3586540e27a821c755","if-none-match":"W/\"b6b-19d87c7a562\"","if-modified-since":"Mon, 13 Apr 2026 16:58:21 GMT"},"method":"GET","httpVersion":"1.1","originalUrl":"/utils/helpers.js","query":{}},"res":{"statusCode":304},"responseTime":6}}
2026-04-14T12:19:15.444Z [info] : GET /utils/storage.js 304 8ms {"meta":{"req":{"url":"/utils/storage.js","headers":{"host":"localhost:4000","connection":"keep-alive","origin":"http://localhost:4000","sec-ch-ua-platform":"\"Windows\"","user-agent":"Mozilla/5.0 (Windows NT 10.0; Win64; x64) AppleWebKit/537.36 (KHTML, like Gecko) Chrome/146.0.0.0 Safari/537.36","sec-ch-ua":"\"Chromium\";v=\"146\", \"Not-A.Brand\";v=\"24\", \"Google Chrome\";v=\"146\"","sec-ch-ua-mobile":"?0","accept":"*/*","sec-fetch-site":"same-origin","sec-fetch-mode":"cors","sec-fetch-dest":"script","accept-encoding":"gzip, deflate, br, zstd","accept-language":"fr,en;q=0.9","cookie":"_ga=GA1.1.2005962765.1751293462; _ga_MBK8XVW5R5=GS2.1.s1752234442$o12$g1$t1752237707$j60$l0$h0; XSRF-TOKEN=6832da41796d6493cea1e228d32d1b76d95388129da07d3586540e27a821c755","if-none-match":"W/\"77b-19d879dc33a\"","if-modified-since":"Mon, 13 Apr 2026 16:12:36 GMT"},"method":"GET","httpVersion":"1.1","originalUrl":"/utils/storage.js","query":{}},"res":{"statusCode":304},"responseTime":8}}
2026-04-14T12:19:15.451Z [info] : GET /components/navbar.js 200 3ms {"meta":{"req":{"url":"/components/navbar.js","headers":{"host":"localhost:4000","connection":"keep-alive","user-agent":"Mozilla/5.0 (Windows NT 10.0; Win64; x64) AppleWebKit/537.36 (KHTML, like Gecko) Chrome/146.0.0.0 Safari/537.36","accept":"*/*","sec-fetch-site":"none","sec-fetch-mode":"cors","sec-fetch-dest":"empty","sec-fetch-storage-access":"active","accept-encoding":"gzip, deflate, br, zstd","accept-language":"fr,en;q=0.9","cookie":"_ga=GA1.1.2005962765.1751293462; _ga_MBK8XVW5R5=GS2.1.s1752234442$o12$g1$t1752237707$j60$l0$h0; XSRF-TOKEN=6832da41796d6493cea1e228d32d1b76d95388129da07d3586540e27a821c755"},"method":"GET","httpVersion":"1.1","originalUrl":"/components/navbar.js","query":{}},"res":{"statusCode":200},"responseTime":3}}
2026-04-14T12:19:15.458Z [info] : GET /services/api.js 304 1ms {"meta":{"req":{"url":"/services/api.js","headers":{"host":"localhost:4000","connection":"keep-alive","origin":"http://localhost:4000","sec-ch-ua-platform":"\"Windows\"","user-agent":"Mozilla/5.0 (Windows NT 10.0; Win64; x64) AppleWebKit/537.36 (KHTML, like Gecko) Chrome/146.0.0.0 Safari/537.36","sec-ch-ua":"\"Chromium\";v=\"146\", \"Not-A.Brand\";v=\"24\", \"Google Chrome\";v=\"146\"","sec-ch-ua-mobile":"?0","accept":"*/*","sec-fetch-site":"same-origin","sec-fetch-mode":"cors","sec-fetch-dest":"script","accept-encoding":"gzip, deflate, br, zstd","accept-language":"fr,en;q=0.9","cookie":"_ga=GA1.1.2005962765.1751293462; _ga_MBK8XVW5R5=GS2.1.s1752234442$o12$g1$t1752237707$j60$l0$h0; XSRF-TOKEN=6832da41796d6493cea1e228d32d1b76d95388129da07d3586540e27a821c755","if-none-match":"W/\"cb6-19d879e679f\"","if-modified-since":"Mon, 13 Apr 2026 16:13:18 GMT"},"method":"GET","httpVersion":"1.1","originalUrl":"/services/api.js","query":{}},"res":{"statusCode":304},"responseTime":1}}
2026-04-14T12:19:15.461Z [info] : GET /components/sidebar.js 200 7ms {"meta":{"req":{"url":"/components/sidebar.js","headers":{"host":"localhost:4000","connection":"keep-alive","user-agent":"Mozilla/5.0 (Windows NT 10.0; Win64; x64) AppleWebKit/537.36 (KHTML, like Gecko) Chrome/146.0.0.0 Safari/537.36","accept":"*/*","sec-fetch-site":"none","sec-fetch-mode":"cors","sec-fetch-dest":"empty","sec-fetch-storage-access":"active","accept-encoding":"gzip, deflate, br, zstd","accept-language":"fr,en;q=0.9","cookie":"_ga=GA1.1.2005962765.1751293462; _ga_MBK8XVW5R5=GS2.1.s1752234442$o12$g1$t1752237707$j60$l0$h0; XSRF-TOKEN=6832da41796d6493cea1e228d32d1b76d95388129da07d3586540e27a821c755"},"method":"GET","httpVersion":"1.1","originalUrl":"/components/sidebar.js","query":{}},"res":{"statusCode":200},"responseTime":7}}
2026-04-14T12:19:15.465Z [info] : GET /services/auth.js 200 5ms {"meta":{"req":{"url":"/services/auth.js","headers":{"host":"localhost:4000","connection":"keep-alive","user-agent":"Mozilla/5.0 (Windows NT 10.0; Win64; x64) AppleWebKit/537.36 (KHTML, like Gecko) Chrome/146.0.0.0 Safari/537.36","accept":"*/*","sec-fetch-site":"none","sec-fetch-mode":"cors","sec-fetch-dest":"empty","sec-fetch-storage-access":"active","accept-encoding":"gzip, deflate, br, zstd","accept-language":"fr,en;q=0.9","cookie":"_ga=GA1.1.2005962765.1751293462; _ga_MBK8XVW5R5=GS2.1.s1752234442$o12$g1$t1752237707$j60$l0$h0; XSRF-TOKEN=6832da41796d6493cea1e228d32d1b76d95388129da07d3586540e27a821c755"},"method":"GET","httpVersion":"1.1","originalUrl":"/services/auth.js","query":{}},"res":{"statusCode":200},"responseTime":5}}
2026-04-14T12:19:15.468Z [info] : GET /components/data-table.js 200 3ms {"meta":{"req":{"url":"/components/data-table.js","headers":{"host":"localhost:4000","connection":"keep-alive","user-agent":"Mozilla/5.0 (Windows NT 10.0; Win64; x64) AppleWebKit/537.36 (KHTML, like Gecko) Chrome/146.0.0.0 Safari/537.36","accept":"*/*","sec-fetch-site":"none","sec-fetch-mode":"cors","sec-fetch-dest":"empty","sec-fetch-storage-access":"active","accept-encoding":"gzip, deflate, br, zstd","accept-language":"fr,en;q=0.9","cookie":"_ga=GA1.1.2005962765.1751293462; _ga_MBK8XVW5R5=GS2.1.s1752234442$o12$g1$t1752237707$j60$l0$h0; XSRF-TOKEN=6832da41796d6493cea1e228d32d1b76d95388129da07d3586540e27a821c755"},"method":"GET","httpVersion":"1.1","originalUrl":"/components/data-table.js","query":{}},"res":{"statusCode":200},"responseTime":3}}
2026-04-14T12:19:15.479Z [info] : GET /utils/helpers.js 200 5ms {"meta":{"req":{"url":"/utils/helpers.js","headers":{"host":"localhost:4000","connection":"keep-alive","user-agent":"Mozilla/5.0 (Windows NT 10.0; Win64; x64) AppleWebKit/537.36 (KHTML, like Gecko) Chrome/146.0.0.0 Safari/537.36","accept":"*/*","sec-fetch-site":"none","sec-fetch-mode":"cors","sec-fetch-dest":"empty","sec-fetch-storage-access":"active","accept-encoding":"gzip, deflate, br, zstd","accept-language":"fr,en;q=0.9","cookie":"_ga=GA1.1.2005962765.1751293462; _ga_MBK8XVW5R5=GS2.1.s1752234442$o12$g1$t1752237707$j60$l0$h0; XSRF-TOKEN=6832da41796d6493cea1e228d32d1b76d95388129da07d3586540e27a821c755"},"method":"GET","httpVersion":"1.1","originalUrl":"/utils/helpers.js","query":{}},"res":{"statusCode":200},"responseTime":5}}
2026-04-14T12:19:15.481Z [info] : GET /utils/guards.js 200 6ms {"meta":{"req":{"url":"/utils/guards.js","headers":{"host":"localhost:4000","connection":"keep-alive","user-agent":"Mozilla/5.0 (Windows NT 10.0; Win64; x64) AppleWebKit/537.36 (KHTML, like Gecko) Chrome/146.0.0.0 Safari/537.36","accept":"*/*","sec-fetch-site":"none","sec-fetch-mode":"cors","sec-fetch-dest":"empty","sec-fetch-storage-access":"active","accept-encoding":"gzip, deflate, br, zstd","accept-language":"fr,en;q=0.9","cookie":"_ga=GA1.1.2005962765.1751293462; _ga_MBK8XVW5R5=GS2.1.s1752234442$o12$g1$t1752237707$j60$l0$h0; XSRF-TOKEN=6832da41796d6493cea1e228d32d1b76d95388129da07d3586540e27a821c755"},"method":"GET","httpVersion":"1.1","originalUrl":"/utils/guards.js","query":{}},"res":{"statusCode":200},"responseTime":6}}
2026-04-14T12:19:15.487Z [info] : GET /utils/storage.js 200 10ms {"meta":{"req":{"url":"/utils/storage.js","headers":{"host":"localhost:4000","connection":"keep-alive","user-agent":"Mozilla/5.0 (Windows NT 10.0; Win64; x64) AppleWebKit/537.36 (KHTML, like Gecko) Chrome/146.0.0.0 Safari/537.36","accept":"*/*","sec-fetch-site":"none","sec-fetch-mode":"cors","sec-fetch-dest":"empty","sec-fetch-storage-access":"active","accept-encoding":"gzip, deflate, br, zstd","accept-language":"fr,en;q=0.9","cookie":"_ga=GA1.1.2005962765.1751293462; _ga_MBK8XVW5R5=GS2.1.s1752234442$o12$g1$t1752237707$j60$l0$h0; XSRF-TOKEN=6832da41796d6493cea1e228d32d1b76d95388129da07d3586540e27a821c755"},"method":"GET","httpVersion":"1.1","originalUrl":"/utils/storage.js","query":{}},"res":{"statusCode":200},"responseTime":10}}
2026-04-14T12:19:15.494Z [info] : GET /config.js 304 6ms {"meta":{"req":{"url":"/config.js","headers":{"host":"localhost:4000","connection":"keep-alive","origin":"http://localhost:4000","sec-ch-ua-platform":"\"Windows\"","user-agent":"Mozilla/5.0 (Windows NT 10.0; Win64; x64) AppleWebKit/537.36 (KHTML, like Gecko) Chrome/146.0.0.0 Safari/537.36","sec-ch-ua":"\"Chromium\";v=\"146\", \"Not-A.Brand\";v=\"24\", \"Google Chrome\";v=\"146\"","sec-ch-ua-mobile":"?0","accept":"*/*","sec-fetch-site":"same-origin","sec-fetch-mode":"cors","sec-fetch-dest":"script","accept-encoding":"gzip, deflate, br, zstd","accept-language":"fr,en;q=0.9","cookie":"_ga=GA1.1.2005962765.1751293462; _ga_MBK8XVW5R5=GS2.1.s1752234442$o12$g1$t1752237707$j60$l0$h0; XSRF-TOKEN=6832da41796d6493cea1e228d32d1b76d95388129da07d3586540e27a821c755","if-none-match":"W/\"3c-19d8763ba17\"","if-modified-since":"Mon, 13 Apr 2026 15:09:13 GMT"},"method":"GET","httpVersion":"1.1","originalUrl":"/config.js","query":{}},"res":{"statusCode":304},"responseTime":6}}
2026-04-14T12:19:15.599Z [info] : GET /api/v1/user/profile 200 46ms {"meta":{"req":{"url":"/api/v1/user/profile","headers":{"host":"localhost:4000","connection":"keep-alive","sec-ch-ua-platform":"\"Windows\"","authorization":"Bearer eyJhbGciOiJIUzI1NiIsInR5cCI6IkpXVCJ9.eyJpZCI6MSwibmFtZSI6IkplYW4gS09VQVNTSSIsInJvbGUiOiJQQVRJRU5UIiwiZW1haWwiOm51bGwsInBlcm1pc3Npb25zIjpbXSwiaWF0IjoxNzc2MTY5MTU0LCJleHAiOjE3NzYxNzAwNTR9.jdZFfKgQ3QNGmVt0mGy6OopVd7gzW7QcLK4sNXYBt2M","user-agent":"Mozilla/5.0 (Windows NT 10.0; Win64; x64) AppleWebKit/537.36 (KHTML, like Gecko) Chrome/146.0.0.0 Safari/537.36","sec-ch-ua":"\"Chromium\";v=\"146\", \"Not-A.Brand\";v=\"24\", \"Google Chrome\";v=\"146\"","sec-ch-ua-mobile":"?0","accept":"*/*","sec-fetch-site":"same-origin","sec-fetch-mode":"cors","sec-fetch-dest":"empty","accept-encoding":"gzip, deflate, br, zstd","accept-language":"fr,en;q=0.9","cookie":"_ga=GA1.1.2005962765.1751293462; _ga_MBK8XVW5R5=GS2.1.s1752234442$o12$g1$t1752237707$j60$l0$h0; XSRF-TOKEN=6832da41796d6493cea1e228d32d1b76d95388129da07d3586540e27a821c755"},"method":"GET","httpVersion":"1.1","originalUrl":"/api/v1/user/profile","query":{}},"res":{"statusCode":200},"responseTime":46}}
2026-04-14T13:04:30.847Z [info] : GET /api/v1/csrf-token 304 41ms {"meta":{"req":{"url":"/api/v1/csrf-token","headers":{"host":"localhost:4000","connection":"keep-alive","sec-ch-ua-platform":"\"Windows\"","user-agent":"Mozilla/5.0 (Windows NT 10.0; Win64; x64) AppleWebKit/537.36 (KHTML, like Gecko) Chrome/146.0.0.0 Safari/537.36","sec-ch-ua":"\"Chromium\";v=\"146\", \"Not-A.Brand\";v=\"24\", \"Google Chrome\";v=\"146\"","sec-ch-ua-mobile":"?0","accept":"*/*","sec-fetch-site":"same-origin","sec-fetch-mode":"cors","sec-fetch-dest":"empty","accept-encoding":"gzip, deflate, br, zstd","accept-language":"fr,en;q=0.9","cookie":"_ga=GA1.1.2005962765.1751293462; _ga_MBK8XVW5R5=GS2.1.s1752234442$o12$g1$t1752237707$j60$l0$h0; XSRF-TOKEN=6832da41796d6493cea1e228d32d1b76d95388129da07d3586540e27a821c755","if-none-match":"W/\"89-+YZVcCPCeOYSXdC7i48CsoY3ufE\""},"method":"GET","httpVersion":"1.1","originalUrl":"/api/v1/csrf-token","query":{}},"res":{"statusCode":304},"responseTime":41}}
2026-04-14T13:04:30.984Z [info] : POST /api/v1/auth/logout 200 121ms {"meta":{"req":{"url":"/api/v1/auth/logout","headers":{"host":"localhost:4000","connection":"keep-alive","content-length":"248","sec-ch-ua-platform":"\"Windows\"","authorization":"Bearer eyJhbGciOiJIUzI1NiIsInR5cCI6IkpXVCJ9.eyJpZCI6MSwibmFtZSI6IkplYW4gS09VQVNTSSIsInJvbGUiOiJQQVRJRU5UIiwiZW1haWwiOm51bGwsInBlcm1pc3Npb25zIjpbXSwiaWF0IjoxNzc2MTY5MTU0LCJleHAiOjE3NzYxNzAwNTR9.jdZFfKgQ3QNGmVt0mGy6OopVd7gzW7QcLK4sNXYBt2M","x-xsrf-token":"6832da41796d6493cea1e228d32d1b76d95388129da07d3586540e27a821c755","user-agent":"Mozilla/5.0 (Windows NT 10.0; Win64; x64) AppleWebKit/537.36 (KHTML, like Gecko) Chrome/146.0.0.0 Safari/537.36","sec-ch-ua":"\"Chromium\";v=\"146\", \"Not-A.Brand\";v=\"24\", \"Google Chrome\";v=\"146\"","content-type":"application/json","sec-ch-ua-mobile":"?0","accept":"*/*","origin":"http://localhost:4000","sec-fetch-site":"same-origin","sec-fetch-mode":"cors","sec-fetch-dest":"empty","accept-encoding":"gzip, deflate, br, zstd","accept-language":"fr,en;q=0.9","cookie":"_ga=GA1.1.2005962765.1751293462; _ga_MBK8XVW5R5=GS2.1.s1752234442$o12$g1$t1752237707$j60$l0$h0; XSRF-TOKEN=6832da41796d6493cea1e228d32d1b76d95388129da07d3586540e27a821c755"},"method":"POST","httpVersion":"1.1","originalUrl":"/api/v1/auth/logout","query":{}},"res":{"statusCode":200},"responseTime":121}}
2026-04-14T13:04:31.048Z [info] : GET /pages/connexion.html 304 2ms {"meta":{"req":{"url":"/pages/connexion.html","headers":{"host":"localhost:4000","connection":"keep-alive","sec-ch-ua":"\"Chromium\";v=\"146\", \"Not-A.Brand\";v=\"24\", \"Google Chrome\";v=\"146\"","sec-ch-ua-mobile":"?0","sec-ch-ua-platform":"\"Windows\"","upgrade-insecure-requests":"1","user-agent":"Mozilla/5.0 (Windows NT 10.0; Win64; x64) AppleWebKit/537.36 (KHTML, like Gecko) Chrome/146.0.0.0 Safari/537.36","accept":"text/html,application/xhtml+xml,application/xml;q=0.9,image/avif,image/webp,image/apng,*/*;q=0.8,application/signed-exchange;v=b3;q=0.7","sec-fetch-site":"same-origin","sec-fetch-mode":"navigate","sec-fetch-user":"?1","sec-fetch-dest":"document","accept-encoding":"gzip, deflate, br, zstd","accept-language":"fr,en;q=0.9","cookie":"_ga=GA1.1.2005962765.1751293462; _ga_MBK8XVW5R5=GS2.1.s1752234442$o12$g1$t1752237707$j60$l0$h0; XSRF-TOKEN=6832da41796d6493cea1e228d32d1b76d95388129da07d3586540e27a821c755","if-none-match":"W/\"ca5-19d87a6c94b\"","if-modified-since":"Mon, 13 Apr 2026 16:22:27 GMT"},"method":"GET","httpVersion":"1.1","originalUrl":"/pages/connexion.html","query":{}},"res":{"statusCode":304},"responseTime":2}}
2026-04-14T13:04:31.193Z [info] : GET /assets/css/style.css 304 2ms {"meta":{"req":{"url":"/assets/css/style.css","headers":{"host":"localhost:4000","connection":"keep-alive","sec-ch-ua-platform":"\"Windows\"","user-agent":"Mozilla/5.0 (Windows NT 10.0; Win64; x64) AppleWebKit/537.36 (KHTML, like Gecko) Chrome/146.0.0.0 Safari/537.36","sec-ch-ua":"\"Chromium\";v=\"146\", \"Not-A.Brand\";v=\"24\", \"Google Chrome\";v=\"146\"","sec-ch-ua-mobile":"?0","accept":"text/css,*/*;q=0.1","sec-fetch-site":"same-origin","sec-fetch-mode":"no-cors","sec-fetch-dest":"style","accept-encoding":"gzip, deflate, br, zstd","accept-language":"fr,en;q=0.9","cookie":"_ga=GA1.1.2005962765.1751293462; _ga_MBK8XVW5R5=GS2.1.s1752234442$o12$g1$t1752237707$j60$l0$h0; XSRF-TOKEN=6832da41796d6493cea1e228d32d1b76d95388129da07d3586540e27a821c755","if-none-match":"W/\"12a5-19d879f1904\"","if-modified-since":"Mon, 13 Apr 2026 16:14:04 GMT"},"method":"GET","httpVersion":"1.1","originalUrl":"/assets/css/style.css","query":{}},"res":{"statusCode":304},"responseTime":2}}
2026-04-14T13:04:35.749Z [info] : GET /pages/connexion-professionnel.html 304 1ms {"meta":{"req":{"url":"/pages/connexion-professionnel.html","headers":{"host":"localhost:4000","connection":"keep-alive","sec-ch-ua":"\"Chromium\";v=\"146\", \"Not-A.Brand\";v=\"24\", \"Google Chrome\";v=\"146\"","sec-ch-ua-mobile":"?0","sec-ch-ua-platform":"\"Windows\"","upgrade-insecure-requests":"1","user-agent":"Mozilla/5.0 (Windows NT 10.0; Win64; x64) AppleWebKit/537.36 (KHTML, like Gecko) Chrome/146.0.0.0 Safari/537.36","accept":"text/html,application/xhtml+xml,application/xml;q=0.9,image/avif,image/webp,image/apng,*/*;q=0.8,application/signed-exchange;v=b3;q=0.7","sec-fetch-site":"same-origin","sec-fetch-mode":"navigate","sec-fetch-user":"?1","sec-fetch-dest":"document","accept-encoding":"gzip, deflate, br, zstd","accept-language":"fr,en;q=0.9","cookie":"_ga=GA1.1.2005962765.1751293462; _ga_MBK8XVW5R5=GS2.1.s1752234442$o12$g1$t1752237707$j60$l0$h0; XSRF-TOKEN=6832da41796d6493cea1e228d32d1b76d95388129da07d3586540e27a821c755","if-none-match":"W/\"14a1-19d87b90f37\"","if-modified-since":"Mon, 13 Apr 2026 16:42:25 GMT"},"method":"GET","httpVersion":"1.1","originalUrl":"/pages/connexion-professionnel.html","query":{}},"res":{"statusCode":304},"responseTime":1}}
2026-04-14T13:04:35.886Z [info] : GET /assets/css/style.css 304 4ms {"meta":{"req":{"url":"/assets/css/style.css","headers":{"host":"localhost:4000","connection":"keep-alive","sec-ch-ua-platform":"\"Windows\"","if-none-match":"W/\"12a5-19d879f1904\"","user-agent":"Mozilla/5.0 (Windows NT 10.0; Win64; x64) AppleWebKit/537.36 (KHTML, like Gecko) Chrome/146.0.0.0 Safari/537.36","sec-ch-ua":"\"Chromium\";v=\"146\", \"Not-A.Brand\";v=\"24\", \"Google Chrome\";v=\"146\"","if-modified-since":"Mon, 13 Apr 2026 16:14:04 GMT","sec-ch-ua-mobile":"?0","accept":"text/css,*/*;q=0.1","sec-fetch-site":"same-origin","sec-fetch-mode":"no-cors","sec-fetch-dest":"style","accept-encoding":"gzip, deflate, br, zstd","accept-language":"fr,en;q=0.9","cookie":"_ga=GA1.1.2005962765.1751293462; _ga_MBK8XVW5R5=GS2.1.s1752234442$o12$g1$t1752237707$j60$l0$h0; XSRF-TOKEN=6832da41796d6493cea1e228d32d1b76d95388129da07d3586540e27a821c755"},"method":"GET","httpVersion":"1.1","originalUrl":"/assets/css/style.css","query":{}},"res":{"statusCode":304},"responseTime":4}}
2026-04-14T13:04:36.007Z [info] : GET /components/form.js 200 16ms {"meta":{"req":{"url":"/components/form.js","headers":{"host":"localhost:4000","connection":"keep-alive","origin":"http://localhost:4000","sec-ch-ua-platform":"\"Windows\"","user-agent":"Mozilla/5.0 (Windows NT 10.0; Win64; x64) AppleWebKit/537.36 (KHTML, like Gecko) Chrome/146.0.0.0 Safari/537.36","sec-ch-ua":"\"Chromium\";v=\"146\", \"Not-A.Brand\";v=\"24\", \"Google Chrome\";v=\"146\"","sec-ch-ua-mobile":"?0","accept":"*/*","sec-fetch-site":"same-origin","sec-fetch-mode":"cors","sec-fetch-dest":"script","accept-encoding":"gzip, deflate, br, zstd","accept-language":"fr,en;q=0.9","cookie":"_ga=GA1.1.2005962765.1751293462; _ga_MBK8XVW5R5=GS2.1.s1752234442$o12$g1$t1752237707$j60$l0$h0; XSRF-TOKEN=6832da41796d6493cea1e228d32d1b76d95388129da07d3586540e27a821c755"},"method":"GET","httpVersion":"1.1","originalUrl":"/components/form.js","query":{}},"res":{"statusCode":200},"responseTime":16}}
2026-04-14T13:04:36.009Z [info] : GET /utils/storage.js 304 8ms {"meta":{"req":{"url":"/utils/storage.js","headers":{"host":"localhost:4000","connection":"keep-alive","origin":"http://localhost:4000","sec-ch-ua-platform":"\"Windows\"","user-agent":"Mozilla/5.0 (Windows NT 10.0; Win64; x64) AppleWebKit/537.36 (KHTML, like Gecko) Chrome/146.0.0.0 Safari/537.36","sec-ch-ua":"\"Chromium\";v=\"146\", \"Not-A.Brand\";v=\"24\", \"Google Chrome\";v=\"146\"","sec-ch-ua-mobile":"?0","accept":"*/*","sec-fetch-site":"same-origin","sec-fetch-mode":"cors","sec-fetch-dest":"script","accept-encoding":"gzip, deflate, br, zstd","accept-language":"fr,en;q=0.9","cookie":"_ga=GA1.1.2005962765.1751293462; _ga_MBK8XVW5R5=GS2.1.s1752234442$o12$g1$t1752237707$j60$l0$h0; XSRF-TOKEN=6832da41796d6493cea1e228d32d1b76d95388129da07d3586540e27a821c755","if-none-match":"W/\"77b-19d879dc33a\"","if-modified-since":"Mon, 13 Apr 2026 16:12:36 GMT"},"method":"GET","httpVersion":"1.1","originalUrl":"/utils/storage.js","query":{}},"res":{"statusCode":304},"responseTime":8}}
2026-04-14T13:04:36.011Z [info] : GET /services/auth.js 304 6ms {"meta":{"req":{"url":"/services/auth.js","headers":{"host":"localhost:4000","connection":"keep-alive","origin":"http://localhost:4000","sec-ch-ua-platform":"\"Windows\"","user-agent":"Mozilla/5.0 (Windows NT 10.0; Win64; x64) AppleWebKit/537.36 (KHTML, like Gecko) Chrome/146.0.0.0 Safari/537.36","sec-ch-ua":"\"Chromium\";v=\"146\", \"Not-A.Brand\";v=\"24\", \"Google Chrome\";v=\"146\"","sec-ch-ua-mobile":"?0","accept":"*/*","sec-fetch-site":"same-origin","sec-fetch-mode":"cors","sec-fetch-dest":"script","accept-encoding":"gzip, deflate, br, zstd","accept-language":"fr,en;q=0.9","cookie":"_ga=GA1.1.2005962765.1751293462; _ga_MBK8XVW5R5=GS2.1.s1752234442$o12$g1$t1752237707$j60$l0$h0; XSRF-TOKEN=6832da41796d6493cea1e228d32d1b76d95388129da07d3586540e27a821c755","if-none-match":"W/\"a19-19d87c7a564\"","if-modified-since":"Mon, 13 Apr 2026 16:58:21 GMT"},"method":"GET","httpVersion":"1.1","originalUrl":"/services/auth.js","query":{}},"res":{"statusCode":304},"responseTime":6}}
2026-04-14T13:04:36.045Z [info] : GET /utils/helpers.js 304 6ms {"meta":{"req":{"url":"/utils/helpers.js","headers":{"host":"localhost:4000","connection":"keep-alive","origin":"http://localhost:4000","sec-ch-ua-platform":"\"Windows\"","user-agent":"Mozilla/5.0 (Windows NT 10.0; Win64; x64) AppleWebKit/537.36 (KHTML, like Gecko) Chrome/146.0.0.0 Safari/537.36","sec-ch-ua":"\"Chromium\";v=\"146\", \"Not-A.Brand\";v=\"24\", \"Google Chrome\";v=\"146\"","sec-ch-ua-mobile":"?0","accept":"*/*","sec-fetch-site":"same-origin","sec-fetch-mode":"cors","sec-fetch-dest":"script","accept-encoding":"gzip, deflate, br, zstd","accept-language":"fr,en;q=0.9","cookie":"_ga=GA1.1.2005962765.1751293462; _ga_MBK8XVW5R5=GS2.1.s1752234442$o12$g1$t1752237707$j60$l0$h0; XSRF-TOKEN=6832da41796d6493cea1e228d32d1b76d95388129da07d3586540e27a821c755","if-none-match":"W/\"b6b-19d87c7a562\"","if-modified-since":"Mon, 13 Apr 2026 16:58:21 GMT"},"method":"GET","httpVersion":"1.1","originalUrl":"/utils/helpers.js","query":{}},"res":{"statusCode":304},"responseTime":6}}
2026-04-14T13:04:36.064Z [info] : GET /components/form.js 200 13ms {"meta":{"req":{"url":"/components/form.js","headers":{"host":"localhost:4000","connection":"keep-alive","user-agent":"Mozilla/5.0 (Windows NT 10.0; Win64; x64) AppleWebKit/537.36 (KHTML, like Gecko) Chrome/146.0.0.0 Safari/537.36","accept":"*/*","sec-fetch-site":"none","sec-fetch-mode":"cors","sec-fetch-dest":"empty","sec-fetch-storage-access":"active","accept-encoding":"gzip, deflate, br, zstd","accept-language":"fr,en;q=0.9","cookie":"_ga=GA1.1.2005962765.1751293462; _ga_MBK8XVW5R5=GS2.1.s1752234442$o12$g1$t1752237707$j60$l0$h0; XSRF-TOKEN=6832da41796d6493cea1e228d32d1b76d95388129da07d3586540e27a821c755"},"method":"GET","httpVersion":"1.1","originalUrl":"/components/form.js","query":{}},"res":{"statusCode":200},"responseTime":13}}
2026-04-14T13:04:36.074Z [info] : GET /services/api.js 304 1ms {"meta":{"req":{"url":"/services/api.js","headers":{"host":"localhost:4000","connection":"keep-alive","origin":"http://localhost:4000","sec-ch-ua-platform":"\"Windows\"","user-agent":"Mozilla/5.0 (Windows NT 10.0; Win64; x64) AppleWebKit/537.36 (KHTML, like Gecko) Chrome/146.0.0.0 Safari/537.36","sec-ch-ua":"\"Chromium\";v=\"146\", \"Not-A.Brand\";v=\"24\", \"Google Chrome\";v=\"146\"","sec-ch-ua-mobile":"?0","accept":"*/*","sec-fetch-site":"same-origin","sec-fetch-mode":"cors","sec-fetch-dest":"script","accept-encoding":"gzip, deflate, br, zstd","accept-language":"fr,en;q=0.9","cookie":"_ga=GA1.1.2005962765.1751293462; _ga_MBK8XVW5R5=GS2.1.s1752234442$o12$g1$t1752237707$j60$l0$h0; XSRF-TOKEN=6832da41796d6493cea1e228d32d1b76d95388129da07d3586540e27a821c755","if-none-match":"W/\"cb6-19d879e679f\"","if-modified-since":"Mon, 13 Apr 2026 16:13:18 GMT"},"method":"GET","httpVersion":"1.1","originalUrl":"/services/api.js","query":{}},"res":{"statusCode":304},"responseTime":1}}
2026-04-14T13:04:36.088Z [info] : GET /utils/access.js 304 2ms {"meta":{"req":{"url":"/utils/access.js","headers":{"host":"localhost:4000","connection":"keep-alive","origin":"http://localhost:4000","sec-ch-ua-platform":"\"Windows\"","user-agent":"Mozilla/5.0 (Windows NT 10.0; Win64; x64) AppleWebKit/537.36 (KHTML, like Gecko) Chrome/146.0.0.0 Safari/537.36","sec-ch-ua":"\"Chromium\";v=\"146\", \"Not-A.Brand\";v=\"24\", \"Google Chrome\";v=\"146\"","sec-ch-ua-mobile":"?0","accept":"*/*","sec-fetch-site":"same-origin","sec-fetch-mode":"cors","sec-fetch-dest":"script","accept-encoding":"gzip, deflate, br, zstd","accept-language":"fr,en;q=0.9","cookie":"_ga=GA1.1.2005962765.1751293462; _ga_MBK8XVW5R5=GS2.1.s1752234442$o12$g1$t1752237707$j60$l0$h0; XSRF-TOKEN=6832da41796d6493cea1e228d32d1b76d95388129da07d3586540e27a821c755","if-none-match":"W/\"1d1-19d879dc337\"","if-modified-since":"Mon, 13 Apr 2026 16:12:36 GMT"},"method":"GET","httpVersion":"1.1","originalUrl":"/utils/access.js","query":{}},"res":{"statusCode":304},"responseTime":2}}
2026-04-14T13:04:36.158Z [info] : GET /config.js 304 1ms {"meta":{"req":{"url":"/config.js","headers":{"host":"localhost:4000","connection":"keep-alive","origin":"http://localhost:4000","sec-ch-ua-platform":"\"Windows\"","user-agent":"Mozilla/5.0 (Windows NT 10.0; Win64; x64) AppleWebKit/537.36 (KHTML, like Gecko) Chrome/146.0.0.0 Safari/537.36","sec-ch-ua":"\"Chromium\";v=\"146\", \"Not-A.Brand\";v=\"24\", \"Google Chrome\";v=\"146\"","sec-ch-ua-mobile":"?0","accept":"*/*","sec-fetch-site":"same-origin","sec-fetch-mode":"cors","sec-fetch-dest":"script","accept-encoding":"gzip, deflate, br, zstd","accept-language":"fr,en;q=0.9","cookie":"_ga=GA1.1.2005962765.1751293462; _ga_MBK8XVW5R5=GS2.1.s1752234442$o12$g1$t1752237707$j60$l0$h0; XSRF-TOKEN=6832da41796d6493cea1e228d32d1b76d95388129da07d3586540e27a821c755","if-none-match":"W/\"3c-19d8763ba17\"","if-modified-since":"Mon, 13 Apr 2026 15:09:13 GMT"},"method":"GET","httpVersion":"1.1","originalUrl":"/config.js","query":{}},"res":{"statusCode":304},"responseTime":1}}
2026-04-14T13:05:10.713Z [info] : GET /api/v1/csrf-token 304 1ms {"meta":{"req":{"url":"/api/v1/csrf-token","headers":{"host":"localhost:4000","connection":"keep-alive","sec-ch-ua-platform":"\"Windows\"","user-agent":"Mozilla/5.0 (Windows NT 10.0; Win64; x64) AppleWebKit/537.36 (KHTML, like Gecko) Chrome/146.0.0.0 Safari/537.36","sec-ch-ua":"\"Chromium\";v=\"146\", \"Not-A.Brand\";v=\"24\", \"Google Chrome\";v=\"146\"","sec-ch-ua-mobile":"?0","accept":"*/*","sec-fetch-site":"same-origin","sec-fetch-mode":"cors","sec-fetch-dest":"empty","accept-encoding":"gzip, deflate, br, zstd","accept-language":"fr,en;q=0.9","cookie":"_ga=GA1.1.2005962765.1751293462; _ga_MBK8XVW5R5=GS2.1.s1752234442$o12$g1$t1752237707$j60$l0$h0; XSRF-TOKEN=6832da41796d6493cea1e228d32d1b76d95388129da07d3586540e27a821c755","if-none-match":"W/\"89-+YZVcCPCeOYSXdC7i48CsoY3ufE\""},"method":"GET","httpVersion":"1.1","originalUrl":"/api/v1/csrf-token","query":{}},"res":{"statusCode":304},"responseTime":1}}
2026-04-14T13:05:10.958Z [info] : DEV OTP generated for request 6: 033586 
2026-04-14T13:05:10.971Z [info] : POST /api/v1/auth/login 200 245ms {"meta":{"req":{"url":"/api/v1/auth/login","headers":{"host":"localhost:4000","connection":"keep-alive","content-length":"91","sec-ch-ua-platform":"\"Windows\"","x-xsrf-token":"6832da41796d6493cea1e228d32d1b76d95388129da07d3586540e27a821c755","user-agent":"Mozilla/5.0 (Windows NT 10.0; Win64; x64) AppleWebKit/537.36 (KHTML, like Gecko) Chrome/146.0.0.0 Safari/537.36","sec-ch-ua":"\"Chromium\";v=\"146\", \"Not-A.Brand\";v=\"24\", \"Google Chrome\";v=\"146\"","content-type":"application/json","sec-ch-ua-mobile":"?0","accept":"*/*","origin":"http://localhost:4000","sec-fetch-site":"same-origin","sec-fetch-mode":"cors","sec-fetch-dest":"empty","accept-encoding":"gzip, deflate, br, zstd","accept-language":"fr,en;q=0.9","cookie":"_ga=GA1.1.2005962765.1751293462; _ga_MBK8XVW5R5=GS2.1.s1752234442$o12$g1$t1752237707$j60$l0$h0; XSRF-TOKEN=6832da41796d6493cea1e228d32d1b76d95388129da07d3586540e27a821c755"},"method":"POST","httpVersion":"1.1","originalUrl":"/api/v1/auth/login","query":{}},"res":{"statusCode":200},"responseTime":245}}
2026-04-14T13:05:31.967Z [info] : POST /api/v1/auth/verify-mfa 200 64ms {"meta":{"req":{"url":"/api/v1/auth/verify-mfa","headers":{"host":"localhost:4000","connection":"keep-alive","content-length":"37","sec-ch-ua-platform":"\"Windows\"","x-xsrf-token":"6832da41796d6493cea1e228d32d1b76d95388129da07d3586540e27a821c755","user-agent":"Mozilla/5.0 (Windows NT 10.0; Win64; x64) AppleWebKit/537.36 (KHTML, like Gecko) Chrome/146.0.0.0 Safari/537.36","sec-ch-ua":"\"Chromium\";v=\"146\", \"Not-A.Brand\";v=\"24\", \"Google Chrome\";v=\"146\"","content-type":"application/json","sec-ch-ua-mobile":"?0","accept":"*/*","origin":"http://localhost:4000","sec-fetch-site":"same-origin","sec-fetch-mode":"cors","sec-fetch-dest":"empty","accept-encoding":"gzip, deflate, br, zstd","accept-language":"fr,en;q=0.9","cookie":"_ga=GA1.1.2005962765.1751293462; _ga_MBK8XVW5R5=GS2.1.s1752234442$o12$g1$t1752237707$j60$l0$h0; XSRF-TOKEN=6832da41796d6493cea1e228d32d1b76d95388129da07d3586540e27a821c755"},"method":"POST","httpVersion":"1.1","originalUrl":"/api/v1/auth/verify-mfa","query":{}},"res":{"statusCode":200},"responseTime":64}}
2026-04-14T13:05:31.989Z [info] : GET /pages/dashboard-professional.html 200 3ms {"meta":{"req":{"url":"/pages/dashboard-professional.html","headers":{"host":"localhost:4000","connection":"keep-alive","sec-ch-ua":"\"Chromium\";v=\"146\", \"Not-A.Brand\";v=\"24\", \"Google Chrome\";v=\"146\"","sec-ch-ua-mobile":"?0","sec-ch-ua-platform":"\"Windows\"","upgrade-insecure-requests":"1","user-agent":"Mozilla/5.0 (Windows NT 10.0; Win64; x64) AppleWebKit/537.36 (KHTML, like Gecko) Chrome/146.0.0.0 Safari/537.36","accept":"text/html,application/xhtml+xml,application/xml;q=0.9,image/avif,image/webp,image/apng,*/*;q=0.8,application/signed-exchange;v=b3;q=0.7","sec-fetch-site":"same-origin","sec-fetch-mode":"navigate","sec-fetch-user":"?1","sec-fetch-dest":"document","accept-encoding":"gzip, deflate, br, zstd","accept-language":"fr,en;q=0.9","cookie":"_ga=GA1.1.2005962765.1751293462; _ga_MBK8XVW5R5=GS2.1.s1752234442$o12$g1$t1752237707$j60$l0$h0; XSRF-TOKEN=6832da41796d6493cea1e228d32d1b76d95388129da07d3586540e27a821c755"},"method":"GET","httpVersion":"1.1","originalUrl":"/pages/dashboard-professional.html","query":{}},"res":{"statusCode":200},"responseTime":3}}
2026-04-14T13:05:32.088Z [info] : GET /assets/css/style.css 304 1ms {"meta":{"req":{"url":"/assets/css/style.css","headers":{"host":"localhost:4000","connection":"keep-alive","sec-ch-ua-platform":"\"Windows\"","user-agent":"Mozilla/5.0 (Windows NT 10.0; Win64; x64) AppleWebKit/537.36 (KHTML, like Gecko) Chrome/146.0.0.0 Safari/537.36","sec-ch-ua":"\"Chromium\";v=\"146\", \"Not-A.Brand\";v=\"24\", \"Google Chrome\";v=\"146\"","sec-ch-ua-mobile":"?0","accept":"text/css,*/*;q=0.1","sec-fetch-site":"same-origin","sec-fetch-mode":"no-cors","sec-fetch-dest":"style","accept-encoding":"gzip, deflate, br, zstd","accept-language":"fr,en;q=0.9","cookie":"_ga=GA1.1.2005962765.1751293462; _ga_MBK8XVW5R5=GS2.1.s1752234442$o12$g1$t1752237707$j60$l0$h0; XSRF-TOKEN=6832da41796d6493cea1e228d32d1b76d95388129da07d3586540e27a821c755","if-none-match":"W/\"12a5-19d879f1904\"","if-modified-since":"Mon, 13 Apr 2026 16:14:04 GMT"},"method":"GET","httpVersion":"1.1","originalUrl":"/assets/css/style.css","query":{}},"res":{"statusCode":304},"responseTime":1}}
2026-04-14T13:05:32.464Z [info] : GET /components/modal.js 200 6ms {"meta":{"req":{"url":"/components/modal.js","headers":{"host":"localhost:4000","connection":"keep-alive","origin":"http://localhost:4000","sec-ch-ua-platform":"\"Windows\"","user-agent":"Mozilla/5.0 (Windows NT 10.0; Win64; x64) AppleWebKit/537.36 (KHTML, like Gecko) Chrome/146.0.0.0 Safari/537.36","sec-ch-ua":"\"Chromium\";v=\"146\", \"Not-A.Brand\";v=\"24\", \"Google Chrome\";v=\"146\"","sec-ch-ua-mobile":"?0","accept":"*/*","sec-fetch-site":"same-origin","sec-fetch-mode":"cors","sec-fetch-dest":"script","accept-encoding":"gzip, deflate, br, zstd","accept-language":"fr,en;q=0.9","cookie":"_ga=GA1.1.2005962765.1751293462; _ga_MBK8XVW5R5=GS2.1.s1752234442$o12$g1$t1752237707$j60$l0$h0; XSRF-TOKEN=6832da41796d6493cea1e228d32d1b76d95388129da07d3586540e27a821c755"},"method":"GET","httpVersion":"1.1","originalUrl":"/components/modal.js","query":{}},"res":{"statusCode":200},"responseTime":6}}
2026-04-14T13:05:32.469Z [info] : GET /services/patients.js 200 10ms {"meta":{"req":{"url":"/services/patients.js","headers":{"host":"localhost:4000","connection":"keep-alive","origin":"http://localhost:4000","sec-ch-ua-platform":"\"Windows\"","user-agent":"Mozilla/5.0 (Windows NT 10.0; Win64; x64) AppleWebKit/537.36 (KHTML, like Gecko) Chrome/146.0.0.0 Safari/537.36","sec-ch-ua":"\"Chromium\";v=\"146\", \"Not-A.Brand\";v=\"24\", \"Google Chrome\";v=\"146\"","sec-ch-ua-mobile":"?0","accept":"*/*","sec-fetch-site":"same-origin","sec-fetch-mode":"cors","sec-fetch-dest":"script","accept-encoding":"gzip, deflate, br, zstd","accept-language":"fr,en;q=0.9","cookie":"_ga=GA1.1.2005962765.1751293462; _ga_MBK8XVW5R5=GS2.1.s1752234442$o12$g1$t1752237707$j60$l0$h0; XSRF-TOKEN=6832da41796d6493cea1e228d32d1b76d95388129da07d3586540e27a821c755"},"method":"GET","httpVersion":"1.1","originalUrl":"/services/patients.js","query":{}},"res":{"statusCode":200},"responseTime":10}}
2026-04-14T13:05:32.472Z [info] : GET /components/navbar.js 304 4ms {"meta":{"req":{"url":"/components/navbar.js","headers":{"host":"localhost:4000","connection":"keep-alive","origin":"http://localhost:4000","sec-ch-ua-platform":"\"Windows\"","user-agent":"Mozilla/5.0 (Windows NT 10.0; Win64; x64) AppleWebKit/537.36 (KHTML, like Gecko) Chrome/146.0.0.0 Safari/537.36","sec-ch-ua":"\"Chromium\";v=\"146\", \"Not-A.Brand\";v=\"24\", \"Google Chrome\";v=\"146\"","sec-ch-ua-mobile":"?0","accept":"*/*","sec-fetch-site":"same-origin","sec-fetch-mode":"cors","sec-fetch-dest":"script","accept-encoding":"gzip, deflate, br, zstd","accept-language":"fr,en;q=0.9","cookie":"_ga=GA1.1.2005962765.1751293462; _ga_MBK8XVW5R5=GS2.1.s1752234442$o12$g1$t1752237707$j60$l0$h0; XSRF-TOKEN=6832da41796d6493cea1e228d32d1b76d95388129da07d3586540e27a821c755","if-none-match":"W/\"63d-19d879dc33e\"","if-modified-since":"Mon, 13 Apr 2026 16:12:36 GMT"},"method":"GET","httpVersion":"1.1","originalUrl":"/components/navbar.js","query":{}},"res":{"statusCode":304},"responseTime":4}}
2026-04-14T13:05:32.476Z [info] : GET /components/data-table.js 304 7ms {"meta":{"req":{"url":"/components/data-table.js","headers":{"host":"localhost:4000","connection":"keep-alive","origin":"http://localhost:4000","sec-ch-ua-platform":"\"Windows\"","user-agent":"Mozilla/5.0 (Windows NT 10.0; Win64; x64) AppleWebKit/537.36 (KHTML, like Gecko) Chrome/146.0.0.0 Safari/537.36","sec-ch-ua":"\"Chromium\";v=\"146\", \"Not-A.Brand\";v=\"24\", \"Google Chrome\";v=\"146\"","sec-ch-ua-mobile":"?0","accept":"*/*","sec-fetch-site":"same-origin","sec-fetch-mode":"cors","sec-fetch-dest":"script","accept-encoding":"gzip, deflate, br, zstd","accept-language":"fr,en;q=0.9","cookie":"_ga=GA1.1.2005962765.1751293462; _ga_MBK8XVW5R5=GS2.1.s1752234442$o12$g1$t1752237707$j60$l0$h0; XSRF-TOKEN=6832da41796d6493cea1e228d32d1b76d95388129da07d3586540e27a821c755","if-none-match":"W/\"396-19d879dc340\"","if-modified-since":"Mon, 13 Apr 2026 16:12:36 GMT"},"method":"GET","httpVersion":"1.1","originalUrl":"/components/data-table.js","query":{}},"res":{"statusCode":304},"responseTime":7}}
2026-04-14T13:05:32.478Z [info] : GET /components/form.js 304 9ms {"meta":{"req":{"url":"/components/form.js","headers":{"host":"localhost:4000","connection":"keep-alive","origin":"http://localhost:4000","sec-ch-ua-platform":"\"Windows\"","user-agent":"Mozilla/5.0 (Windows NT 10.0; Win64; x64) AppleWebKit/537.36 (KHTML, like Gecko) Chrome/146.0.0.0 Safari/537.36","sec-ch-ua":"\"Chromium\";v=\"146\", \"Not-A.Brand\";v=\"24\", \"Google Chrome\";v=\"146\"","sec-ch-ua-mobile":"?0","accept":"*/*","sec-fetch-site":"same-origin","sec-fetch-mode":"cors","sec-fetch-dest":"script","accept-encoding":"gzip, deflate, br, zstd","accept-language":"fr,en;q=0.9","cookie":"_ga=GA1.1.2005962765.1751293462; _ga_MBK8XVW5R5=GS2.1.s1752234442$o12$g1$t1752237707$j60$l0$h0; XSRF-TOKEN=6832da41796d6493cea1e228d32d1b76d95388129da07d3586540e27a821c755","if-none-match":"W/\"298-19d879dc341\"","if-modified-since":"Mon, 13 Apr 2026 16:12:36 GMT"},"method":"GET","httpVersion":"1.1","originalUrl":"/components/form.js","query":{}},"res":{"statusCode":304},"responseTime":9}}
2026-04-14T13:05:32.481Z [info] : GET /components/sidebar.js 304 13ms {"meta":{"req":{"url":"/components/sidebar.js","headers":{"host":"localhost:4000","connection":"keep-alive","origin":"http://localhost:4000","sec-ch-ua-platform":"\"Windows\"","user-agent":"Mozilla/5.0 (Windows NT 10.0; Win64; x64) AppleWebKit/537.36 (KHTML, like Gecko) Chrome/146.0.0.0 Safari/537.36","sec-ch-ua":"\"Chromium\";v=\"146\", \"Not-A.Brand\";v=\"24\", \"Google Chrome\";v=\"146\"","sec-ch-ua-mobile":"?0","accept":"*/*","sec-fetch-site":"same-origin","sec-fetch-mode":"cors","sec-fetch-dest":"script","accept-encoding":"gzip, deflate, br, zstd","accept-language":"fr,en;q=0.9","cookie":"_ga=GA1.1.2005962765.1751293462; _ga_MBK8XVW5R5=GS2.1.s1752234442$o12$g1$t1752237707$j60$l0$h0; XSRF-TOKEN=6832da41796d6493cea1e228d32d1b76d95388129da07d3586540e27a821c755","if-none-match":"W/\"4b9-19d879dc33f\"","if-modified-since":"Mon, 13 Apr 2026 16:12:36 GMT"},"method":"GET","httpVersion":"1.1","originalUrl":"/components/sidebar.js","query":{}},"res":{"statusCode":304},"responseTime":13}}
2026-04-14T13:05:32.487Z [info] : GET /utils/guards.js 304 3ms {"meta":{"req":{"url":"/utils/guards.js","headers":{"host":"localhost:4000","connection":"keep-alive","origin":"http://localhost:4000","sec-ch-ua-platform":"\"Windows\"","user-agent":"Mozilla/5.0 (Windows NT 10.0; Win64; x64) AppleWebKit/537.36 (KHTML, like Gecko) Chrome/146.0.0.0 Safari/537.36","sec-ch-ua":"\"Chromium\";v=\"146\", \"Not-A.Brand\";v=\"24\", \"Google Chrome\";v=\"146\"","sec-ch-ua-mobile":"?0","accept":"*/*","sec-fetch-site":"same-origin","sec-fetch-mode":"cors","sec-fetch-dest":"script","accept-encoding":"gzip, deflate, br, zstd","accept-language":"fr,en;q=0.9","cookie":"_ga=GA1.1.2005962765.1751293462; _ga_MBK8XVW5R5=GS2.1.s1752234442$o12$g1$t1752237707$j60$l0$h0; XSRF-TOKEN=6832da41796d6493cea1e228d32d1b76d95388129da07d3586540e27a821c755","if-none-match":"W/\"497-19d879dc33c\"","if-modified-since":"Mon, 13 Apr 2026 16:12:36 GMT"},"method":"GET","httpVersion":"1.1","originalUrl":"/utils/guards.js","query":{}},"res":{"statusCode":304},"responseTime":3}}
2026-04-14T13:05:32.489Z [info] : GET /utils/access.js 304 5ms {"meta":{"req":{"url":"/utils/access.js","headers":{"host":"localhost:4000","connection":"keep-alive","origin":"http://localhost:4000","sec-ch-ua-platform":"\"Windows\"","user-agent":"Mozilla/5.0 (Windows NT 10.0; Win64; x64) AppleWebKit/537.36 (KHTML, like Gecko) Chrome/146.0.0.0 Safari/537.36","sec-ch-ua":"\"Chromium\";v=\"146\", \"Not-A.Brand\";v=\"24\", \"Google Chrome\";v=\"146\"","sec-ch-ua-mobile":"?0","accept":"*/*","sec-fetch-site":"same-origin","sec-fetch-mode":"cors","sec-fetch-dest":"script","accept-encoding":"gzip, deflate, br, zstd","accept-language":"fr,en;q=0.9","cookie":"_ga=GA1.1.2005962765.1751293462; _ga_MBK8XVW5R5=GS2.1.s1752234442$o12$g1$t1752237707$j60$l0$h0; XSRF-TOKEN=6832da41796d6493cea1e228d32d1b76d95388129da07d3586540e27a821c755","if-none-match":"W/\"1d1-19d879dc337\"","if-modified-since":"Mon, 13 Apr 2026 16:12:36 GMT"},"method":"GET","httpVersion":"1.1","originalUrl":"/utils/access.js","query":{}},"res":{"statusCode":304},"responseTime":5}}
2026-04-14T13:05:32.492Z [info] : GET /utils/helpers.js 304 7ms {"meta":{"req":{"url":"/utils/helpers.js","headers":{"host":"localhost:4000","connection":"keep-alive","origin":"http://localhost:4000","sec-ch-ua-platform":"\"Windows\"","user-agent":"Mozilla/5.0 (Windows NT 10.0; Win64; x64) AppleWebKit/537.36 (KHTML, like Gecko) Chrome/146.0.0.0 Safari/537.36","sec-ch-ua":"\"Chromium\";v=\"146\", \"Not-A.Brand\";v=\"24\", \"Google Chrome\";v=\"146\"","sec-ch-ua-mobile":"?0","accept":"*/*","sec-fetch-site":"same-origin","sec-fetch-mode":"cors","sec-fetch-dest":"script","accept-encoding":"gzip, deflate, br, zstd","accept-language":"fr,en;q=0.9","cookie":"_ga=GA1.1.2005962765.1751293462; _ga_MBK8XVW5R5=GS2.1.s1752234442$o12$g1$t1752237707$j60$l0$h0; XSRF-TOKEN=6832da41796d6493cea1e228d32d1b76d95388129da07d3586540e27a821c755","if-none-match":"W/\"b6b-19d87c7a562\"","if-modified-since":"Mon, 13 Apr 2026 16:58:21 GMT"},"method":"GET","httpVersion":"1.1","originalUrl":"/utils/helpers.js","query":{}},"res":{"statusCode":304},"responseTime":7}}
2026-04-14T13:05:32.494Z [info] : GET /utils/storage.js 304 8ms {"meta":{"req":{"url":"/utils/storage.js","headers":{"host":"localhost:4000","connection":"keep-alive","origin":"http://localhost:4000","sec-ch-ua-platform":"\"Windows\"","user-agent":"Mozilla/5.0 (Windows NT 10.0; Win64; x64) AppleWebKit/537.36 (KHTML, like Gecko) Chrome/146.0.0.0 Safari/537.36","sec-ch-ua":"\"Chromium\";v=\"146\", \"Not-A.Brand\";v=\"24\", \"Google Chrome\";v=\"146\"","sec-ch-ua-mobile":"?0","accept":"*/*","sec-fetch-site":"same-origin","sec-fetch-mode":"cors","sec-fetch-dest":"script","accept-encoding":"gzip, deflate, br, zstd","accept-language":"fr,en;q=0.9","cookie":"_ga=GA1.1.2005962765.1751293462; _ga_MBK8XVW5R5=GS2.1.s1752234442$o12$g1$t1752237707$j60$l0$h0; XSRF-TOKEN=6832da41796d6493cea1e228d32d1b76d95388129da07d3586540e27a821c755","if-none-match":"W/\"77b-19d879dc33a\"","if-modified-since":"Mon, 13 Apr 2026 16:12:36 GMT"},"method":"GET","httpVersion":"1.1","originalUrl":"/utils/storage.js","query":{}},"res":{"statusCode":304},"responseTime":8}}
2026-04-14T13:05:32.501Z [info] : GET /services/api.js 304 4ms {"meta":{"req":{"url":"/services/api.js","headers":{"host":"localhost:4000","connection":"keep-alive","origin":"http://localhost:4000","sec-ch-ua-platform":"\"Windows\"","user-agent":"Mozilla/5.0 (Windows NT 10.0; Win64; x64) AppleWebKit/537.36 (KHTML, like Gecko) Chrome/146.0.0.0 Safari/537.36","sec-ch-ua":"\"Chromium\";v=\"146\", \"Not-A.Brand\";v=\"24\", \"Google Chrome\";v=\"146\"","sec-ch-ua-mobile":"?0","accept":"*/*","sec-fetch-site":"same-origin","sec-fetch-mode":"cors","sec-fetch-dest":"script","accept-encoding":"gzip, deflate, br, zstd","accept-language":"fr,en;q=0.9","cookie":"_ga=GA1.1.2005962765.1751293462; _ga_MBK8XVW5R5=GS2.1.s1752234442$o12$g1$t1752237707$j60$l0$h0; XSRF-TOKEN=6832da41796d6493cea1e228d32d1b76d95388129da07d3586540e27a821c755","if-none-match":"W/\"cb6-19d879e679f\"","if-modified-since":"Mon, 13 Apr 2026 16:13:18 GMT"},"method":"GET","httpVersion":"1.1","originalUrl":"/services/api.js","query":{}},"res":{"statusCode":304},"responseTime":4}}
2026-04-14T13:05:32.503Z [info] : GET /services/auth.js 304 3ms {"meta":{"req":{"url":"/services/auth.js","headers":{"host":"localhost:4000","connection":"keep-alive","origin":"http://localhost:4000","sec-ch-ua-platform":"\"Windows\"","user-agent":"Mozilla/5.0 (Windows NT 10.0; Win64; x64) AppleWebKit/537.36 (KHTML, like Gecko) Chrome/146.0.0.0 Safari/537.36","sec-ch-ua":"\"Chromium\";v=\"146\", \"Not-A.Brand\";v=\"24\", \"Google Chrome\";v=\"146\"","sec-ch-ua-mobile":"?0","accept":"*/*","sec-fetch-site":"same-origin","sec-fetch-mode":"cors","sec-fetch-dest":"script","accept-encoding":"gzip, deflate, br, zstd","accept-language":"fr,en;q=0.9","cookie":"_ga=GA1.1.2005962765.1751293462; _ga_MBK8XVW5R5=GS2.1.s1752234442$o12$g1$t1752237707$j60$l0$h0; XSRF-TOKEN=6832da41796d6493cea1e228d32d1b76d95388129da07d3586540e27a821c755","if-none-match":"W/\"a19-19d87c7a564\"","if-modified-since":"Mon, 13 Apr 2026 16:58:21 GMT"},"method":"GET","httpVersion":"1.1","originalUrl":"/services/auth.js","query":{}},"res":{"statusCode":304},"responseTime":3}}
2026-04-14T13:05:32.507Z [info] : GET /components/modal.js 200 7ms {"meta":{"req":{"url":"/components/modal.js","headers":{"host":"localhost:4000","connection":"keep-alive","user-agent":"Mozilla/5.0 (Windows NT 10.0; Win64; x64) AppleWebKit/537.36 (KHTML, like Gecko) Chrome/146.0.0.0 Safari/537.36","accept":"*/*","sec-fetch-site":"none","sec-fetch-mode":"cors","sec-fetch-dest":"empty","sec-fetch-storage-access":"active","accept-encoding":"gzip, deflate, br, zstd","accept-language":"fr,en;q=0.9","cookie":"_ga=GA1.1.2005962765.1751293462; _ga_MBK8XVW5R5=GS2.1.s1752234442$o12$g1$t1752237707$j60$l0$h0; XSRF-TOKEN=6832da41796d6493cea1e228d32d1b76d95388129da07d3586540e27a821c755"},"method":"GET","httpVersion":"1.1","originalUrl":"/components/modal.js","query":{}},"res":{"statusCode":200},"responseTime":7}}
2026-04-14T13:05:32.510Z [info] : GET /config.js 304 1ms {"meta":{"req":{"url":"/config.js","headers":{"host":"localhost:4000","connection":"keep-alive","origin":"http://localhost:4000","sec-ch-ua-platform":"\"Windows\"","user-agent":"Mozilla/5.0 (Windows NT 10.0; Win64; x64) AppleWebKit/537.36 (KHTML, like Gecko) Chrome/146.0.0.0 Safari/537.36","sec-ch-ua":"\"Chromium\";v=\"146\", \"Not-A.Brand\";v=\"24\", \"Google Chrome\";v=\"146\"","sec-ch-ua-mobile":"?0","accept":"*/*","sec-fetch-site":"same-origin","sec-fetch-mode":"cors","sec-fetch-dest":"script","accept-encoding":"gzip, deflate, br, zstd","accept-language":"fr,en;q=0.9","cookie":"_ga=GA1.1.2005962765.1751293462; _ga_MBK8XVW5R5=GS2.1.s1752234442$o12$g1$t1752237707$j60$l0$h0; XSRF-TOKEN=6832da41796d6493cea1e228d32d1b76d95388129da07d3586540e27a821c755","if-none-match":"W/\"3c-19d8763ba17\"","if-modified-since":"Mon, 13 Apr 2026 15:09:13 GMT"},"method":"GET","httpVersion":"1.1","originalUrl":"/config.js","query":{}},"res":{"statusCode":304},"responseTime":1}}
2026-04-14T13:05:32.616Z [info] : GET /api/v1/patients?search=&page=1&pageSize=20 200 79ms {"meta":{"req":{"url":"/api/v1/patients?search=&page=1&pageSize=20","headers":{"host":"localhost:4000","connection":"keep-alive","sec-ch-ua-platform":"\"Windows\"","authorization":"Bearer eyJhbGciOiJIUzI1NiIsInR5cCI6IkpXVCJ9.eyJpZCI6MiwibmFtZSI6IkRyIEplYW4gS09VQVNTSSIsInJvbGUiOiJQUk9GRVNTSU9OQUwiLCJlbWFpbCI6ImRyLmtvdWFzc2lAY2h1LWFiaWRqYW4uY2kiLCJwZXJtaXNzaW9ucyI6WyJyZWFkX3BhdGllbnQiLCJ3cml0ZV9wYXRpZW50IiwicHJlc2NyaWJlIl0sImlhdCI6MTc3NjE3MTkzMSwiZXhwIjoxNzc2MTcyODMxfQ.o6tWz9PbWmEkrwqrcn01Dbt8svJ-_Q68i5rYuSws9Lo","user-agent":"Mozilla/5.0 (Windows NT 10.0; Win64; x64) AppleWebKit/537.36 (KHTML, like Gecko) Chrome/146.0.0.0 Safari/537.36","sec-ch-ua":"\"Chromium\";v=\"146\", \"Not-A.Brand\";v=\"24\", \"Google Chrome\";v=\"146\"","sec-ch-ua-mobile":"?0","accept":"*/*","sec-fetch-site":"same-origin","sec-fetch-mode":"cors","sec-fetch-dest":"empty","accept-encoding":"gzip, deflate, br, zstd","accept-language":"fr,en;q=0.9","cookie":"_ga=GA1.1.2005962765.1751293462; _ga_MBK8XVW5R5=GS2.1.s1752234442$o12$g1$t1752237707$j60$l0$h0; XSRF-TOKEN=6832da41796d6493cea1e228d32d1b76d95388129da07d3586540e27a821c755"},"method":"GET","httpVersion":"1.1","originalUrl":"/api/v1/patients?search=&page=1&pageSize=20","query":{"search":"","page":"1","pageSize":"20"}},"res":{"statusCode":200},"responseTime":79}}
2026-04-14T13:06:07.081Z [info] : GET /api/v1/patients?search=f&page=1&pageSize=20 200 8ms {"meta":{"req":{"url":"/api/v1/patients?search=f&page=1&pageSize=20","headers":{"host":"localhost:4000","connection":"keep-alive","sec-ch-ua-platform":"\"Windows\"","authorization":"Bearer eyJhbGciOiJIUzI1NiIsInR5cCI6IkpXVCJ9.eyJpZCI6MiwibmFtZSI6IkRyIEplYW4gS09VQVNTSSIsInJvbGUiOiJQUk9GRVNTSU9OQUwiLCJlbWFpbCI6ImRyLmtvdWFzc2lAY2h1LWFiaWRqYW4uY2kiLCJwZXJtaXNzaW9ucyI6WyJyZWFkX3BhdGllbnQiLCJ3cml0ZV9wYXRpZW50IiwicHJlc2NyaWJlIl0sImlhdCI6MTc3NjE3MTkzMSwiZXhwIjoxNzc2MTcyODMxfQ.o6tWz9PbWmEkrwqrcn01Dbt8svJ-_Q68i5rYuSws9Lo","user-agent":"Mozilla/5.0 (Windows NT 10.0; Win64; x64) AppleWebKit/537.36 (KHTML, like Gecko) Chrome/146.0.0.0 Safari/537.36","sec-ch-ua":"\"Chromium\";v=\"146\", \"Not-A.Brand\";v=\"24\", \"Google Chrome\";v=\"146\"","sec-ch-ua-mobile":"?0","accept":"*/*","sec-fetch-site":"same-origin","sec-fetch-mode":"cors","sec-fetch-dest":"empty","accept-encoding":"gzip, deflate, br, zstd","accept-language":"fr,en;q=0.9","cookie":"_ga=GA1.1.2005962765.1751293462; _ga_MBK8XVW5R5=GS2.1.s1752234442$o12$g1$t1752237707$j60$l0$h0; XSRF-TOKEN=6832da41796d6493cea1e228d32d1b76d95388129da07d3586540e27a821c755"},"method":"GET","httpVersion":"1.1","originalUrl":"/api/v1/patients?search=f&page=1&pageSize=20","query":{"search":"f","page":"1","pageSize":"20"}},"res":{"statusCode":200},"responseTime":8}}
2026-04-14T13:06:07.221Z [info] : GET /api/v1/patients?search=ff&page=1&pageSize=20 200 4ms {"meta":{"req":{"url":"/api/v1/patients?search=ff&page=1&pageSize=20","headers":{"host":"localhost:4000","connection":"keep-alive","sec-ch-ua-platform":"\"Windows\"","authorization":"Bearer eyJhbGciOiJIUzI1NiIsInR5cCI6IkpXVCJ9.eyJpZCI6MiwibmFtZSI6IkRyIEplYW4gS09VQVNTSSIsInJvbGUiOiJQUk9GRVNTSU9OQUwiLCJlbWFpbCI6ImRyLmtvdWFzc2lAY2h1LWFiaWRqYW4uY2kiLCJwZXJtaXNzaW9ucyI6WyJyZWFkX3BhdGllbnQiLCJ3cml0ZV9wYXRpZW50IiwicHJlc2NyaWJlIl0sImlhdCI6MTc3NjE3MTkzMSwiZXhwIjoxNzc2MTcyODMxfQ.o6tWz9PbWmEkrwqrcn01Dbt8svJ-_Q68i5rYuSws9Lo","user-agent":"Mozilla/5.0 (Windows NT 10.0; Win64; x64) AppleWebKit/537.36 (KHTML, like Gecko) Chrome/146.0.0.0 Safari/537.36","sec-ch-ua":"\"Chromium\";v=\"146\", \"Not-A.Brand\";v=\"24\", \"Google Chrome\";v=\"146\"","sec-ch-ua-mobile":"?0","accept":"*/*","sec-fetch-site":"same-origin","sec-fetch-mode":"cors","sec-fetch-dest":"empty","accept-encoding":"gzip, deflate, br, zstd","accept-language":"fr,en;q=0.9","cookie":"_ga=GA1.1.2005962765.1751293462; _ga_MBK8XVW5R5=GS2.1.s1752234442$o12$g1$t1752237707$j60$l0$h0; XSRF-TOKEN=6832da41796d6493cea1e228d32d1b76d95388129da07d3586540e27a821c755"},"method":"GET","httpVersion":"1.1","originalUrl":"/api/v1/patients?search=ff&page=1&pageSize=20","query":{"search":"ff","page":"1","pageSize":"20"}},"res":{"statusCode":200},"responseTime":4}}
2026-04-14T13:06:08.606Z [info] : GET /api/v1/patients?search=f&page=1&pageSize=20 304 3ms {"meta":{"req":{"url":"/api/v1/patients?search=f&page=1&pageSize=20","headers":{"host":"localhost:4000","connection":"keep-alive","sec-ch-ua-platform":"\"Windows\"","authorization":"Bearer eyJhbGciOiJIUzI1NiIsInR5cCI6IkpXVCJ9.eyJpZCI6MiwibmFtZSI6IkRyIEplYW4gS09VQVNTSSIsInJvbGUiOiJQUk9GRVNTSU9OQUwiLCJlbWFpbCI6ImRyLmtvdWFzc2lAY2h1LWFiaWRqYW4uY2kiLCJwZXJtaXNzaW9ucyI6WyJyZWFkX3BhdGllbnQiLCJ3cml0ZV9wYXRpZW50IiwicHJlc2NyaWJlIl0sImlhdCI6MTc3NjE3MTkzMSwiZXhwIjoxNzc2MTcyODMxfQ.o6tWz9PbWmEkrwqrcn01Dbt8svJ-_Q68i5rYuSws9Lo","user-agent":"Mozilla/5.0 (Windows NT 10.0; Win64; x64) AppleWebKit/537.36 (KHTML, like Gecko) Chrome/146.0.0.0 Safari/537.36","sec-ch-ua":"\"Chromium\";v=\"146\", \"Not-A.Brand\";v=\"24\", \"Google Chrome\";v=\"146\"","sec-ch-ua-mobile":"?0","accept":"*/*","sec-fetch-site":"same-origin","sec-fetch-mode":"cors","sec-fetch-dest":"empty","accept-encoding":"gzip, deflate, br, zstd","accept-language":"fr,en;q=0.9","cookie":"_ga=GA1.1.2005962765.1751293462; _ga_MBK8XVW5R5=GS2.1.s1752234442$o12$g1$t1752237707$j60$l0$h0; XSRF-TOKEN=6832da41796d6493cea1e228d32d1b76d95388129da07d3586540e27a821c755","if-none-match":"W/\"85-c+KwZMKwQPMUUCLRkIvRXibH4Rk\""},"method":"GET","httpVersion":"1.1","originalUrl":"/api/v1/patients?search=f&page=1&pageSize=20","query":{"search":"f","page":"1","pageSize":"20"}},"res":{"statusCode":304},"responseTime":3}}
2026-04-14T13:06:08.783Z [info] : GET /api/v1/patients?search=&page=1&pageSize=20 304 8ms {"meta":{"req":{"url":"/api/v1/patients?search=&page=1&pageSize=20","headers":{"host":"localhost:4000","connection":"keep-alive","sec-ch-ua-platform":"\"Windows\"","authorization":"Bearer eyJhbGciOiJIUzI1NiIsInR5cCI6IkpXVCJ9.eyJpZCI6MiwibmFtZSI6IkRyIEplYW4gS09VQVNTSSIsInJvbGUiOiJQUk9GRVNTSU9OQUwiLCJlbWFpbCI6ImRyLmtvdWFzc2lAY2h1LWFiaWRqYW4uY2kiLCJwZXJtaXNzaW9ucyI6WyJyZWFkX3BhdGllbnQiLCJ3cml0ZV9wYXRpZW50IiwicHJlc2NyaWJlIl0sImlhdCI6MTc3NjE3MTkzMSwiZXhwIjoxNzc2MTcyODMxfQ.o6tWz9PbWmEkrwqrcn01Dbt8svJ-_Q68i5rYuSws9Lo","user-agent":"Mozilla/5.0 (Windows NT 10.0; Win64; x64) AppleWebKit/537.36 (KHTML, like Gecko) Chrome/146.0.0.0 Safari/537.36","sec-ch-ua":"\"Chromium\";v=\"146\", \"Not-A.Brand\";v=\"24\", \"Google Chrome\";v=\"146\"","sec-ch-ua-mobile":"?0","accept":"*/*","sec-fetch-site":"same-origin","sec-fetch-mode":"cors","sec-fetch-dest":"empty","accept-encoding":"gzip, deflate, br, zstd","accept-language":"fr,en;q=0.9","cookie":"_ga=GA1.1.2005962765.1751293462; _ga_MBK8XVW5R5=GS2.1.s1752234442$o12$g1$t1752237707$j60$l0$h0; XSRF-TOKEN=6832da41796d6493cea1e228d32d1b76d95388129da07d3586540e27a821c755","if-none-match":"W/\"16c-txdrbzXGM0iaOGAa5IlW26jA29g\""},"method":"GET","httpVersion":"1.1","originalUrl":"/api/v1/patients?search=&page=1&pageSize=20","query":{"search":"","page":"1","pageSize":"20"}},"res":{"statusCode":304},"responseTime":8}}
2026-04-14T13:06:58.085Z [info] : GET /api/v1/patients/1/consultations 200 12ms {"meta":{"req":{"url":"/api/v1/patients/1/consultations","headers":{"host":"localhost:4000","connection":"keep-alive","sec-ch-ua-platform":"\"Windows\"","authorization":"Bearer eyJhbGciOiJIUzI1NiIsInR5cCI6IkpXVCJ9.eyJpZCI6MiwibmFtZSI6IkRyIEplYW4gS09VQVNTSSIsInJvbGUiOiJQUk9GRVNTSU9OQUwiLCJlbWFpbCI6ImRyLmtvdWFzc2lAY2h1LWFiaWRqYW4uY2kiLCJwZXJtaXNzaW9ucyI6WyJyZWFkX3BhdGllbnQiLCJ3cml0ZV9wYXRpZW50IiwicHJlc2NyaWJlIl0sImlhdCI6MTc3NjE3MTkzMSwiZXhwIjoxNzc2MTcyODMxfQ.o6tWz9PbWmEkrwqrcn01Dbt8svJ-_Q68i5rYuSws9Lo","user-agent":"Mozilla/5.0 (Windows NT 10.0; Win64; x64) AppleWebKit/537.36 (KHTML, like Gecko) Chrome/146.0.0.0 Safari/537.36","sec-ch-ua":"\"Chromium\";v=\"146\", \"Not-A.Brand\";v=\"24\", \"Google Chrome\";v=\"146\"","sec-ch-ua-mobile":"?0","accept":"*/*","sec-fetch-site":"same-origin","sec-fetch-mode":"cors","sec-fetch-dest":"empty","accept-encoding":"gzip, deflate, br, zstd","accept-language":"fr,en;q=0.9","cookie":"_ga=GA1.1.2005962765.1751293462; _ga_MBK8XVW5R5=GS2.1.s1752234442$o12$g1$t1752237707$j60$l0$h0; XSRF-TOKEN=6832da41796d6493cea1e228d32d1b76d95388129da07d3586540e27a821c755"},"method":"GET","httpVersion":"1.1","originalUrl":"/api/v1/patients/1/consultations","query":{}},"res":{"statusCode":200},"responseTime":12}}
2026-04-14T13:07:31.218Z [info] : GET /pages/dashboard-professional.html 304 1ms {"meta":{"req":{"url":"/pages/dashboard-professional.html","headers":{"host":"localhost:4000","connection":"keep-alive","cache-control":"max-age=0","sec-ch-ua":"\"Chromium\";v=\"146\", \"Not-A.Brand\";v=\"24\", \"Google Chrome\";v=\"146\"","sec-ch-ua-mobile":"?0","sec-ch-ua-platform":"\"Windows\"","upgrade-insecure-requests":"1","user-agent":"Mozilla/5.0 (Windows NT 10.0; Win64; x64) AppleWebKit/537.36 (KHTML, like Gecko) Chrome/146.0.0.0 Safari/537.36","accept":"text/html,application/xhtml+xml,application/xml;q=0.9,image/avif,image/webp,image/apng,*/*;q=0.8,application/signed-exchange;v=b3;q=0.7","sec-fetch-site":"same-origin","sec-fetch-mode":"navigate","sec-fetch-user":"?1","sec-fetch-dest":"document","accept-encoding":"gzip, deflate, br, zstd","accept-language":"fr,en;q=0.9","cookie":"_ga=GA1.1.2005962765.1751293462; _ga_MBK8XVW5R5=GS2.1.s1752234442$o12$g1$t1752237707$j60$l0$h0; XSRF-TOKEN=6832da41796d6493cea1e228d32d1b76d95388129da07d3586540e27a821c755","if-none-match":"W/\"27fd-19d87afd8a9\"","if-modified-since":"Mon, 13 Apr 2026 16:32:21 GMT"},"method":"GET","httpVersion":"1.1","originalUrl":"/pages/dashboard-professional.html","query":{}},"res":{"statusCode":304},"responseTime":1}}
2026-04-14T13:07:31.496Z [info] : GET /assets/css/style.css 304 0ms {"meta":{"req":{"url":"/assets/css/style.css","headers":{"host":"localhost:4000","connection":"keep-alive","sec-ch-ua-platform":"\"Windows\"","user-agent":"Mozilla/5.0 (Windows NT 10.0; Win64; x64) AppleWebKit/537.36 (KHTML, like Gecko) Chrome/146.0.0.0 Safari/537.36","sec-ch-ua":"\"Chromium\";v=\"146\", \"Not-A.Brand\";v=\"24\", \"Google Chrome\";v=\"146\"","sec-ch-ua-mobile":"?0","accept":"text/css,*/*;q=0.1","sec-fetch-site":"same-origin","sec-fetch-mode":"no-cors","sec-fetch-dest":"style","accept-encoding":"gzip, deflate, br, zstd","accept-language":"fr,en;q=0.9","cookie":"_ga=GA1.1.2005962765.1751293462; _ga_MBK8XVW5R5=GS2.1.s1752234442$o12$g1$t1752237707$j60$l0$h0; XSRF-TOKEN=6832da41796d6493cea1e228d32d1b76d95388129da07d3586540e27a821c755","if-none-match":"W/\"12a5-19d879f1904\"","if-modified-since":"Mon, 13 Apr 2026 16:14:04 GMT"},"method":"GET","httpVersion":"1.1","originalUrl":"/assets/css/style.css","query":{}},"res":{"statusCode":304},"responseTime":0}}
2026-04-14T13:07:32.073Z [info] : GET /components/navbar.js 304 8ms {"meta":{"req":{"url":"/components/navbar.js","headers":{"host":"localhost:4000","connection":"keep-alive","origin":"http://localhost:4000","sec-ch-ua-platform":"\"Windows\"","user-agent":"Mozilla/5.0 (Windows NT 10.0; Win64; x64) AppleWebKit/537.36 (KHTML, like Gecko) Chrome/146.0.0.0 Safari/537.36","sec-ch-ua":"\"Chromium\";v=\"146\", \"Not-A.Brand\";v=\"24\", \"Google Chrome\";v=\"146\"","sec-ch-ua-mobile":"?0","accept":"*/*","sec-fetch-site":"same-origin","sec-fetch-mode":"cors","sec-fetch-dest":"script","accept-encoding":"gzip, deflate, br, zstd","accept-language":"fr,en;q=0.9","cookie":"_ga=GA1.1.2005962765.1751293462; _ga_MBK8XVW5R5=GS2.1.s1752234442$o12$g1$t1752237707$j60$l0$h0; XSRF-TOKEN=6832da41796d6493cea1e228d32d1b76d95388129da07d3586540e27a821c755","if-none-match":"W/\"63d-19d879dc33e\"","if-modified-since":"Mon, 13 Apr 2026 16:12:36 GMT"},"method":"GET","httpVersion":"1.1","originalUrl":"/components/navbar.js","query":{}},"res":{"statusCode":304},"responseTime":8}}
2026-04-14T13:07:32.078Z [info] : GET /components/sidebar.js 304 2ms {"meta":{"req":{"url":"/components/sidebar.js","headers":{"host":"localhost:4000","connection":"keep-alive","origin":"http://localhost:4000","sec-ch-ua-platform":"\"Windows\"","user-agent":"Mozilla/5.0 (Windows NT 10.0; Win64; x64) AppleWebKit/537.36 (KHTML, like Gecko) Chrome/146.0.0.0 Safari/537.36","sec-ch-ua":"\"Chromium\";v=\"146\", \"Not-A.Brand\";v=\"24\", \"Google Chrome\";v=\"146\"","sec-ch-ua-mobile":"?0","accept":"*/*","sec-fetch-site":"same-origin","sec-fetch-mode":"cors","sec-fetch-dest":"script","accept-encoding":"gzip, deflate, br, zstd","accept-language":"fr,en;q=0.9","cookie":"_ga=GA1.1.2005962765.1751293462; _ga_MBK8XVW5R5=GS2.1.s1752234442$o12$g1$t1752237707$j60$l0$h0; XSRF-TOKEN=6832da41796d6493cea1e228d32d1b76d95388129da07d3586540e27a821c755","if-none-match":"W/\"4b9-19d879dc33f\"","if-modified-since":"Mon, 13 Apr 2026 16:12:36 GMT"},"method":"GET","httpVersion":"1.1","originalUrl":"/components/sidebar.js","query":{}},"res":{"statusCode":304},"responseTime":2}}
2026-04-14T13:07:32.081Z [info] : GET /components/data-table.js 304 3ms {"meta":{"req":{"url":"/components/data-table.js","headers":{"host":"localhost:4000","connection":"keep-alive","origin":"http://localhost:4000","sec-ch-ua-platform":"\"Windows\"","user-agent":"Mozilla/5.0 (Windows NT 10.0; Win64; x64) AppleWebKit/537.36 (KHTML, like Gecko) Chrome/146.0.0.0 Safari/537.36","sec-ch-ua":"\"Chromium\";v=\"146\", \"Not-A.Brand\";v=\"24\", \"Google Chrome\";v=\"146\"","sec-ch-ua-mobile":"?0","accept":"*/*","sec-fetch-site":"same-origin","sec-fetch-mode":"cors","sec-fetch-dest":"script","accept-encoding":"gzip, deflate, br, zstd","accept-language":"fr,en;q=0.9","cookie":"_ga=GA1.1.2005962765.1751293462; _ga_MBK8XVW5R5=GS2.1.s1752234442$o12$g1$t1752237707$j60$l0$h0; XSRF-TOKEN=6832da41796d6493cea1e228d32d1b76d95388129da07d3586540e27a821c755","if-none-match":"W/\"396-19d879dc340\"","if-modified-since":"Mon, 13 Apr 2026 16:12:36 GMT"},"method":"GET","httpVersion":"1.1","originalUrl":"/components/data-table.js","query":{}},"res":{"statusCode":304},"responseTime":3}}
2026-04-14T13:07:32.094Z [info] : GET /components/form.js 304 2ms {"meta":{"req":{"url":"/components/form.js","headers":{"host":"localhost:4000","connection":"keep-alive","origin":"http://localhost:4000","sec-ch-ua-platform":"\"Windows\"","user-agent":"Mozilla/5.0 (Windows NT 10.0; Win64; x64) AppleWebKit/537.36 (KHTML, like Gecko) Chrome/146.0.0.0 Safari/537.36","sec-ch-ua":"\"Chromium\";v=\"146\", \"Not-A.Brand\";v=\"24\", \"Google Chrome\";v=\"146\"","sec-ch-ua-mobile":"?0","accept":"*/*","sec-fetch-site":"same-origin","sec-fetch-mode":"cors","sec-fetch-dest":"script","accept-encoding":"gzip, deflate, br, zstd","accept-language":"fr,en;q=0.9","cookie":"_ga=GA1.1.2005962765.1751293462; _ga_MBK8XVW5R5=GS2.1.s1752234442$o12$g1$t1752237707$j60$l0$h0; XSRF-TOKEN=6832da41796d6493cea1e228d32d1b76d95388129da07d3586540e27a821c755","if-none-match":"W/\"298-19d879dc341\"","if-modified-since":"Mon, 13 Apr 2026 16:12:36 GMT"},"method":"GET","httpVersion":"1.1","originalUrl":"/components/form.js","query":{}},"res":{"statusCode":304},"responseTime":2}}
2026-04-14T13:07:32.123Z [info] : GET /components/modal.js 304 0ms {"meta":{"req":{"url":"/components/modal.js","headers":{"host":"localhost:4000","connection":"keep-alive","origin":"http://localhost:4000","sec-ch-ua-platform":"\"Windows\"","user-agent":"Mozilla/5.0 (Windows NT 10.0; Win64; x64) AppleWebKit/537.36 (KHTML, like Gecko) Chrome/146.0.0.0 Safari/537.36","sec-ch-ua":"\"Chromium\";v=\"146\", \"Not-A.Brand\";v=\"24\", \"Google Chrome\";v=\"146\"","sec-ch-ua-mobile":"?0","accept":"*/*","sec-fetch-site":"same-origin","sec-fetch-mode":"cors","sec-fetch-dest":"script","accept-encoding":"gzip, deflate, br, zstd","accept-language":"fr,en;q=0.9","cookie":"_ga=GA1.1.2005962765.1751293462; _ga_MBK8XVW5R5=GS2.1.s1752234442$o12$g1$t1752237707$j60$l0$h0; XSRF-TOKEN=6832da41796d6493cea1e228d32d1b76d95388129da07d3586540e27a821c755","if-none-match":"W/\"3b1-19d879dc342\"","if-modified-since":"Mon, 13 Apr 2026 16:12:36 GMT"},"method":"GET","httpVersion":"1.1","originalUrl":"/components/modal.js","query":{}},"res":{"statusCode":304},"responseTime":0}}
2026-04-14T13:07:32.128Z [info] : GET /services/patients.js 304 1ms {"meta":{"req":{"url":"/services/patients.js","headers":{"host":"localhost:4000","connection":"keep-alive","origin":"http://localhost:4000","sec-ch-ua-platform":"\"Windows\"","user-agent":"Mozilla/5.0 (Windows NT 10.0; Win64; x64) AppleWebKit/537.36 (KHTML, like Gecko) Chrome/146.0.0.0 Safari/537.36","sec-ch-ua":"\"Chromium\";v=\"146\", \"Not-A.Brand\";v=\"24\", \"Google Chrome\";v=\"146\"","sec-ch-ua-mobile":"?0","accept":"*/*","sec-fetch-site":"same-origin","sec-fetch-mode":"cors","sec-fetch-dest":"script","accept-encoding":"gzip, deflate, br, zstd","accept-language":"fr,en;q=0.9","cookie":"_ga=GA1.1.2005962765.1751293462; _ga_MBK8XVW5R5=GS2.1.s1752234442$o12$g1$t1752237707$j60$l0$h0; XSRF-TOKEN=6832da41796d6493cea1e228d32d1b76d95388129da07d3586540e27a821c755","if-none-match":"W/\"228-19d879e67a1\"","if-modified-since":"Mon, 13 Apr 2026 16:13:18 GMT"},"method":"GET","httpVersion":"1.1","originalUrl":"/services/patients.js","query":{}},"res":{"statusCode":304},"responseTime":1}}
2026-04-14T13:07:32.136Z [info] : GET /utils/guards.js 304 1ms {"meta":{"req":{"url":"/utils/guards.js","headers":{"host":"localhost:4000","connection":"keep-alive","origin":"http://localhost:4000","sec-ch-ua-platform":"\"Windows\"","user-agent":"Mozilla/5.0 (Windows NT 10.0; Win64; x64) AppleWebKit/537.36 (KHTML, like Gecko) Chrome/146.0.0.0 Safari/537.36","sec-ch-ua":"\"Chromium\";v=\"146\", \"Not-A.Brand\";v=\"24\", \"Google Chrome\";v=\"146\"","sec-ch-ua-mobile":"?0","accept":"*/*","sec-fetch-site":"same-origin","sec-fetch-mode":"cors","sec-fetch-dest":"script","accept-encoding":"gzip, deflate, br, zstd","accept-language":"fr,en;q=0.9","cookie":"_ga=GA1.1.2005962765.1751293462; _ga_MBK8XVW5R5=GS2.1.s1752234442$o12$g1$t1752237707$j60$l0$h0; XSRF-TOKEN=6832da41796d6493cea1e228d32d1b76d95388129da07d3586540e27a821c755","if-none-match":"W/\"497-19d879dc33c\"","if-modified-since":"Mon, 13 Apr 2026 16:12:36 GMT"},"method":"GET","httpVersion":"1.1","originalUrl":"/utils/guards.js","query":{}},"res":{"statusCode":304},"responseTime":1}}
2026-04-14T13:07:32.152Z [info] : GET /utils/access.js 304 8ms {"meta":{"req":{"url":"/utils/access.js","headers":{"host":"localhost:4000","connection":"keep-alive","origin":"http://localhost:4000","sec-ch-ua-platform":"\"Windows\"","user-agent":"Mozilla/5.0 (Windows NT 10.0; Win64; x64) AppleWebKit/537.36 (KHTML, like Gecko) Chrome/146.0.0.0 Safari/537.36","sec-ch-ua":"\"Chromium\";v=\"146\", \"Not-A.Brand\";v=\"24\", \"Google Chrome\";v=\"146\"","sec-ch-ua-mobile":"?0","accept":"*/*","sec-fetch-site":"same-origin","sec-fetch-mode":"cors","sec-fetch-dest":"script","accept-encoding":"gzip, deflate, br, zstd","accept-language":"fr,en;q=0.9","cookie":"_ga=GA1.1.2005962765.1751293462; _ga_MBK8XVW5R5=GS2.1.s1752234442$o12$g1$t1752237707$j60$l0$h0; XSRF-TOKEN=6832da41796d6493cea1e228d32d1b76d95388129da07d3586540e27a821c755","if-none-match":"W/\"1d1-19d879dc337\"","if-modified-since":"Mon, 13 Apr 2026 16:12:36 GMT"},"method":"GET","httpVersion":"1.1","originalUrl":"/utils/access.js","query":{}},"res":{"statusCode":304},"responseTime":8}}
2026-04-14T13:07:32.164Z [info] : GET /utils/helpers.js 304 2ms {"meta":{"req":{"url":"/utils/helpers.js","headers":{"host":"localhost:4000","connection":"keep-alive","origin":"http://localhost:4000","sec-ch-ua-platform":"\"Windows\"","user-agent":"Mozilla/5.0 (Windows NT 10.0; Win64; x64) AppleWebKit/537.36 (KHTML, like Gecko) Chrome/146.0.0.0 Safari/537.36","sec-ch-ua":"\"Chromium\";v=\"146\", \"Not-A.Brand\";v=\"24\", \"Google Chrome\";v=\"146\"","sec-ch-ua-mobile":"?0","accept":"*/*","sec-fetch-site":"same-origin","sec-fetch-mode":"cors","sec-fetch-dest":"script","accept-encoding":"gzip, deflate, br, zstd","accept-language":"fr,en;q=0.9","cookie":"_ga=GA1.1.2005962765.1751293462; _ga_MBK8XVW5R5=GS2.1.s1752234442$o12$g1$t1752237707$j60$l0$h0; XSRF-TOKEN=6832da41796d6493cea1e228d32d1b76d95388129da07d3586540e27a821c755","if-none-match":"W/\"b6b-19d87c7a562\"","if-modified-since":"Mon, 13 Apr 2026 16:58:21 GMT"},"method":"GET","httpVersion":"1.1","originalUrl":"/utils/helpers.js","query":{}},"res":{"statusCode":304},"responseTime":2}}
2026-04-14T13:07:32.166Z [info] : GET /utils/storage.js 304 2ms {"meta":{"req":{"url":"/utils/storage.js","headers":{"host":"localhost:4000","connection":"keep-alive","origin":"http://localhost:4000","sec-ch-ua-platform":"\"Windows\"","user-agent":"Mozilla/5.0 (Windows NT 10.0; Win64; x64) AppleWebKit/537.36 (KHTML, like Gecko) Chrome/146.0.0.0 Safari/537.36","sec-ch-ua":"\"Chromium\";v=\"146\", \"Not-A.Brand\";v=\"24\", \"Google Chrome\";v=\"146\"","sec-ch-ua-mobile":"?0","accept":"*/*","sec-fetch-site":"same-origin","sec-fetch-mode":"cors","sec-fetch-dest":"script","accept-encoding":"gzip, deflate, br, zstd","accept-language":"fr,en;q=0.9","cookie":"_ga=GA1.1.2005962765.1751293462; _ga_MBK8XVW5R5=GS2.1.s1752234442$o12$g1$t1752237707$j60$l0$h0; XSRF-TOKEN=6832da41796d6493cea1e228d32d1b76d95388129da07d3586540e27a821c755","if-none-match":"W/\"77b-19d879dc33a\"","if-modified-since":"Mon, 13 Apr 2026 16:12:36 GMT"},"method":"GET","httpVersion":"1.1","originalUrl":"/utils/storage.js","query":{}},"res":{"statusCode":304},"responseTime":2}}
2026-04-14T13:07:32.334Z [info] : GET /services/auth.js 304 2ms {"meta":{"req":{"url":"/services/auth.js","headers":{"host":"localhost:4000","connection":"keep-alive","origin":"http://localhost:4000","sec-ch-ua-platform":"\"Windows\"","user-agent":"Mozilla/5.0 (Windows NT 10.0; Win64; x64) AppleWebKit/537.36 (KHTML, like Gecko) Chrome/146.0.0.0 Safari/537.36","sec-ch-ua":"\"Chromium\";v=\"146\", \"Not-A.Brand\";v=\"24\", \"Google Chrome\";v=\"146\"","sec-ch-ua-mobile":"?0","accept":"*/*","sec-fetch-site":"same-origin","sec-fetch-mode":"cors","sec-fetch-dest":"script","accept-encoding":"gzip, deflate, br, zstd","accept-language":"fr,en;q=0.9","cookie":"_ga=GA1.1.2005962765.1751293462; _ga_MBK8XVW5R5=GS2.1.s1752234442$o12$g1$t1752237707$j60$l0$h0; XSRF-TOKEN=6832da41796d6493cea1e228d32d1b76d95388129da07d3586540e27a821c755","if-none-match":"W/\"a19-19d87c7a564\"","if-modified-since":"Mon, 13 Apr 2026 16:58:21 GMT"},"method":"GET","httpVersion":"1.1","originalUrl":"/services/auth.js","query":{}},"res":{"statusCode":304},"responseTime":2}}
2026-04-14T13:07:32.336Z [info] : GET /services/api.js 304 2ms {"meta":{"req":{"url":"/services/api.js","headers":{"host":"localhost:4000","connection":"keep-alive","origin":"http://localhost:4000","sec-ch-ua-platform":"\"Windows\"","user-agent":"Mozilla/5.0 (Windows NT 10.0; Win64; x64) AppleWebKit/537.36 (KHTML, like Gecko) Chrome/146.0.0.0 Safari/537.36","sec-ch-ua":"\"Chromium\";v=\"146\", \"Not-A.Brand\";v=\"24\", \"Google Chrome\";v=\"146\"","sec-ch-ua-mobile":"?0","accept":"*/*","sec-fetch-site":"same-origin","sec-fetch-mode":"cors","sec-fetch-dest":"script","accept-encoding":"gzip, deflate, br, zstd","accept-language":"fr,en;q=0.9","cookie":"_ga=GA1.1.2005962765.1751293462; _ga_MBK8XVW5R5=GS2.1.s1752234442$o12$g1$t1752237707$j60$l0$h0; XSRF-TOKEN=6832da41796d6493cea1e228d32d1b76d95388129da07d3586540e27a821c755","if-none-match":"W/\"cb6-19d879e679f\"","if-modified-since":"Mon, 13 Apr 2026 16:13:18 GMT"},"method":"GET","httpVersion":"1.1","originalUrl":"/services/api.js","query":{}},"res":{"statusCode":304},"responseTime":2}}
2026-04-14T13:07:32.375Z [info] : GET /config.js 304 1ms {"meta":{"req":{"url":"/config.js","headers":{"host":"localhost:4000","connection":"keep-alive","origin":"http://localhost:4000","sec-ch-ua-platform":"\"Windows\"","user-agent":"Mozilla/5.0 (Windows NT 10.0; Win64; x64) AppleWebKit/537.36 (KHTML, like Gecko) Chrome/146.0.0.0 Safari/537.36","sec-ch-ua":"\"Chromium\";v=\"146\", \"Not-A.Brand\";v=\"24\", \"Google Chrome\";v=\"146\"","sec-ch-ua-mobile":"?0","accept":"*/*","sec-fetch-site":"same-origin","sec-fetch-mode":"cors","sec-fetch-dest":"script","accept-encoding":"gzip, deflate, br, zstd","accept-language":"fr,en;q=0.9","cookie":"_ga=GA1.1.2005962765.1751293462; _ga_MBK8XVW5R5=GS2.1.s1752234442$o12$g1$t1752237707$j60$l0$h0; XSRF-TOKEN=6832da41796d6493cea1e228d32d1b76d95388129da07d3586540e27a821c755","if-none-match":"W/\"3c-19d8763ba17\"","if-modified-since":"Mon, 13 Apr 2026 15:09:13 GMT"},"method":"GET","httpVersion":"1.1","originalUrl":"/config.js","query":{}},"res":{"statusCode":304},"responseTime":1}}
2026-04-14T13:07:32.449Z [info] : GET /api/v1/patients?search=&page=1&pageSize=20 304 13ms {"meta":{"req":{"url":"/api/v1/patients?search=&page=1&pageSize=20","headers":{"host":"localhost:4000","connection":"keep-alive","sec-ch-ua-platform":"\"Windows\"","authorization":"Bearer eyJhbGciOiJIUzI1NiIsInR5cCI6IkpXVCJ9.eyJpZCI6MiwibmFtZSI6IkRyIEplYW4gS09VQVNTSSIsInJvbGUiOiJQUk9GRVNTSU9OQUwiLCJlbWFpbCI6ImRyLmtvdWFzc2lAY2h1LWFiaWRqYW4uY2kiLCJwZXJtaXNzaW9ucyI6WyJyZWFkX3BhdGllbnQiLCJ3cml0ZV9wYXRpZW50IiwicHJlc2NyaWJlIl0sImlhdCI6MTc3NjE3MTkzMSwiZXhwIjoxNzc2MTcyODMxfQ.o6tWz9PbWmEkrwqrcn01Dbt8svJ-_Q68i5rYuSws9Lo","user-agent":"Mozilla/5.0 (Windows NT 10.0; Win64; x64) AppleWebKit/537.36 (KHTML, like Gecko) Chrome/146.0.0.0 Safari/537.36","sec-ch-ua":"\"Chromium\";v=\"146\", \"Not-A.Brand\";v=\"24\", \"Google Chrome\";v=\"146\"","sec-ch-ua-mobile":"?0","accept":"*/*","sec-fetch-site":"same-origin","sec-fetch-mode":"cors","sec-fetch-dest":"empty","accept-encoding":"gzip, deflate, br, zstd","accept-language":"fr,en;q=0.9","cookie":"_ga=GA1.1.2005962765.1751293462; _ga_MBK8XVW5R5=GS2.1.s1752234442$o12$g1$t1752237707$j60$l0$h0; XSRF-TOKEN=6832da41796d6493cea1e228d32d1b76d95388129da07d3586540e27a821c755","if-none-match":"W/\"16c-txdrbzXGM0iaOGAa5IlW26jA29g\""},"method":"GET","httpVersion":"1.1","originalUrl":"/api/v1/patients?search=&page=1&pageSize=20","query":{"search":"","page":"1","pageSize":"20"}},"res":{"statusCode":304},"responseTime":13}}
2026-04-14T13:07:41.123Z [info] : GET /assets/css/style.css 304 1ms {"meta":{"req":{"url":"/assets/css/style.css","headers":{"host":"localhost:4000","connection":"keep-alive","sec-ch-ua-platform":"\"Windows\"","if-none-match":"W/\"12a5-19d879f1904\"","user-agent":"Mozilla/5.0 (Windows NT 10.0; Win64; x64) AppleWebKit/537.36 (KHTML, like Gecko) Chrome/146.0.0.0 Safari/537.36","sec-ch-ua":"\"Chromium\";v=\"146\", \"Not-A.Brand\";v=\"24\", \"Google Chrome\";v=\"146\"","if-modified-since":"Mon, 13 Apr 2026 16:14:04 GMT","sec-ch-ua-mobile":"?0","accept":"text/css,*/*;q=0.1","sec-fetch-site":"same-origin","sec-fetch-mode":"no-cors","sec-fetch-dest":"style","accept-encoding":"gzip, deflate, br, zstd","accept-language":"fr,en;q=0.9","cookie":"_ga=GA1.1.2005962765.1751293462; _ga_MBK8XVW5R5=GS2.1.s1752234442$o12$g1$t1752237707$j60$l0$h0; XSRF-TOKEN=6832da41796d6493cea1e228d32d1b76d95388129da07d3586540e27a821c755"},"method":"GET","httpVersion":"1.1","originalUrl":"/assets/css/style.css","query":{}},"res":{"statusCode":304},"responseTime":1}}
2026-04-14T13:07:41.138Z [info] : GET /.well-known/appspecific/com.chrome.devtools.json 404 1ms {"meta":{"req":{"url":"/.well-known/appspecific/com.chrome.devtools.json","headers":{"host":"localhost:4000","connection":"keep-alive","sec-fetch-site":"same-origin","sec-fetch-mode":"no-cors","sec-fetch-dest":"empty","user-agent":"Mozilla/5.0 (Windows NT 10.0; Win64; x64) AppleWebKit/537.36 (KHTML, like Gecko) Chrome/146.0.0.0 Safari/537.36","accept-encoding":"gzip, deflate, br, zstd","accept-language":"fr,en;q=0.9","cookie":"_ga=GA1.1.2005962765.1751293462; _ga_MBK8XVW5R5=GS2.1.s1752234442$o12$g1$t1752237707$j60$l0$h0; XSRF-TOKEN=6832da41796d6493cea1e228d32d1b76d95388129da07d3586540e27a821c755"},"method":"GET","httpVersion":"1.1","originalUrl":"/.well-known/appspecific/com.chrome.devtools.json","query":{}},"res":{"statusCode":404},"responseTime":1}}
2026-04-14T13:07:58.007Z [info] : GET /api/v1/patients?search=&page=1&pageSize=20 304 5ms {"meta":{"req":{"url":"/api/v1/patients?search=&page=1&pageSize=20","headers":{"host":"localhost:4000","connection":"keep-alive","sec-ch-ua-platform":"\"Windows\"","authorization":"Bearer eyJhbGciOiJIUzI1NiIsInR5cCI6IkpXVCJ9.eyJpZCI6MiwibmFtZSI6IkRyIEplYW4gS09VQVNTSSIsInJvbGUiOiJQUk9GRVNTSU9OQUwiLCJlbWFpbCI6ImRyLmtvdWFzc2lAY2h1LWFiaWRqYW4uY2kiLCJwZXJtaXNzaW9ucyI6WyJyZWFkX3BhdGllbnQiLCJ3cml0ZV9wYXRpZW50IiwicHJlc2NyaWJlIl0sImlhdCI6MTc3NjE3MTkzMSwiZXhwIjoxNzc2MTcyODMxfQ.o6tWz9PbWmEkrwqrcn01Dbt8svJ-_Q68i5rYuSws9Lo","user-agent":"Mozilla/5.0 (Windows NT 10.0; Win64; x64) AppleWebKit/537.36 (KHTML, like Gecko) Chrome/146.0.0.0 Safari/537.36","sec-ch-ua":"\"Chromium\";v=\"146\", \"Not-A.Brand\";v=\"24\", \"Google Chrome\";v=\"146\"","sec-ch-ua-mobile":"?0","accept":"*/*","sec-fetch-site":"same-origin","sec-fetch-mode":"cors","sec-fetch-dest":"empty","accept-encoding":"gzip, deflate, br, zstd","accept-language":"fr,en;q=0.9","cookie":"_ga=GA1.1.2005962765.1751293462; _ga_MBK8XVW5R5=GS2.1.s1752234442$o12$g1$t1752237707$j60$l0$h0; XSRF-TOKEN=6832da41796d6493cea1e228d32d1b76d95388129da07d3586540e27a821c755","if-none-match":"W/\"16c-txdrbzXGM0iaOGAa5IlW26jA29g\""},"method":"GET","httpVersion":"1.1","originalUrl":"/api/v1/patients?search=&page=1&pageSize=20","query":{"search":"","page":"1","pageSize":"20"}},"res":{"statusCode":304},"responseTime":5}}
2026-04-14T13:14:35.817Z [info] : GET /api/v1/csrf-token 304 46ms {"meta":{"req":{"url":"/api/v1/csrf-token","headers":{"host":"localhost:4000","connection":"keep-alive","sec-ch-ua-platform":"\"Windows\"","user-agent":"Mozilla/5.0 (Windows NT 10.0; Win64; x64) AppleWebKit/537.36 (KHTML, like Gecko) Chrome/146.0.0.0 Safari/537.36","sec-ch-ua":"\"Chromium\";v=\"146\", \"Not-A.Brand\";v=\"24\", \"Google Chrome\";v=\"146\"","sec-ch-ua-mobile":"?0","accept":"*/*","sec-fetch-site":"same-origin","sec-fetch-mode":"cors","sec-fetch-dest":"empty","accept-encoding":"gzip, deflate, br, zstd","accept-language":"fr,en;q=0.9","cookie":"_ga=GA1.1.2005962765.1751293462; _ga_MBK8XVW5R5=GS2.1.s1752234442$o12$g1$t1752237707$j60$l0$h0; XSRF-TOKEN=6832da41796d6493cea1e228d32d1b76d95388129da07d3586540e27a821c755","if-none-match":"W/\"89-+YZVcCPCeOYSXdC7i48CsoY3ufE\""},"method":"GET","httpVersion":"1.1","originalUrl":"/api/v1/csrf-token","query":{}},"res":{"statusCode":304},"responseTime":46}}
2026-04-14T13:14:35.967Z [info] : POST /api/v1/auth/logout 200 112ms {"meta":{"req":{"url":"/api/v1/auth/logout","headers":{"host":"localhost:4000","connection":"keep-alive","content-length":"346","sec-ch-ua-platform":"\"Windows\"","authorization":"Bearer eyJhbGciOiJIUzI1NiIsInR5cCI6IkpXVCJ9.eyJpZCI6MiwibmFtZSI6IkRyIEplYW4gS09VQVNTSSIsInJvbGUiOiJQUk9GRVNTSU9OQUwiLCJlbWFpbCI6ImRyLmtvdWFzc2lAY2h1LWFiaWRqYW4uY2kiLCJwZXJtaXNzaW9ucyI6WyJyZWFkX3BhdGllbnQiLCJ3cml0ZV9wYXRpZW50IiwicHJlc2NyaWJlIl0sImlhdCI6MTc3NjE3MTkzMSwiZXhwIjoxNzc2MTcyODMxfQ.o6tWz9PbWmEkrwqrcn01Dbt8svJ-_Q68i5rYuSws9Lo","x-xsrf-token":"6832da41796d6493cea1e228d32d1b76d95388129da07d3586540e27a821c755","user-agent":"Mozilla/5.0 (Windows NT 10.0; Win64; x64) AppleWebKit/537.36 (KHTML, like Gecko) Chrome/146.0.0.0 Safari/537.36","sec-ch-ua":"\"Chromium\";v=\"146\", \"Not-A.Brand\";v=\"24\", \"Google Chrome\";v=\"146\"","content-type":"application/json","sec-ch-ua-mobile":"?0","accept":"*/*","origin":"http://localhost:4000","sec-fetch-site":"same-origin","sec-fetch-mode":"cors","sec-fetch-dest":"empty","accept-encoding":"gzip, deflate, br, zstd","accept-language":"fr,en;q=0.9","cookie":"_ga=GA1.1.2005962765.1751293462; _ga_MBK8XVW5R5=GS2.1.s1752234442$o12$g1$t1752237707$j60$l0$h0; XSRF-TOKEN=6832da41796d6493cea1e228d32d1b76d95388129da07d3586540e27a821c755"},"method":"POST","httpVersion":"1.1","originalUrl":"/api/v1/auth/logout","query":{}},"res":{"statusCode":200},"responseTime":112}}
2026-04-14T13:14:36.021Z [info] : GET /pages/connexion.html 304 5ms {"meta":{"req":{"url":"/pages/connexion.html","headers":{"host":"localhost:4000","connection":"keep-alive","sec-ch-ua":"\"Chromium\";v=\"146\", \"Not-A.Brand\";v=\"24\", \"Google Chrome\";v=\"146\"","sec-ch-ua-mobile":"?0","sec-ch-ua-platform":"\"Windows\"","upgrade-insecure-requests":"1","user-agent":"Mozilla/5.0 (Windows NT 10.0; Win64; x64) AppleWebKit/537.36 (KHTML, like Gecko) Chrome/146.0.0.0 Safari/537.36","accept":"text/html,application/xhtml+xml,application/xml;q=0.9,image/avif,image/webp,image/apng,*/*;q=0.8,application/signed-exchange;v=b3;q=0.7","sec-fetch-site":"same-origin","sec-fetch-mode":"navigate","sec-fetch-user":"?1","sec-fetch-dest":"document","accept-encoding":"gzip, deflate, br, zstd","accept-language":"fr,en;q=0.9","cookie":"_ga=GA1.1.2005962765.1751293462; _ga_MBK8XVW5R5=GS2.1.s1752234442$o12$g1$t1752237707$j60$l0$h0; XSRF-TOKEN=6832da41796d6493cea1e228d32d1b76d95388129da07d3586540e27a821c755","if-none-match":"W/\"ca5-19d87a6c94b\"","if-modified-since":"Mon, 13 Apr 2026 16:22:27 GMT"},"method":"GET","httpVersion":"1.1","originalUrl":"/pages/connexion.html","query":{}},"res":{"statusCode":304},"responseTime":5}}
2026-04-14T13:14:36.276Z [info] : GET /.well-known/appspecific/com.chrome.devtools.json 404 1ms {"meta":{"req":{"url":"/.well-known/appspecific/com.chrome.devtools.json","headers":{"host":"localhost:4000","connection":"keep-alive","sec-fetch-site":"same-origin","sec-fetch-mode":"no-cors","sec-fetch-dest":"empty","user-agent":"Mozilla/5.0 (Windows NT 10.0; Win64; x64) AppleWebKit/537.36 (KHTML, like Gecko) Chrome/146.0.0.0 Safari/537.36","accept-encoding":"gzip, deflate, br, zstd","accept-language":"fr,en;q=0.9","cookie":"_ga=GA1.1.2005962765.1751293462; _ga_MBK8XVW5R5=GS2.1.s1752234442$o12$g1$t1752237707$j60$l0$h0; XSRF-TOKEN=6832da41796d6493cea1e228d32d1b76d95388129da07d3586540e27a821c755"},"method":"GET","httpVersion":"1.1","originalUrl":"/.well-known/appspecific/com.chrome.devtools.json","query":{}},"res":{"statusCode":404},"responseTime":1}}
2026-04-14T13:14:36.327Z [info] : GET /assets/css/style.css 200 7ms {"meta":{"req":{"url":"/assets/css/style.css","headers":{"host":"localhost:4000","connection":"keep-alive","sec-ch-ua-platform":"\"Windows\"","user-agent":"Mozilla/5.0 (Windows NT 10.0; Win64; x64) AppleWebKit/537.36 (KHTML, like Gecko) Chrome/146.0.0.0 Safari/537.36","sec-ch-ua":"\"Chromium\";v=\"146\", \"Not-A.Brand\";v=\"24\", \"Google Chrome\";v=\"146\"","sec-ch-ua-mobile":"?0","accept":"text/css,*/*;q=0.1","sec-fetch-site":"same-origin","sec-fetch-mode":"no-cors","sec-fetch-dest":"style","accept-encoding":"gzip, deflate, br, zstd","accept-language":"fr,en;q=0.9","cookie":"_ga=GA1.1.2005962765.1751293462; _ga_MBK8XVW5R5=GS2.1.s1752234442$o12$g1$t1752237707$j60$l0$h0; XSRF-TOKEN=6832da41796d6493cea1e228d32d1b76d95388129da07d3586540e27a821c755","if-none-match":"W/\"12a5-19d879f1904\"","if-modified-since":"Mon, 13 Apr 2026 16:14:04 GMT"},"method":"GET","httpVersion":"1.1","originalUrl":"/assets/css/style.css","query":{}},"res":{"statusCode":200},"responseTime":7}}
2026-04-14T13:14:42.483Z [info] : GET / 200 6ms {"meta":{"req":{"url":"/","headers":{"host":"localhost:4000","connection":"keep-alive","sec-ch-ua":"\"Chromium\";v=\"146\", \"Not-A.Brand\";v=\"24\", \"Google Chrome\";v=\"146\"","sec-ch-ua-mobile":"?0","sec-ch-ua-platform":"\"Windows\"","upgrade-insecure-requests":"1","user-agent":"Mozilla/5.0 (Windows NT 10.0; Win64; x64) AppleWebKit/537.36 (KHTML, like Gecko) Chrome/146.0.0.0 Safari/537.36","accept":"text/html,application/xhtml+xml,application/xml;q=0.9,image/avif,image/webp,image/apng,*/*;q=0.8,application/signed-exchange;v=b3;q=0.7","sec-fetch-site":"none","sec-fetch-mode":"navigate","sec-fetch-user":"?1","sec-fetch-dest":"document","accept-encoding":"gzip, deflate, br, zstd","accept-language":"fr,en;q=0.9","cookie":"_ga=GA1.1.2005962765.1751293462; _ga_MBK8XVW5R5=GS2.1.s1752234442$o12$g1$t1752237707$j60$l0$h0; XSRF-TOKEN=6832da41796d6493cea1e228d32d1b76d95388129da07d3586540e27a821c755","if-none-match":"W/\"294-19d87a65685\"","if-modified-since":"Mon, 13 Apr 2026 16:21:58 GMT"},"method":"GET","httpVersion":"1.1","originalUrl":"/","query":{}},"res":{"statusCode":200},"responseTime":6}}
2026-04-14T13:14:42.953Z [info] : GET /.well-known/appspecific/com.chrome.devtools.json 404 1ms {"meta":{"req":{"url":"/.well-known/appspecific/com.chrome.devtools.json","headers":{"host":"localhost:4000","connection":"keep-alive","sec-fetch-site":"same-origin","sec-fetch-mode":"no-cors","sec-fetch-dest":"empty","user-agent":"Mozilla/5.0 (Windows NT 10.0; Win64; x64) AppleWebKit/537.36 (KHTML, like Gecko) Chrome/146.0.0.0 Safari/537.36","accept-encoding":"gzip, deflate, br, zstd","accept-language":"fr,en;q=0.9","cookie":"_ga=GA1.1.2005962765.1751293462; _ga_MBK8XVW5R5=GS2.1.s1752234442$o12$g1$t1752237707$j60$l0$h0; XSRF-TOKEN=6832da41796d6493cea1e228d32d1b76d95388129da07d3586540e27a821c755"},"method":"GET","httpVersion":"1.1","originalUrl":"/.well-known/appspecific/com.chrome.devtools.json","query":{}},"res":{"statusCode":404},"responseTime":1}}
2026-04-14T13:14:43.006Z [info] : GET /assets/css/style.css 304 1ms {"meta":{"req":{"url":"/assets/css/style.css","headers":{"host":"localhost:4000","connection":"keep-alive","sec-ch-ua-platform":"\"Windows\"","if-none-match":"W/\"1ec1-19d8c1fa538\"","user-agent":"Mozilla/5.0 (Windows NT 10.0; Win64; x64) AppleWebKit/537.36 (KHTML, like Gecko) Chrome/146.0.0.0 Safari/537.36","sec-ch-ua":"\"Chromium\";v=\"146\", \"Not-A.Brand\";v=\"24\", \"Google Chrome\";v=\"146\"","if-modified-since":"Tue, 14 Apr 2026 13:12:57 GMT","sec-ch-ua-mobile":"?0","accept":"text/css,*/*;q=0.1","sec-fetch-site":"same-origin","sec-fetch-mode":"no-cors","sec-fetch-dest":"style","accept-encoding":"gzip, deflate, br, zstd","accept-language":"fr,en;q=0.9","cookie":"_ga=GA1.1.2005962765.1751293462; _ga_MBK8XVW5R5=GS2.1.s1752234442$o12$g1$t1752237707$j60$l0$h0; XSRF-TOKEN=6832da41796d6493cea1e228d32d1b76d95388129da07d3586540e27a821c755"},"method":"GET","httpVersion":"1.1","originalUrl":"/assets/css/style.css","query":{}},"res":{"statusCode":304},"responseTime":1}}
2026-04-14T13:14:59.177Z [info] : GET /pages/connexion.html 304 1ms {"meta":{"req":{"url":"/pages/connexion.html","headers":{"host":"localhost:4000","connection":"keep-alive","sec-ch-ua":"\"Chromium\";v=\"146\", \"Not-A.Brand\";v=\"24\", \"Google Chrome\";v=\"146\"","sec-ch-ua-mobile":"?0","sec-ch-ua-platform":"\"Windows\"","upgrade-insecure-requests":"1","user-agent":"Mozilla/5.0 (Windows NT 10.0; Win64; x64) AppleWebKit/537.36 (KHTML, like Gecko) Chrome/146.0.0.0 Safari/537.36","accept":"text/html,application/xhtml+xml,application/xml;q=0.9,image/avif,image/webp,image/apng,*/*;q=0.8,application/signed-exchange;v=b3;q=0.7","sec-fetch-site":"same-origin","sec-fetch-mode":"navigate","sec-fetch-user":"?1","sec-fetch-dest":"document","accept-encoding":"gzip, deflate, br, zstd","accept-language":"fr,en;q=0.9","cookie":"_ga=GA1.1.2005962765.1751293462; _ga_MBK8XVW5R5=GS2.1.s1752234442$o12$g1$t1752237707$j60$l0$h0; XSRF-TOKEN=6832da41796d6493cea1e228d32d1b76d95388129da07d3586540e27a821c755","if-none-match":"W/\"ca5-19d87a6c94b\"","if-modified-since":"Mon, 13 Apr 2026 16:22:27 GMT"},"method":"GET","httpVersion":"1.1","originalUrl":"/pages/connexion.html","query":{}},"res":{"statusCode":304},"responseTime":1}}
2026-04-14T13:14:59.254Z [info] : GET /assets/css/style.css 304 1ms {"meta":{"req":{"url":"/assets/css/style.css","headers":{"host":"localhost:4000","connection":"keep-alive","sec-ch-ua-platform":"\"Windows\"","if-none-match":"W/\"1ec1-19d8c1fa538\"","user-agent":"Mozilla/5.0 (Windows NT 10.0; Win64; x64) AppleWebKit/537.36 (KHTML, like Gecko) Chrome/146.0.0.0 Safari/537.36","sec-ch-ua":"\"Chromium\";v=\"146\", \"Not-A.Brand\";v=\"24\", \"Google Chrome\";v=\"146\"","if-modified-since":"Tue, 14 Apr 2026 13:12:57 GMT","sec-ch-ua-mobile":"?0","accept":"text/css,*/*;q=0.1","sec-fetch-site":"same-origin","sec-fetch-mode":"no-cors","sec-fetch-dest":"style","accept-encoding":"gzip, deflate, br, zstd","accept-language":"fr,en;q=0.9","cookie":"_ga=GA1.1.2005962765.1751293462; _ga_MBK8XVW5R5=GS2.1.s1752234442$o12$g1$t1752237707$j60$l0$h0; XSRF-TOKEN=6832da41796d6493cea1e228d32d1b76d95388129da07d3586540e27a821c755"},"method":"GET","httpVersion":"1.1","originalUrl":"/assets/css/style.css","query":{}},"res":{"statusCode":304},"responseTime":1}}
2026-04-14T13:15:32.095Z [info] : GET / 304 1ms {"meta":{"req":{"url":"/","headers":{"host":"localhost:4000","connection":"keep-alive","sec-ch-ua":"\"Chromium\";v=\"146\", \"Not-A.Brand\";v=\"24\", \"Google Chrome\";v=\"146\"","sec-ch-ua-mobile":"?0","sec-ch-ua-platform":"\"Windows\"","upgrade-insecure-requests":"1","user-agent":"Mozilla/5.0 (Windows NT 10.0; Win64; x64) AppleWebKit/537.36 (KHTML, like Gecko) Chrome/146.0.0.0 Safari/537.36","accept":"text/html,application/xhtml+xml,application/xml;q=0.9,image/avif,image/webp,image/apng,*/*;q=0.8,application/signed-exchange;v=b3;q=0.7","sec-fetch-site":"none","sec-fetch-mode":"navigate","sec-fetch-user":"?1","sec-fetch-dest":"document","accept-encoding":"gzip, deflate, br, zstd","accept-language":"fr,en;q=0.9","cookie":"_ga=GA1.1.2005962765.1751293462; _ga_MBK8XVW5R5=GS2.1.s1752234442$o12$g1$t1752237707$j60$l0$h0; XSRF-TOKEN=6832da41796d6493cea1e228d32d1b76d95388129da07d3586540e27a821c755","if-none-match":"W/\"10e9-19d8c1f1053\"","if-modified-since":"Tue, 14 Apr 2026 13:12:19 GMT"},"method":"GET","httpVersion":"1.1","originalUrl":"/","query":{}},"res":{"statusCode":304},"responseTime":1}}
2026-04-14T13:15:32.187Z [info] : GET /assets/css/style.css 304 1ms {"meta":{"req":{"url":"/assets/css/style.css","headers":{"host":"localhost:4000","connection":"keep-alive","sec-ch-ua-platform":"\"Windows\"","if-none-match":"W/\"1ec1-19d8c1fa538\"","user-agent":"Mozilla/5.0 (Windows NT 10.0; Win64; x64) AppleWebKit/537.36 (KHTML, like Gecko) Chrome/146.0.0.0 Safari/537.36","sec-ch-ua":"\"Chromium\";v=\"146\", \"Not-A.Brand\";v=\"24\", \"Google Chrome\";v=\"146\"","if-modified-since":"Tue, 14 Apr 2026 13:12:57 GMT","sec-ch-ua-mobile":"?0","accept":"text/css,*/*;q=0.1","sec-fetch-site":"same-origin","sec-fetch-mode":"no-cors","sec-fetch-dest":"style","accept-encoding":"gzip, deflate, br, zstd","accept-language":"fr,en;q=0.9","cookie":"_ga=GA1.1.2005962765.1751293462; _ga_MBK8XVW5R5=GS2.1.s1752234442$o12$g1$t1752237707$j60$l0$h0; XSRF-TOKEN=6832da41796d6493cea1e228d32d1b76d95388129da07d3586540e27a821c755"},"method":"GET","httpVersion":"1.1","originalUrl":"/assets/css/style.css","query":{}},"res":{"statusCode":304},"responseTime":1}}
2026-04-14T13:16:46.522Z [info] : GET /pages/connexion.html 304 1ms {"meta":{"req":{"url":"/pages/connexion.html","headers":{"host":"localhost:4000","connection":"keep-alive","sec-ch-ua":"\"Chromium\";v=\"146\", \"Not-A.Brand\";v=\"24\", \"Google Chrome\";v=\"146\"","sec-ch-ua-mobile":"?0","sec-ch-ua-platform":"\"Windows\"","upgrade-insecure-requests":"1","user-agent":"Mozilla/5.0 (Windows NT 10.0; Win64; x64) AppleWebKit/537.36 (KHTML, like Gecko) Chrome/146.0.0.0 Safari/537.36","accept":"text/html,application/xhtml+xml,application/xml;q=0.9,image/avif,image/webp,image/apng,*/*;q=0.8,application/signed-exchange;v=b3;q=0.7","sec-fetch-site":"same-origin","sec-fetch-mode":"navigate","sec-fetch-user":"?1","sec-fetch-dest":"document","accept-encoding":"gzip, deflate, br, zstd","accept-language":"fr,en;q=0.9","cookie":"_ga=GA1.1.2005962765.1751293462; _ga_MBK8XVW5R5=GS2.1.s1752234442$o12$g1$t1752237707$j60$l0$h0; XSRF-TOKEN=6832da41796d6493cea1e228d32d1b76d95388129da07d3586540e27a821c755","if-none-match":"W/\"ca5-19d87a6c94b\"","if-modified-since":"Mon, 13 Apr 2026 16:22:27 GMT"},"method":"GET","httpVersion":"1.1","originalUrl":"/pages/connexion.html","query":{}},"res":{"statusCode":304},"responseTime":1}}
2026-04-14T13:16:46.708Z [info] : GET /assets/css/style.css 304 1ms {"meta":{"req":{"url":"/assets/css/style.css","headers":{"host":"localhost:4000","connection":"keep-alive","sec-ch-ua-platform":"\"Windows\"","user-agent":"Mozilla/5.0 (Windows NT 10.0; Win64; x64) AppleWebKit/537.36 (KHTML, like Gecko) Chrome/146.0.0.0 Safari/537.36","sec-ch-ua":"\"Chromium\";v=\"146\", \"Not-A.Brand\";v=\"24\", \"Google Chrome\";v=\"146\"","sec-ch-ua-mobile":"?0","accept":"text/css,*/*;q=0.1","sec-fetch-site":"same-origin","sec-fetch-mode":"no-cors","sec-fetch-dest":"style","accept-encoding":"gzip, deflate, br, zstd","accept-language":"fr,en;q=0.9","cookie":"_ga=GA1.1.2005962765.1751293462; _ga_MBK8XVW5R5=GS2.1.s1752234442$o12$g1$t1752237707$j60$l0$h0; XSRF-TOKEN=6832da41796d6493cea1e228d32d1b76d95388129da07d3586540e27a821c755","if-none-match":"W/\"1ec1-19d8c1fa538\"","if-modified-since":"Tue, 14 Apr 2026 13:12:57 GMT"},"method":"GET","httpVersion":"1.1","originalUrl":"/assets/css/style.css","query":{}},"res":{"statusCode":304},"responseTime":1}}
2026-04-14T13:21:56.875Z [info] : GET / 200 68ms {"meta":{"req":{"url":"/","headers":{"host":"localhost:4000","connection":"keep-alive","sec-ch-ua":"\"Chromium\";v=\"146\", \"Not-A.Brand\";v=\"24\", \"Google Chrome\";v=\"146\"","sec-ch-ua-mobile":"?0","sec-ch-ua-platform":"\"Windows\"","upgrade-insecure-requests":"1","user-agent":"Mozilla/5.0 (Windows NT 10.0; Win64; x64) AppleWebKit/537.36 (KHTML, like Gecko) Chrome/146.0.0.0 Safari/537.36","accept":"text/html,application/xhtml+xml,application/xml;q=0.9,image/avif,image/webp,image/apng,*/*;q=0.8,application/signed-exchange;v=b3;q=0.7","sec-fetch-site":"none","sec-fetch-mode":"navigate","sec-fetch-user":"?1","sec-fetch-dest":"document","accept-encoding":"gzip, deflate, br, zstd","accept-language":"fr,en;q=0.9","cookie":"_ga=GA1.1.2005962765.1751293462; _ga_MBK8XVW5R5=GS2.1.s1752234442$o12$g1$t1752237707$j60$l0$h0; XSRF-TOKEN=6832da41796d6493cea1e228d32d1b76d95388129da07d3586540e27a821c755","if-none-match":"W/\"10e9-19d8c1f1053\"","if-modified-since":"Tue, 14 Apr 2026 13:12:19 GMT"},"method":"GET","httpVersion":"1.1","originalUrl":"/","query":{}},"res":{"statusCode":200},"responseTime":68}}
2026-04-14T13:21:57.690Z [info] : GET /assets/css/style.css 304 16ms {"meta":{"req":{"url":"/assets/css/style.css","headers":{"host":"localhost:4000","connection":"keep-alive","sec-ch-ua-platform":"\"Windows\"","user-agent":"Mozilla/5.0 (Windows NT 10.0; Win64; x64) AppleWebKit/537.36 (KHTML, like Gecko) Chrome/146.0.0.0 Safari/537.36","sec-ch-ua":"\"Chromium\";v=\"146\", \"Not-A.Brand\";v=\"24\", \"Google Chrome\";v=\"146\"","sec-ch-ua-mobile":"?0","accept":"text/css,*/*;q=0.1","sec-fetch-site":"same-origin","sec-fetch-mode":"no-cors","sec-fetch-dest":"style","accept-encoding":"gzip, deflate, br, zstd","accept-language":"fr,en;q=0.9","cookie":"_ga=GA1.1.2005962765.1751293462; _ga_MBK8XVW5R5=GS2.1.s1752234442$o12$g1$t1752237707$j60$l0$h0; XSRF-TOKEN=6832da41796d6493cea1e228d32d1b76d95388129da07d3586540e27a821c755","if-none-match":"W/\"1ec1-19d8c1fa538\"","if-modified-since":"Tue, 14 Apr 2026 13:12:57 GMT"},"method":"GET","httpVersion":"1.1","originalUrl":"/assets/css/style.css","query":{}},"res":{"statusCode":304},"responseTime":16}}
2026-04-14T13:22:37.689Z [info] : GET /pages/connexion.html 304 30ms {"meta":{"req":{"url":"/pages/connexion.html","headers":{"host":"localhost:4000","connection":"keep-alive","sec-ch-ua":"\"Chromium\";v=\"146\", \"Not-A.Brand\";v=\"24\", \"Google Chrome\";v=\"146\"","sec-ch-ua-mobile":"?0","sec-ch-ua-platform":"\"Windows\"","upgrade-insecure-requests":"1","user-agent":"Mozilla/5.0 (Windows NT 10.0; Win64; x64) AppleWebKit/537.36 (KHTML, like Gecko) Chrome/146.0.0.0 Safari/537.36","accept":"text/html,application/xhtml+xml,application/xml;q=0.9,image/avif,image/webp,image/apng,*/*;q=0.8,application/signed-exchange;v=b3;q=0.7","sec-fetch-site":"same-origin","sec-fetch-mode":"navigate","sec-fetch-user":"?1","sec-fetch-dest":"document","accept-encoding":"gzip, deflate, br, zstd","accept-language":"fr,en;q=0.9","cookie":"_ga=GA1.1.2005962765.1751293462; _ga_MBK8XVW5R5=GS2.1.s1752234442$o12$g1$t1752237707$j60$l0$h0; XSRF-TOKEN=6832da41796d6493cea1e228d32d1b76d95388129da07d3586540e27a821c755","if-none-match":"W/\"ca5-19d87a6c94b\"","if-modified-since":"Mon, 13 Apr 2026 16:22:27 GMT"},"method":"GET","httpVersion":"1.1","originalUrl":"/pages/connexion.html","query":{}},"res":{"statusCode":304},"responseTime":30}}
2026-04-14T13:22:37.759Z [info] : GET /assets/css/style.css 304 1ms {"meta":{"req":{"url":"/assets/css/style.css","headers":{"host":"localhost:4000","connection":"keep-alive","sec-ch-ua-platform":"\"Windows\"","user-agent":"Mozilla/5.0 (Windows NT 10.0; Win64; x64) AppleWebKit/537.36 (KHTML, like Gecko) Chrome/146.0.0.0 Safari/537.36","sec-ch-ua":"\"Chromium\";v=\"146\", \"Not-A.Brand\";v=\"24\", \"Google Chrome\";v=\"146\"","sec-ch-ua-mobile":"?0","accept":"text/css,*/*;q=0.1","sec-fetch-site":"same-origin","sec-fetch-mode":"no-cors","sec-fetch-dest":"style","accept-encoding":"gzip, deflate, br, zstd","accept-language":"fr,en;q=0.9","cookie":"_ga=GA1.1.2005962765.1751293462; _ga_MBK8XVW5R5=GS2.1.s1752234442$o12$g1$t1752237707$j60$l0$h0; XSRF-TOKEN=6832da41796d6493cea1e228d32d1b76d95388129da07d3586540e27a821c755","if-none-match":"W/\"1ec1-19d8c1fa538\"","if-modified-since":"Tue, 14 Apr 2026 13:12:57 GMT"},"method":"GET","httpVersion":"1.1","originalUrl":"/assets/css/style.css","query":{}},"res":{"statusCode":304},"responseTime":1}}
2026-04-14T13:32:08.542Z [info] : GET /pages/connexion-patient.html 304 25ms {"meta":{"req":{"url":"/pages/connexion-patient.html","headers":{"host":"localhost:4000","connection":"keep-alive","sec-ch-ua":"\"Chromium\";v=\"146\", \"Not-A.Brand\";v=\"24\", \"Google Chrome\";v=\"146\"","sec-ch-ua-mobile":"?0","sec-ch-ua-platform":"\"Windows\"","upgrade-insecure-requests":"1","user-agent":"Mozilla/5.0 (Windows NT 10.0; Win64; x64) AppleWebKit/537.36 (KHTML, like Gecko) Chrome/146.0.0.0 Safari/537.36","accept":"text/html,application/xhtml+xml,application/xml;q=0.9,image/avif,image/webp,image/apng,*/*;q=0.8,application/signed-exchange;v=b3;q=0.7","sec-fetch-site":"same-origin","sec-fetch-mode":"navigate","sec-fetch-user":"?1","sec-fetch-dest":"document","accept-encoding":"gzip, deflate, br, zstd","accept-language":"fr,en;q=0.9","cookie":"_ga=GA1.1.2005962765.1751293462; _ga_MBK8XVW5R5=GS2.1.s1752234442$o12$g1$t1752237707$j60$l0$h0; XSRF-TOKEN=6832da41796d6493cea1e228d32d1b76d95388129da07d3586540e27a821c755","if-none-match":"W/\"10ca-19d87a75f34\"","if-modified-since":"Mon, 13 Apr 2026 16:23:06 GMT"},"method":"GET","httpVersion":"1.1","originalUrl":"/pages/connexion-patient.html","query":{}},"res":{"statusCode":304},"responseTime":25}}
2026-04-14T13:32:08.686Z [info] : GET /assets/css/style.css 304 0ms {"meta":{"req":{"url":"/assets/css/style.css","headers":{"host":"localhost:4000","connection":"keep-alive","sec-ch-ua-platform":"\"Windows\"","user-agent":"Mozilla/5.0 (Windows NT 10.0; Win64; x64) AppleWebKit/537.36 (KHTML, like Gecko) Chrome/146.0.0.0 Safari/537.36","sec-ch-ua":"\"Chromium\";v=\"146\", \"Not-A.Brand\";v=\"24\", \"Google Chrome\";v=\"146\"","sec-ch-ua-mobile":"?0","accept":"text/css,*/*;q=0.1","sec-fetch-site":"same-origin","sec-fetch-mode":"no-cors","sec-fetch-dest":"style","accept-encoding":"gzip, deflate, br, zstd","accept-language":"fr,en;q=0.9","cookie":"_ga=GA1.1.2005962765.1751293462; _ga_MBK8XVW5R5=GS2.1.s1752234442$o12$g1$t1752237707$j60$l0$h0; XSRF-TOKEN=6832da41796d6493cea1e228d32d1b76d95388129da07d3586540e27a821c755","if-none-match":"W/\"1ec1-19d8c1fa538\"","if-modified-since":"Tue, 14 Apr 2026 13:12:57 GMT"},"method":"GET","httpVersion":"1.1","originalUrl":"/assets/css/style.css","query":{}},"res":{"statusCode":304},"responseTime":0}}
2026-04-14T13:32:09.263Z [info] : GET /services/auth.js 304 2ms {"meta":{"req":{"url":"/services/auth.js","headers":{"host":"localhost:4000","connection":"keep-alive","origin":"http://localhost:4000","sec-ch-ua-platform":"\"Windows\"","user-agent":"Mozilla/5.0 (Windows NT 10.0; Win64; x64) AppleWebKit/537.36 (KHTML, like Gecko) Chrome/146.0.0.0 Safari/537.36","sec-ch-ua":"\"Chromium\";v=\"146\", \"Not-A.Brand\";v=\"24\", \"Google Chrome\";v=\"146\"","sec-ch-ua-mobile":"?0","accept":"*/*","sec-fetch-site":"same-origin","sec-fetch-mode":"cors","sec-fetch-dest":"script","accept-encoding":"gzip, deflate, br, zstd","accept-language":"fr,en;q=0.9","cookie":"_ga=GA1.1.2005962765.1751293462; _ga_MBK8XVW5R5=GS2.1.s1752234442$o12$g1$t1752237707$j60$l0$h0; XSRF-TOKEN=6832da41796d6493cea1e228d32d1b76d95388129da07d3586540e27a821c755","if-none-match":"W/\"a19-19d87c7a564\"","if-modified-since":"Mon, 13 Apr 2026 16:58:21 GMT"},"method":"GET","httpVersion":"1.1","originalUrl":"/services/auth.js","query":{}},"res":{"statusCode":304},"responseTime":2}}
2026-04-14T13:32:09.277Z [info] : GET /utils/storage.js 304 6ms {"meta":{"req":{"url":"/utils/storage.js","headers":{"host":"localhost:4000","connection":"keep-alive","origin":"http://localhost:4000","sec-ch-ua-platform":"\"Windows\"","user-agent":"Mozilla/5.0 (Windows NT 10.0; Win64; x64) AppleWebKit/537.36 (KHTML, like Gecko) Chrome/146.0.0.0 Safari/537.36","sec-ch-ua":"\"Chromium\";v=\"146\", \"Not-A.Brand\";v=\"24\", \"Google Chrome\";v=\"146\"","sec-ch-ua-mobile":"?0","accept":"*/*","sec-fetch-site":"same-origin","sec-fetch-mode":"cors","sec-fetch-dest":"script","accept-encoding":"gzip, deflate, br, zstd","accept-language":"fr,en;q=0.9","cookie":"_ga=GA1.1.2005962765.1751293462; _ga_MBK8XVW5R5=GS2.1.s1752234442$o12$g1$t1752237707$j60$l0$h0; XSRF-TOKEN=6832da41796d6493cea1e228d32d1b76d95388129da07d3586540e27a821c755","if-none-match":"W/\"77b-19d879dc33a\"","if-modified-since":"Mon, 13 Apr 2026 16:12:36 GMT"},"method":"GET","httpVersion":"1.1","originalUrl":"/utils/storage.js","query":{}},"res":{"statusCode":304},"responseTime":6}}
2026-04-14T13:32:09.298Z [info] : GET /services/api.js 304 22ms {"meta":{"req":{"url":"/services/api.js","headers":{"host":"localhost:4000","connection":"keep-alive","origin":"http://localhost:4000","sec-ch-ua-platform":"\"Windows\"","user-agent":"Mozilla/5.0 (Windows NT 10.0; Win64; x64) AppleWebKit/537.36 (KHTML, like Gecko) Chrome/146.0.0.0 Safari/537.36","sec-ch-ua":"\"Chromium\";v=\"146\", \"Not-A.Brand\";v=\"24\", \"Google Chrome\";v=\"146\"","sec-ch-ua-mobile":"?0","accept":"*/*","sec-fetch-site":"same-origin","sec-fetch-mode":"cors","sec-fetch-dest":"script","accept-encoding":"gzip, deflate, br, zstd","accept-language":"fr,en;q=0.9","cookie":"_ga=GA1.1.2005962765.1751293462; _ga_MBK8XVW5R5=GS2.1.s1752234442$o12$g1$t1752237707$j60$l0$h0; XSRF-TOKEN=6832da41796d6493cea1e228d32d1b76d95388129da07d3586540e27a821c755","if-none-match":"W/\"cb6-19d879e679f\"","if-modified-since":"Mon, 13 Apr 2026 16:13:18 GMT"},"method":"GET","httpVersion":"1.1","originalUrl":"/services/api.js","query":{}},"res":{"statusCode":304},"responseTime":22}}
2026-04-14T13:32:09.314Z [info] : GET /utils/helpers.js 304 32ms {"meta":{"req":{"url":"/utils/helpers.js","headers":{"host":"localhost:4000","connection":"keep-alive","origin":"http://localhost:4000","sec-ch-ua-platform":"\"Windows\"","user-agent":"Mozilla/5.0 (Windows NT 10.0; Win64; x64) AppleWebKit/537.36 (KHTML, like Gecko) Chrome/146.0.0.0 Safari/537.36","sec-ch-ua":"\"Chromium\";v=\"146\", \"Not-A.Brand\";v=\"24\", \"Google Chrome\";v=\"146\"","sec-ch-ua-mobile":"?0","accept":"*/*","sec-fetch-site":"same-origin","sec-fetch-mode":"cors","sec-fetch-dest":"script","accept-encoding":"gzip, deflate, br, zstd","accept-language":"fr,en;q=0.9","cookie":"_ga=GA1.1.2005962765.1751293462; _ga_MBK8XVW5R5=GS2.1.s1752234442$o12$g1$t1752237707$j60$l0$h0; XSRF-TOKEN=6832da41796d6493cea1e228d32d1b76d95388129da07d3586540e27a821c755","if-none-match":"W/\"b6b-19d87c7a562\"","if-modified-since":"Mon, 13 Apr 2026 16:58:21 GMT"},"method":"GET","httpVersion":"1.1","originalUrl":"/utils/helpers.js","query":{}},"res":{"statusCode":304},"responseTime":32}}
2026-04-14T13:32:09.338Z [info] : GET /config.js 304 1ms {"meta":{"req":{"url":"/config.js","headers":{"host":"localhost:4000","connection":"keep-alive","origin":"http://localhost:4000","sec-ch-ua-platform":"\"Windows\"","user-agent":"Mozilla/5.0 (Windows NT 10.0; Win64; x64) AppleWebKit/537.36 (KHTML, like Gecko) Chrome/146.0.0.0 Safari/537.36","sec-ch-ua":"\"Chromium\";v=\"146\", \"Not-A.Brand\";v=\"24\", \"Google Chrome\";v=\"146\"","sec-ch-ua-mobile":"?0","accept":"*/*","sec-fetch-site":"same-origin","sec-fetch-mode":"cors","sec-fetch-dest":"script","accept-encoding":"gzip, deflate, br, zstd","accept-language":"fr,en;q=0.9","cookie":"_ga=GA1.1.2005962765.1751293462; _ga_MBK8XVW5R5=GS2.1.s1752234442$o12$g1$t1752237707$j60$l0$h0; XSRF-TOKEN=6832da41796d6493cea1e228d32d1b76d95388129da07d3586540e27a821c755","if-none-match":"W/\"3c-19d8763ba17\"","if-modified-since":"Mon, 13 Apr 2026 15:09:13 GMT"},"method":"GET","httpVersion":"1.1","originalUrl":"/config.js","query":{}},"res":{"statusCode":304},"responseTime":1}}
2026-04-14T13:32:09.353Z [info] : GET /utils/access.js 304 2ms {"meta":{"req":{"url":"/utils/access.js","headers":{"host":"localhost:4000","connection":"keep-alive","origin":"http://localhost:4000","sec-ch-ua-platform":"\"Windows\"","user-agent":"Mozilla/5.0 (Windows NT 10.0; Win64; x64) AppleWebKit/537.36 (KHTML, like Gecko) Chrome/146.0.0.0 Safari/537.36","sec-ch-ua":"\"Chromium\";v=\"146\", \"Not-A.Brand\";v=\"24\", \"Google Chrome\";v=\"146\"","sec-ch-ua-mobile":"?0","accept":"*/*","sec-fetch-site":"same-origin","sec-fetch-mode":"cors","sec-fetch-dest":"script","accept-encoding":"gzip, deflate, br, zstd","accept-language":"fr,en;q=0.9","cookie":"_ga=GA1.1.2005962765.1751293462; _ga_MBK8XVW5R5=GS2.1.s1752234442$o12$g1$t1752237707$j60$l0$h0; XSRF-TOKEN=6832da41796d6493cea1e228d32d1b76d95388129da07d3586540e27a821c755","if-none-match":"W/\"1d1-19d879dc337\"","if-modified-since":"Mon, 13 Apr 2026 16:12:36 GMT"},"method":"GET","httpVersion":"1.1","originalUrl":"/utils/access.js","query":{}},"res":{"statusCode":304},"responseTime":2}}
2026-04-14T13:32:16.696Z [info] : GET /api/v1/csrf-token 304 25ms {"meta":{"req":{"url":"/api/v1/csrf-token","headers":{"host":"localhost:4000","connection":"keep-alive","sec-ch-ua-platform":"\"Windows\"","user-agent":"Mozilla/5.0 (Windows NT 10.0; Win64; x64) AppleWebKit/537.36 (KHTML, like Gecko) Chrome/146.0.0.0 Safari/537.36","sec-ch-ua":"\"Chromium\";v=\"146\", \"Not-A.Brand\";v=\"24\", \"Google Chrome\";v=\"146\"","sec-ch-ua-mobile":"?0","accept":"*/*","sec-fetch-site":"same-origin","sec-fetch-mode":"cors","sec-fetch-dest":"empty","accept-encoding":"gzip, deflate, br, zstd","accept-language":"fr,en;q=0.9","cookie":"_ga=GA1.1.2005962765.1751293462; _ga_MBK8XVW5R5=GS2.1.s1752234442$o12$g1$t1752237707$j60$l0$h0; XSRF-TOKEN=6832da41796d6493cea1e228d32d1b76d95388129da07d3586540e27a821c755","if-none-match":"W/\"89-+YZVcCPCeOYSXdC7i48CsoY3ufE\""},"method":"GET","httpVersion":"1.1","originalUrl":"/api/v1/csrf-token","query":{}},"res":{"statusCode":304},"responseTime":25}}
2026-04-14T13:32:16.899Z [info] : DEV OTP generated for request 7: 759929 
2026-04-14T13:32:16.914Z [info] : POST /api/v1/auth/request-otp 200 197ms {"meta":{"req":{"url":"/api/v1/auth/request-otp","headers":{"host":"localhost:4000","connection":"keep-alive","content-length":"26","sec-ch-ua-platform":"\"Windows\"","x-xsrf-token":"6832da41796d6493cea1e228d32d1b76d95388129da07d3586540e27a821c755","user-agent":"Mozilla/5.0 (Windows NT 10.0; Win64; x64) AppleWebKit/537.36 (KHTML, like Gecko) Chrome/146.0.0.0 Safari/537.36","sec-ch-ua":"\"Chromium\";v=\"146\", \"Not-A.Brand\";v=\"24\", \"Google Chrome\";v=\"146\"","content-type":"application/json","sec-ch-ua-mobile":"?0","accept":"*/*","origin":"http://localhost:4000","sec-fetch-site":"same-origin","sec-fetch-mode":"cors","sec-fetch-dest":"empty","accept-encoding":"gzip, deflate, br, zstd","accept-language":"fr,en;q=0.9","cookie":"_ga=GA1.1.2005962765.1751293462; _ga_MBK8XVW5R5=GS2.1.s1752234442$o12$g1$t1752237707$j60$l0$h0; XSRF-TOKEN=6832da41796d6493cea1e228d32d1b76d95388129da07d3586540e27a821c755"},"method":"POST","httpVersion":"1.1","originalUrl":"/api/v1/auth/request-otp","query":{}},"res":{"statusCode":200},"responseTime":197}}
2026-04-14T13:32:29.513Z [info] : POST /api/v1/auth/verify-otp 200 81ms {"meta":{"req":{"url":"/api/v1/auth/verify-otp","headers":{"host":"localhost:4000","connection":"keep-alive","content-length":"37","sec-ch-ua-platform":"\"Windows\"","x-xsrf-token":"6832da41796d6493cea1e228d32d1b76d95388129da07d3586540e27a821c755","user-agent":"Mozilla/5.0 (Windows NT 10.0; Win64; x64) AppleWebKit/537.36 (KHTML, like Gecko) Chrome/146.0.0.0 Safari/537.36","sec-ch-ua":"\"Chromium\";v=\"146\", \"Not-A.Brand\";v=\"24\", \"Google Chrome\";v=\"146\"","content-type":"application/json","sec-ch-ua-mobile":"?0","accept":"*/*","origin":"http://localhost:4000","sec-fetch-site":"same-origin","sec-fetch-mode":"cors","sec-fetch-dest":"empty","accept-encoding":"gzip, deflate, br, zstd","accept-language":"fr,en;q=0.9","cookie":"_ga=GA1.1.2005962765.1751293462; _ga_MBK8XVW5R5=GS2.1.s1752234442$o12$g1$t1752237707$j60$l0$h0; XSRF-TOKEN=6832da41796d6493cea1e228d32d1b76d95388129da07d3586540e27a821c755"},"method":"POST","httpVersion":"1.1","originalUrl":"/api/v1/auth/verify-otp","query":{}},"res":{"statusCode":200},"responseTime":81}}
2026-04-14T13:32:29.538Z [info] : GET /pages/dashboard-patient.html 304 1ms {"meta":{"req":{"url":"/pages/dashboard-patient.html","headers":{"host":"localhost:4000","connection":"keep-alive","sec-ch-ua":"\"Chromium\";v=\"146\", \"Not-A.Brand\";v=\"24\", \"Google Chrome\";v=\"146\"","sec-ch-ua-mobile":"?0","sec-ch-ua-platform":"\"Windows\"","upgrade-insecure-requests":"1","user-agent":"Mozilla/5.0 (Windows NT 10.0; Win64; x64) AppleWebKit/537.36 (KHTML, like Gecko) Chrome/146.0.0.0 Safari/537.36","accept":"text/html,application/xhtml+xml,application/xml;q=0.9,image/avif,image/webp,image/apng,*/*;q=0.8,application/signed-exchange;v=b3;q=0.7","sec-fetch-site":"same-origin","sec-fetch-mode":"navigate","sec-fetch-user":"?1","sec-fetch-dest":"document","accept-encoding":"gzip, deflate, br, zstd","accept-language":"fr,en;q=0.9","cookie":"_ga=GA1.1.2005962765.1751293462; _ga_MBK8XVW5R5=GS2.1.s1752234442$o12$g1$t1752237707$j60$l0$h0; XSRF-TOKEN=6832da41796d6493cea1e228d32d1b76d95388129da07d3586540e27a821c755","if-none-match":"W/\"12e2-19d87ae1d57\"","if-modified-since":"Mon, 13 Apr 2026 16:30:28 GMT"},"method":"GET","httpVersion":"1.1","originalUrl":"/pages/dashboard-patient.html","query":{}},"res":{"statusCode":304},"responseTime":1}}
2026-04-14T13:32:29.614Z [info] : GET /assets/css/style.css 304 1ms {"meta":{"req":{"url":"/assets/css/style.css","headers":{"host":"localhost:4000","connection":"keep-alive","sec-ch-ua-platform":"\"Windows\"","if-none-match":"W/\"1ec1-19d8c1fa538\"","user-agent":"Mozilla/5.0 (Windows NT 10.0; Win64; x64) AppleWebKit/537.36 (KHTML, like Gecko) Chrome/146.0.0.0 Safari/537.36","sec-ch-ua":"\"Chromium\";v=\"146\", \"Not-A.Brand\";v=\"24\", \"Google Chrome\";v=\"146\"","if-modified-since":"Tue, 14 Apr 2026 13:12:57 GMT","sec-ch-ua-mobile":"?0","accept":"text/css,*/*;q=0.1","sec-fetch-site":"same-origin","sec-fetch-mode":"no-cors","sec-fetch-dest":"style","accept-encoding":"gzip, deflate, br, zstd","accept-language":"fr,en;q=0.9","cookie":"_ga=GA1.1.2005962765.1751293462; _ga_MBK8XVW5R5=GS2.1.s1752234442$o12$g1$t1752237707$j60$l0$h0; XSRF-TOKEN=6832da41796d6493cea1e228d32d1b76d95388129da07d3586540e27a821c755"},"method":"GET","httpVersion":"1.1","originalUrl":"/assets/css/style.css","query":{}},"res":{"statusCode":304},"responseTime":1}}
2026-04-14T13:32:29.743Z [info] : GET /components/navbar.js 304 0ms {"meta":{"req":{"url":"/components/navbar.js","headers":{"host":"localhost:4000","connection":"keep-alive","origin":"http://localhost:4000","sec-ch-ua-platform":"\"Windows\"","user-agent":"Mozilla/5.0 (Windows NT 10.0; Win64; x64) AppleWebKit/537.36 (KHTML, like Gecko) Chrome/146.0.0.0 Safari/537.36","sec-ch-ua":"\"Chromium\";v=\"146\", \"Not-A.Brand\";v=\"24\", \"Google Chrome\";v=\"146\"","sec-ch-ua-mobile":"?0","accept":"*/*","sec-fetch-site":"same-origin","sec-fetch-mode":"cors","sec-fetch-dest":"script","accept-encoding":"gzip, deflate, br, zstd","accept-language":"fr,en;q=0.9","cookie":"_ga=GA1.1.2005962765.1751293462; _ga_MBK8XVW5R5=GS2.1.s1752234442$o12$g1$t1752237707$j60$l0$h0; XSRF-TOKEN=6832da41796d6493cea1e228d32d1b76d95388129da07d3586540e27a821c755","if-none-match":"W/\"63d-19d879dc33e\"","if-modified-since":"Mon, 13 Apr 2026 16:12:36 GMT"},"method":"GET","httpVersion":"1.1","originalUrl":"/components/navbar.js","query":{}},"res":{"statusCode":304},"responseTime":0}}
2026-04-14T13:32:29.749Z [info] : GET /components/sidebar.js 304 1ms {"meta":{"req":{"url":"/components/sidebar.js","headers":{"host":"localhost:4000","connection":"keep-alive","origin":"http://localhost:4000","sec-ch-ua-platform":"\"Windows\"","user-agent":"Mozilla/5.0 (Windows NT 10.0; Win64; x64) AppleWebKit/537.36 (KHTML, like Gecko) Chrome/146.0.0.0 Safari/537.36","sec-ch-ua":"\"Chromium\";v=\"146\", \"Not-A.Brand\";v=\"24\", \"Google Chrome\";v=\"146\"","sec-ch-ua-mobile":"?0","accept":"*/*","sec-fetch-site":"same-origin","sec-fetch-mode":"cors","sec-fetch-dest":"script","accept-encoding":"gzip, deflate, br, zstd","accept-language":"fr,en;q=0.9","cookie":"_ga=GA1.1.2005962765.1751293462; _ga_MBK8XVW5R5=GS2.1.s1752234442$o12$g1$t1752237707$j60$l0$h0; XSRF-TOKEN=6832da41796d6493cea1e228d32d1b76d95388129da07d3586540e27a821c755","if-none-match":"W/\"4b9-19d879dc33f\"","if-modified-since":"Mon, 13 Apr 2026 16:12:36 GMT"},"method":"GET","httpVersion":"1.1","originalUrl":"/components/sidebar.js","query":{}},"res":{"statusCode":304},"responseTime":1}}
2026-04-14T13:32:29.754Z [info] : GET /components/data-table.js 304 5ms {"meta":{"req":{"url":"/components/data-table.js","headers":{"host":"localhost:4000","connection":"keep-alive","origin":"http://localhost:4000","sec-ch-ua-platform":"\"Windows\"","user-agent":"Mozilla/5.0 (Windows NT 10.0; Win64; x64) AppleWebKit/537.36 (KHTML, like Gecko) Chrome/146.0.0.0 Safari/537.36","sec-ch-ua":"\"Chromium\";v=\"146\", \"Not-A.Brand\";v=\"24\", \"Google Chrome\";v=\"146\"","sec-ch-ua-mobile":"?0","accept":"*/*","sec-fetch-site":"same-origin","sec-fetch-mode":"cors","sec-fetch-dest":"script","accept-encoding":"gzip, deflate, br, zstd","accept-language":"fr,en;q=0.9","cookie":"_ga=GA1.1.2005962765.1751293462; _ga_MBK8XVW5R5=GS2.1.s1752234442$o12$g1$t1752237707$j60$l0$h0; XSRF-TOKEN=6832da41796d6493cea1e228d32d1b76d95388129da07d3586540e27a821c755","if-none-match":"W/\"396-19d879dc340\"","if-modified-since":"Mon, 13 Apr 2026 16:12:36 GMT"},"method":"GET","httpVersion":"1.1","originalUrl":"/components/data-table.js","query":{}},"res":{"statusCode":304},"responseTime":5}}
2026-04-14T13:32:29.757Z [info] : GET /utils/guards.js 304 4ms {"meta":{"req":{"url":"/utils/guards.js","headers":{"host":"localhost:4000","connection":"keep-alive","origin":"http://localhost:4000","sec-ch-ua-platform":"\"Windows\"","user-agent":"Mozilla/5.0 (Windows NT 10.0; Win64; x64) AppleWebKit/537.36 (KHTML, like Gecko) Chrome/146.0.0.0 Safari/537.36","sec-ch-ua":"\"Chromium\";v=\"146\", \"Not-A.Brand\";v=\"24\", \"Google Chrome\";v=\"146\"","sec-ch-ua-mobile":"?0","accept":"*/*","sec-fetch-site":"same-origin","sec-fetch-mode":"cors","sec-fetch-dest":"script","accept-encoding":"gzip, deflate, br, zstd","accept-language":"fr,en;q=0.9","cookie":"_ga=GA1.1.2005962765.1751293462; _ga_MBK8XVW5R5=GS2.1.s1752234442$o12$g1$t1752237707$j60$l0$h0; XSRF-TOKEN=6832da41796d6493cea1e228d32d1b76d95388129da07d3586540e27a821c755","if-none-match":"W/\"497-19d879dc33c\"","if-modified-since":"Mon, 13 Apr 2026 16:12:36 GMT"},"method":"GET","httpVersion":"1.1","originalUrl":"/utils/guards.js","query":{}},"res":{"statusCode":304},"responseTime":4}}
2026-04-14T13:32:29.778Z [info] : GET /services/auth.js 304 14ms {"meta":{"req":{"url":"/services/auth.js","headers":{"host":"localhost:4000","connection":"keep-alive","origin":"http://localhost:4000","sec-ch-ua-platform":"\"Windows\"","if-none-match":"W/\"a19-19d87c7a564\"","user-agent":"Mozilla/5.0 (Windows NT 10.0; Win64; x64) AppleWebKit/537.36 (KHTML, like Gecko) Chrome/146.0.0.0 Safari/537.36","sec-ch-ua":"\"Chromium\";v=\"146\", \"Not-A.Brand\";v=\"24\", \"Google Chrome\";v=\"146\"","if-modified-since":"Mon, 13 Apr 2026 16:58:21 GMT","sec-ch-ua-mobile":"?0","accept":"*/*","sec-fetch-site":"same-origin","sec-fetch-mode":"cors","sec-fetch-dest":"script","accept-encoding":"gzip, deflate, br, zstd","accept-language":"fr,en;q=0.9","cookie":"_ga=GA1.1.2005962765.1751293462; _ga_MBK8XVW5R5=GS2.1.s1752234442$o12$g1$t1752237707$j60$l0$h0; XSRF-TOKEN=6832da41796d6493cea1e228d32d1b76d95388129da07d3586540e27a821c755"},"method":"GET","httpVersion":"1.1","originalUrl":"/services/auth.js","query":{}},"res":{"statusCode":304},"responseTime":14}}
2026-04-14T13:32:29.781Z [info] : GET /utils/storage.js 304 7ms {"meta":{"req":{"url":"/utils/storage.js","headers":{"host":"localhost:4000","connection":"keep-alive","origin":"http://localhost:4000","sec-ch-ua-platform":"\"Windows\"","if-none-match":"W/\"77b-19d879dc33a\"","user-agent":"Mozilla/5.0 (Windows NT 10.0; Win64; x64) AppleWebKit/537.36 (KHTML, like Gecko) Chrome/146.0.0.0 Safari/537.36","sec-ch-ua":"\"Chromium\";v=\"146\", \"Not-A.Brand\";v=\"24\", \"Google Chrome\";v=\"146\"","if-modified-since":"Mon, 13 Apr 2026 16:12:36 GMT","sec-ch-ua-mobile":"?0","accept":"*/*","sec-fetch-site":"same-origin","sec-fetch-mode":"cors","sec-fetch-dest":"script","accept-encoding":"gzip, deflate, br, zstd","accept-language":"fr,en;q=0.9","cookie":"_ga=GA1.1.2005962765.1751293462; _ga_MBK8XVW5R5=GS2.1.s1752234442$o12$g1$t1752237707$j60$l0$h0; XSRF-TOKEN=6832da41796d6493cea1e228d32d1b76d95388129da07d3586540e27a821c755"},"method":"GET","httpVersion":"1.1","originalUrl":"/utils/storage.js","query":{}},"res":{"statusCode":304},"responseTime":7}}
2026-04-14T13:32:29.785Z [info] : GET /utils/helpers.js 304 9ms {"meta":{"req":{"url":"/utils/helpers.js","headers":{"host":"localhost:4000","connection":"keep-alive","origin":"http://localhost:4000","sec-ch-ua-platform":"\"Windows\"","if-none-match":"W/\"b6b-19d87c7a562\"","user-agent":"Mozilla/5.0 (Windows NT 10.0; Win64; x64) AppleWebKit/537.36 (KHTML, like Gecko) Chrome/146.0.0.0 Safari/537.36","sec-ch-ua":"\"Chromium\";v=\"146\", \"Not-A.Brand\";v=\"24\", \"Google Chrome\";v=\"146\"","if-modified-since":"Mon, 13 Apr 2026 16:58:21 GMT","sec-ch-ua-mobile":"?0","accept":"*/*","sec-fetch-site":"same-origin","sec-fetch-mode":"cors","sec-fetch-dest":"script","accept-encoding":"gzip, deflate, br, zstd","accept-language":"fr,en;q=0.9","cookie":"_ga=GA1.1.2005962765.1751293462; _ga_MBK8XVW5R5=GS2.1.s1752234442$o12$g1$t1752237707$j60$l0$h0; XSRF-TOKEN=6832da41796d6493cea1e228d32d1b76d95388129da07d3586540e27a821c755"},"method":"GET","httpVersion":"1.1","originalUrl":"/utils/helpers.js","query":{}},"res":{"statusCode":304},"responseTime":9}}
2026-04-14T13:32:29.808Z [info] : GET /utils/access.js 304 30ms {"meta":{"req":{"url":"/utils/access.js","headers":{"host":"localhost:4000","connection":"keep-alive","origin":"http://localhost:4000","sec-ch-ua-platform":"\"Windows\"","if-none-match":"W/\"1d1-19d879dc337\"","user-agent":"Mozilla/5.0 (Windows NT 10.0; Win64; x64) AppleWebKit/537.36 (KHTML, like Gecko) Chrome/146.0.0.0 Safari/537.36","sec-ch-ua":"\"Chromium\";v=\"146\", \"Not-A.Brand\";v=\"24\", \"Google Chrome\";v=\"146\"","if-modified-since":"Mon, 13 Apr 2026 16:12:36 GMT","sec-ch-ua-mobile":"?0","accept":"*/*","sec-fetch-site":"same-origin","sec-fetch-mode":"cors","sec-fetch-dest":"script","accept-encoding":"gzip, deflate, br, zstd","accept-language":"fr,en;q=0.9","cookie":"_ga=GA1.1.2005962765.1751293462; _ga_MBK8XVW5R5=GS2.1.s1752234442$o12$g1$t1752237707$j60$l0$h0; XSRF-TOKEN=6832da41796d6493cea1e228d32d1b76d95388129da07d3586540e27a821c755"},"method":"GET","httpVersion":"1.1","originalUrl":"/utils/access.js","query":{}},"res":{"statusCode":304},"responseTime":30}}
2026-04-14T13:32:29.867Z [info] : GET /services/api.js 304 43ms {"meta":{"req":{"url":"/services/api.js","headers":{"host":"localhost:4000","connection":"keep-alive","origin":"http://localhost:4000","sec-ch-ua-platform":"\"Windows\"","if-none-match":"W/\"cb6-19d879e679f\"","user-agent":"Mozilla/5.0 (Windows NT 10.0; Win64; x64) AppleWebKit/537.36 (KHTML, like Gecko) Chrome/146.0.0.0 Safari/537.36","sec-ch-ua":"\"Chromium\";v=\"146\", \"Not-A.Brand\";v=\"24\", \"Google Chrome\";v=\"146\"","if-modified-since":"Mon, 13 Apr 2026 16:13:18 GMT","sec-ch-ua-mobile":"?0","accept":"*/*","sec-fetch-site":"same-origin","sec-fetch-mode":"cors","sec-fetch-dest":"script","accept-encoding":"gzip, deflate, br, zstd","accept-language":"fr,en;q=0.9","cookie":"_ga=GA1.1.2005962765.1751293462; _ga_MBK8XVW5R5=GS2.1.s1752234442$o12$g1$t1752237707$j60$l0$h0; XSRF-TOKEN=6832da41796d6493cea1e228d32d1b76d95388129da07d3586540e27a821c755"},"method":"GET","httpVersion":"1.1","originalUrl":"/services/api.js","query":{}},"res":{"statusCode":304},"responseTime":43}}
2026-04-14T13:32:29.899Z [info] : GET /config.js 304 0ms {"meta":{"req":{"url":"/config.js","headers":{"host":"localhost:4000","connection":"keep-alive","origin":"http://localhost:4000","sec-ch-ua-platform":"\"Windows\"","if-none-match":"W/\"3c-19d8763ba17\"","user-agent":"Mozilla/5.0 (Windows NT 10.0; Win64; x64) AppleWebKit/537.36 (KHTML, like Gecko) Chrome/146.0.0.0 Safari/537.36","sec-ch-ua":"\"Chromium\";v=\"146\", \"Not-A.Brand\";v=\"24\", \"Google Chrome\";v=\"146\"","if-modified-since":"Mon, 13 Apr 2026 15:09:13 GMT","sec-ch-ua-mobile":"?0","accept":"*/*","sec-fetch-site":"same-origin","sec-fetch-mode":"cors","sec-fetch-dest":"script","accept-encoding":"gzip, deflate, br, zstd","accept-language":"fr,en;q=0.9","cookie":"_ga=GA1.1.2005962765.1751293462; _ga_MBK8XVW5R5=GS2.1.s1752234442$o12$g1$t1752237707$j60$l0$h0; XSRF-TOKEN=6832da41796d6493cea1e228d32d1b76d95388129da07d3586540e27a821c755"},"method":"GET","httpVersion":"1.1","originalUrl":"/config.js","query":{}},"res":{"statusCode":304},"responseTime":0}}
2026-04-14T13:32:29.995Z [info] : GET /api/v1/user/profile 304 38ms {"meta":{"req":{"url":"/api/v1/user/profile","headers":{"host":"localhost:4000","connection":"keep-alive","sec-ch-ua-platform":"\"Windows\"","authorization":"Bearer eyJhbGciOiJIUzI1NiIsInR5cCI6IkpXVCJ9.eyJpZCI6MSwibmFtZSI6IkplYW4gS09VQVNTSSIsInJvbGUiOiJQQVRJRU5UIiwiZW1haWwiOm51bGwsInBlcm1pc3Npb25zIjpbXSwiaWF0IjoxNzc2MTczNTQ5LCJleHAiOjE3NzYxNzQ0NDl9.9qqjQBNmHGSM6tL3017vA999IaQjs5pX6vNJdelhesk","user-agent":"Mozilla/5.0 (Windows NT 10.0; Win64; x64) AppleWebKit/537.36 (KHTML, like Gecko) Chrome/146.0.0.0 Safari/537.36","sec-ch-ua":"\"Chromium\";v=\"146\", \"Not-A.Brand\";v=\"24\", \"Google Chrome\";v=\"146\"","sec-ch-ua-mobile":"?0","accept":"*/*","sec-fetch-site":"same-origin","sec-fetch-mode":"cors","sec-fetch-dest":"empty","accept-encoding":"gzip, deflate, br, zstd","accept-language":"fr,en;q=0.9","cookie":"_ga=GA1.1.2005962765.1751293462; _ga_MBK8XVW5R5=GS2.1.s1752234442$o12$g1$t1752237707$j60$l0$h0; XSRF-TOKEN=6832da41796d6493cea1e228d32d1b76d95388129da07d3586540e27a821c755","if-none-match":"W/\"270-BfXHGpqf24ZvLcFk3zm0QGTeBBM\""},"method":"GET","httpVersion":"1.1","originalUrl":"/api/v1/user/profile","query":{}},"res":{"statusCode":304},"responseTime":38}}
2026-04-14T13:32:52.482Z [info] : GET /api/v1/csrf-token 304 1ms {"meta":{"req":{"url":"/api/v1/csrf-token","headers":{"host":"localhost:4000","connection":"keep-alive","sec-ch-ua-platform":"\"Windows\"","user-agent":"Mozilla/5.0 (Windows NT 10.0; Win64; x64) AppleWebKit/537.36 (KHTML, like Gecko) Chrome/146.0.0.0 Safari/537.36","sec-ch-ua":"\"Chromium\";v=\"146\", \"Not-A.Brand\";v=\"24\", \"Google Chrome\";v=\"146\"","sec-ch-ua-mobile":"?0","accept":"*/*","sec-fetch-site":"same-origin","sec-fetch-mode":"cors","sec-fetch-dest":"empty","accept-encoding":"gzip, deflate, br, zstd","accept-language":"fr,en;q=0.9","cookie":"_ga=GA1.1.2005962765.1751293462; _ga_MBK8XVW5R5=GS2.1.s1752234442$o12$g1$t1752237707$j60$l0$h0; XSRF-TOKEN=6832da41796d6493cea1e228d32d1b76d95388129da07d3586540e27a821c755","if-none-match":"W/\"89-+YZVcCPCeOYSXdC7i48CsoY3ufE\""},"method":"GET","httpVersion":"1.1","originalUrl":"/api/v1/csrf-token","query":{}},"res":{"statusCode":304},"responseTime":1}}
2026-04-14T13:32:52.496Z [info] : POST /api/v1/auth/logout 200 7ms {"meta":{"req":{"url":"/api/v1/auth/logout","headers":{"host":"localhost:4000","connection":"keep-alive","content-length":"248","sec-ch-ua-platform":"\"Windows\"","authorization":"Bearer eyJhbGciOiJIUzI1NiIsInR5cCI6IkpXVCJ9.eyJpZCI6MSwibmFtZSI6IkplYW4gS09VQVNTSSIsInJvbGUiOiJQQVRJRU5UIiwiZW1haWwiOm51bGwsInBlcm1pc3Npb25zIjpbXSwiaWF0IjoxNzc2MTczNTQ5LCJleHAiOjE3NzYxNzQ0NDl9.9qqjQBNmHGSM6tL3017vA999IaQjs5pX6vNJdelhesk","x-xsrf-token":"6832da41796d6493cea1e228d32d1b76d95388129da07d3586540e27a821c755","user-agent":"Mozilla/5.0 (Windows NT 10.0; Win64; x64) AppleWebKit/537.36 (KHTML, like Gecko) Chrome/146.0.0.0 Safari/537.36","sec-ch-ua":"\"Chromium\";v=\"146\", \"Not-A.Brand\";v=\"24\", \"Google Chrome\";v=\"146\"","content-type":"application/json","sec-ch-ua-mobile":"?0","accept":"*/*","origin":"http://localhost:4000","sec-fetch-site":"same-origin","sec-fetch-mode":"cors","sec-fetch-dest":"empty","accept-encoding":"gzip, deflate, br, zstd","accept-language":"fr,en;q=0.9","cookie":"_ga=GA1.1.2005962765.1751293462; _ga_MBK8XVW5R5=GS2.1.s1752234442$o12$g1$t1752237707$j60$l0$h0; XSRF-TOKEN=6832da41796d6493cea1e228d32d1b76d95388129da07d3586540e27a821c755"},"method":"POST","httpVersion":"1.1","originalUrl":"/api/v1/auth/logout","query":{}},"res":{"statusCode":200},"responseTime":7}}
2026-04-14T13:32:52.522Z [info] : GET /pages/connexion.html 304 1ms {"meta":{"req":{"url":"/pages/connexion.html","headers":{"host":"localhost:4000","connection":"keep-alive","sec-ch-ua":"\"Chromium\";v=\"146\", \"Not-A.Brand\";v=\"24\", \"Google Chrome\";v=\"146\"","sec-ch-ua-mobile":"?0","sec-ch-ua-platform":"\"Windows\"","upgrade-insecure-requests":"1","user-agent":"Mozilla/5.0 (Windows NT 10.0; Win64; x64) AppleWebKit/537.36 (KHTML, like Gecko) Chrome/146.0.0.0 Safari/537.36","accept":"text/html,application/xhtml+xml,application/xml;q=0.9,image/avif,image/webp,image/apng,*/*;q=0.8,application/signed-exchange;v=b3;q=0.7","sec-fetch-site":"same-origin","sec-fetch-mode":"navigate","sec-fetch-user":"?1","sec-fetch-dest":"document","accept-encoding":"gzip, deflate, br, zstd","accept-language":"fr,en;q=0.9","cookie":"_ga=GA1.1.2005962765.1751293462; _ga_MBK8XVW5R5=GS2.1.s1752234442$o12$g1$t1752237707$j60$l0$h0; XSRF-TOKEN=6832da41796d6493cea1e228d32d1b76d95388129da07d3586540e27a821c755","if-none-match":"W/\"ca5-19d87a6c94b\"","if-modified-since":"Mon, 13 Apr 2026 16:22:27 GMT"},"method":"GET","httpVersion":"1.1","originalUrl":"/pages/connexion.html","query":{}},"res":{"statusCode":304},"responseTime":1}}
2026-04-14T13:32:52.616Z [info] : GET /assets/css/style.css 304 0ms {"meta":{"req":{"url":"/assets/css/style.css","headers":{"host":"localhost:4000","connection":"keep-alive","sec-ch-ua-platform":"\"Windows\"","if-none-match":"W/\"1ec1-19d8c1fa538\"","user-agent":"Mozilla/5.0 (Windows NT 10.0; Win64; x64) AppleWebKit/537.36 (KHTML, like Gecko) Chrome/146.0.0.0 Safari/537.36","sec-ch-ua":"\"Chromium\";v=\"146\", \"Not-A.Brand\";v=\"24\", \"Google Chrome\";v=\"146\"","if-modified-since":"Tue, 14 Apr 2026 13:12:57 GMT","sec-ch-ua-mobile":"?0","accept":"text/css,*/*;q=0.1","sec-fetch-site":"same-origin","sec-fetch-mode":"no-cors","sec-fetch-dest":"style","accept-encoding":"gzip, deflate, br, zstd","accept-language":"fr,en;q=0.9","cookie":"_ga=GA1.1.2005962765.1751293462; _ga_MBK8XVW5R5=GS2.1.s1752234442$o12$g1$t1752237707$j60$l0$h0; XSRF-TOKEN=6832da41796d6493cea1e228d32d1b76d95388129da07d3586540e27a821c755"},"method":"GET","httpVersion":"1.1","originalUrl":"/assets/css/style.css","query":{}},"res":{"statusCode":304},"responseTime":0}}
2026-04-14T13:32:58.071Z [info] : GET / 304 6ms {"meta":{"req":{"url":"/","headers":{"host":"localhost:4000","connection":"keep-alive","sec-ch-ua":"\"Chromium\";v=\"146\", \"Not-A.Brand\";v=\"24\", \"Google Chrome\";v=\"146\"","sec-ch-ua-mobile":"?0","sec-ch-ua-platform":"\"Windows\"","upgrade-insecure-requests":"1","user-agent":"Mozilla/5.0 (Windows NT 10.0; Win64; x64) AppleWebKit/537.36 (KHTML, like Gecko) Chrome/146.0.0.0 Safari/537.36","sec-purpose":"prefetch;prerender","accept":"text/html,application/xhtml+xml,application/xml;q=0.9,image/avif,image/webp,image/apng,*/*;q=0.8,application/signed-exchange;v=b3;q=0.7","sec-fetch-site":"none","sec-fetch-mode":"navigate","sec-fetch-user":"?1","sec-fetch-dest":"document","accept-encoding":"gzip, deflate, br, zstd","accept-language":"fr,en;q=0.9","cookie":"_ga=GA1.1.2005962765.1751293462; _ga_MBK8XVW5R5=GS2.1.s1752234442$o12$g1$t1752237707$j60$l0$h0; XSRF-TOKEN=6832da41796d6493cea1e228d32d1b76d95388129da07d3586540e27a821c755","if-none-match":"W/\"1372-19d8c257ef2\"","if-modified-since":"Tue, 14 Apr 2026 13:19:20 GMT"},"method":"GET","httpVersion":"1.1","originalUrl":"/","query":{}},"res":{"statusCode":304},"responseTime":6}}
2026-04-14T13:32:58.138Z [info] : GET /assets/css/style.css 304 0ms {"meta":{"req":{"url":"/assets/css/style.css","headers":{"host":"localhost:4000","connection":"keep-alive","sec-ch-ua-platform":"\"Windows\"","user-agent":"Mozilla/5.0 (Windows NT 10.0; Win64; x64) AppleWebKit/537.36 (KHTML, like Gecko) Chrome/146.0.0.0 Safari/537.36","sec-ch-ua":"\"Chromium\";v=\"146\", \"Not-A.Brand\";v=\"24\", \"Google Chrome\";v=\"146\"","sec-purpose":"prefetch;prerender","sec-ch-ua-mobile":"?0","accept":"text/css,*/*;q=0.1","sec-fetch-site":"same-origin","sec-fetch-mode":"no-cors","sec-fetch-dest":"style","accept-encoding":"gzip, deflate, br, zstd","accept-language":"fr,en;q=0.9","cookie":"_ga=GA1.1.2005962765.1751293462; _ga_MBK8XVW5R5=GS2.1.s1752234442$o12$g1$t1752237707$j60$l0$h0; XSRF-TOKEN=6832da41796d6493cea1e228d32d1b76d95388129da07d3586540e27a821c755","if-none-match":"W/\"1ec1-19d8c1fa538\"","if-modified-since":"Tue, 14 Apr 2026 13:12:57 GMT"},"method":"GET","httpVersion":"1.1","originalUrl":"/assets/css/style.css","query":{}},"res":{"statusCode":304},"responseTime":0}}
2026-04-14T14:31:04.073Z [info] : GET /pages/connexion.html 304 40ms {"meta":{"req":{"url":"/pages/connexion.html","headers":{"host":"localhost:4000","connection":"keep-alive","sec-ch-ua":"\"Chromium\";v=\"146\", \"Not-A.Brand\";v=\"24\", \"Google Chrome\";v=\"146\"","sec-ch-ua-mobile":"?0","sec-ch-ua-platform":"\"Windows\"","upgrade-insecure-requests":"1","user-agent":"Mozilla/5.0 (Windows NT 10.0; Win64; x64) AppleWebKit/537.36 (KHTML, like Gecko) Chrome/146.0.0.0 Safari/537.36","accept":"text/html,application/xhtml+xml,application/xml;q=0.9,image/avif,image/webp,image/apng,*/*;q=0.8,application/signed-exchange;v=b3;q=0.7","sec-fetch-site":"same-origin","sec-fetch-mode":"navigate","sec-fetch-user":"?1","sec-fetch-dest":"document","accept-encoding":"gzip, deflate, br, zstd","accept-language":"fr,en;q=0.9","cookie":"_ga=GA1.1.2005962765.1751293462; _ga_MBK8XVW5R5=GS2.1.s1752234442$o12$g1$t1752237707$j60$l0$h0; XSRF-TOKEN=6832da41796d6493cea1e228d32d1b76d95388129da07d3586540e27a821c755","if-none-match":"W/\"ca5-19d87a6c94b\"","if-modified-since":"Mon, 13 Apr 2026 16:22:27 GMT"},"method":"GET","httpVersion":"1.1","originalUrl":"/pages/connexion.html","query":{}},"res":{"statusCode":304},"responseTime":40}}
2026-04-14T14:31:04.137Z [info] : GET /assets/css/style.css 304 0ms {"meta":{"req":{"url":"/assets/css/style.css","headers":{"host":"localhost:4000","connection":"keep-alive","sec-ch-ua-platform":"\"Windows\"","user-agent":"Mozilla/5.0 (Windows NT 10.0; Win64; x64) AppleWebKit/537.36 (KHTML, like Gecko) Chrome/146.0.0.0 Safari/537.36","sec-ch-ua":"\"Chromium\";v=\"146\", \"Not-A.Brand\";v=\"24\", \"Google Chrome\";v=\"146\"","sec-ch-ua-mobile":"?0","accept":"text/css,*/*;q=0.1","sec-fetch-site":"same-origin","sec-fetch-mode":"no-cors","sec-fetch-dest":"style","accept-encoding":"gzip, deflate, br, zstd","accept-language":"fr,en;q=0.9","cookie":"_ga=GA1.1.2005962765.1751293462; _ga_MBK8XVW5R5=GS2.1.s1752234442$o12$g1$t1752237707$j60$l0$h0; XSRF-TOKEN=6832da41796d6493cea1e228d32d1b76d95388129da07d3586540e27a821c755","if-none-match":"W/\"1ec1-19d8c1fa538\"","if-modified-since":"Tue, 14 Apr 2026 13:12:57 GMT"},"method":"GET","httpVersion":"1.1","originalUrl":"/assets/css/style.css","query":{}},"res":{"statusCode":304},"responseTime":0}}
2026-04-14T14:59:43.389Z [info] : GET / 200 61ms {"meta":{"req":{"url":"/","headers":{"host":"localhost:4000","connection":"keep-alive","sec-ch-ua":"\"Chromium\";v=\"146\", \"Not-A.Brand\";v=\"24\", \"Google Chrome\";v=\"146\"","sec-ch-ua-mobile":"?0","sec-ch-ua-platform":"\"Windows\"","upgrade-insecure-requests":"1","user-agent":"Mozilla/5.0 (Windows NT 10.0; Win64; x64) AppleWebKit/537.36 (KHTML, like Gecko) Chrome/146.0.0.0 Safari/537.36","sec-purpose":"prefetch;prerender","accept":"text/html,application/xhtml+xml,application/xml;q=0.9,image/avif,image/webp,image/apng,*/*;q=0.8,application/signed-exchange;v=b3;q=0.7","sec-fetch-site":"none","sec-fetch-mode":"navigate","sec-fetch-user":"?1","sec-fetch-dest":"document","accept-encoding":"gzip, deflate, br, zstd","accept-language":"fr,en;q=0.9","cookie":"_ga=GA1.1.2005962765.1751293462; _ga_MBK8XVW5R5=GS2.1.s1752234442$o12$g1$t1752237707$j60$l0$h0; XSRF-TOKEN=6832da41796d6493cea1e228d32d1b76d95388129da07d3586540e27a821c755","if-none-match":"W/\"1372-19d8c257ef2\"","if-modified-since":"Tue, 14 Apr 2026 13:19:20 GMT"},"method":"GET","httpVersion":"1.1","originalUrl":"/","query":{}},"res":{"statusCode":200},"responseTime":61}}
2026-04-14T14:59:43.522Z [info] : GET /assets/css/style.css 200 37ms {"meta":{"req":{"url":"/assets/css/style.css","headers":{"host":"localhost:4000","connection":"keep-alive","sec-ch-ua-platform":"\"Windows\"","user-agent":"Mozilla/5.0 (Windows NT 10.0; Win64; x64) AppleWebKit/537.36 (KHTML, like Gecko) Chrome/146.0.0.0 Safari/537.36","sec-ch-ua":"\"Chromium\";v=\"146\", \"Not-A.Brand\";v=\"24\", \"Google Chrome\";v=\"146\"","sec-purpose":"prefetch;prerender","sec-ch-ua-mobile":"?0","accept":"text/css,*/*;q=0.1","sec-fetch-site":"same-origin","sec-fetch-mode":"no-cors","sec-fetch-dest":"style","accept-encoding":"gzip, deflate, br, zstd","accept-language":"fr,en;q=0.9","cookie":"_ga=GA1.1.2005962765.1751293462; _ga_MBK8XVW5R5=GS2.1.s1752234442$o12$g1$t1752237707$j60$l0$h0; XSRF-TOKEN=6832da41796d6493cea1e228d32d1b76d95388129da07d3586540e27a821c755","if-none-match":"W/\"1ec1-19d8c1fa538\"","if-modified-since":"Tue, 14 Apr 2026 13:12:57 GMT"},"method":"GET","httpVersion":"1.1","originalUrl":"/assets/css/style.css","query":{}},"res":{"statusCode":200},"responseTime":37}}
2026-04-14T15:00:30.447Z [info] : GET /pages/connexion.html 200 6ms {"meta":{"req":{"url":"/pages/connexion.html","headers":{"host":"localhost:4000","connection":"keep-alive","sec-ch-ua":"\"Chromium\";v=\"146\", \"Not-A.Brand\";v=\"24\", \"Google Chrome\";v=\"146\"","sec-ch-ua-mobile":"?0","sec-ch-ua-platform":"\"Windows\"","upgrade-insecure-requests":"1","user-agent":"Mozilla/5.0 (Windows NT 10.0; Win64; x64) AppleWebKit/537.36 (KHTML, like Gecko) Chrome/146.0.0.0 Safari/537.36","accept":"text/html,application/xhtml+xml,application/xml;q=0.9,image/avif,image/webp,image/apng,*/*;q=0.8,application/signed-exchange;v=b3;q=0.7","sec-fetch-site":"same-origin","sec-fetch-mode":"navigate","sec-fetch-user":"?1","sec-fetch-dest":"document","accept-encoding":"gzip, deflate, br, zstd","accept-language":"fr,en;q=0.9","cookie":"_ga=GA1.1.2005962765.1751293462; _ga_MBK8XVW5R5=GS2.1.s1752234442$o12$g1$t1752237707$j60$l0$h0; XSRF-TOKEN=6832da41796d6493cea1e228d32d1b76d95388129da07d3586540e27a821c755","if-none-match":"W/\"ca5-19d87a6c94b\"","if-modified-since":"Mon, 13 Apr 2026 16:22:27 GMT"},"method":"GET","httpVersion":"1.1","originalUrl":"/pages/connexion.html","query":{}},"res":{"statusCode":200},"responseTime":6}}
2026-04-14T15:00:30.740Z [info] : GET /assets/css/style.css 304 96ms {"meta":{"req":{"url":"/assets/css/style.css","headers":{"host":"localhost:4000","connection":"keep-alive","sec-ch-ua-platform":"\"Windows\"","if-none-match":"W/\"543d-19d8c773893\"","user-agent":"Mozilla/5.0 (Windows NT 10.0; Win64; x64) AppleWebKit/537.36 (KHTML, like Gecko) Chrome/146.0.0.0 Safari/537.36","sec-ch-ua":"\"Chromium\";v=\"146\", \"Not-A.Brand\";v=\"24\", \"Google Chrome\";v=\"146\"","if-modified-since":"Tue, 14 Apr 2026 14:48:36 GMT","sec-ch-ua-mobile":"?0","accept":"text/css,*/*;q=0.1","sec-fetch-site":"same-origin","sec-fetch-mode":"no-cors","sec-fetch-dest":"style","accept-encoding":"gzip, deflate, br, zstd","accept-language":"fr,en;q=0.9","cookie":"_ga=GA1.1.2005962765.1751293462; _ga_MBK8XVW5R5=GS2.1.s1752234442$o12$g1$t1752237707$j60$l0$h0; XSRF-TOKEN=6832da41796d6493cea1e228d32d1b76d95388129da07d3586540e27a821c755"},"method":"GET","httpVersion":"1.1","originalUrl":"/assets/css/style.css","query":{}},"res":{"statusCode":304},"responseTime":96}}
2026-04-14T15:02:54.406Z [info] : GET / 304 4ms {"meta":{"req":{"url":"/","headers":{"host":"localhost:4000","connection":"keep-alive","sec-ch-ua":"\"Chromium\";v=\"146\", \"Not-A.Brand\";v=\"24\", \"Google Chrome\";v=\"146\"","sec-ch-ua-mobile":"?0","sec-ch-ua-platform":"\"Windows\"","upgrade-insecure-requests":"1","user-agent":"Mozilla/5.0 (Windows NT 10.0; Win64; x64) AppleWebKit/537.36 (KHTML, like Gecko) Chrome/146.0.0.0 Safari/537.36","accept":"text/html,application/xhtml+xml,application/xml;q=0.9,image/avif,image/webp,image/apng,*/*;q=0.8,application/signed-exchange;v=b3;q=0.7","sec-fetch-site":"same-origin","sec-fetch-mode":"navigate","sec-fetch-user":"?1","sec-fetch-dest":"document","accept-encoding":"gzip, deflate, br, zstd","accept-language":"fr,en;q=0.9","cookie":"_ga=GA1.1.2005962765.1751293462; _ga_MBK8XVW5R5=GS2.1.s1752234442$o12$g1$t1752237707$j60$l0$h0; XSRF-TOKEN=6832da41796d6493cea1e228d32d1b76d95388129da07d3586540e27a821c755","if-none-match":"W/\"20b8-19d8c6b574d\"","if-modified-since":"Tue, 14 Apr 2026 14:35:38 GMT"},"method":"GET","httpVersion":"1.1","originalUrl":"/","query":{}},"res":{"statusCode":304},"responseTime":4}}
2026-04-14T15:02:54.614Z [info] : GET /assets/css/style.css 304 1ms {"meta":{"req":{"url":"/assets/css/style.css","headers":{"host":"localhost:4000","connection":"keep-alive","sec-ch-ua-platform":"\"Windows\"","user-agent":"Mozilla/5.0 (Windows NT 10.0; Win64; x64) AppleWebKit/537.36 (KHTML, like Gecko) Chrome/146.0.0.0 Safari/537.36","sec-ch-ua":"\"Chromium\";v=\"146\", \"Not-A.Brand\";v=\"24\", \"Google Chrome\";v=\"146\"","sec-ch-ua-mobile":"?0","accept":"text/css,*/*;q=0.1","sec-fetch-site":"same-origin","sec-fetch-mode":"no-cors","sec-fetch-dest":"style","accept-encoding":"gzip, deflate, br, zstd","accept-language":"fr,en;q=0.9","cookie":"_ga=GA1.1.2005962765.1751293462; _ga_MBK8XVW5R5=GS2.1.s1752234442$o12$g1$t1752237707$j60$l0$h0; XSRF-TOKEN=6832da41796d6493cea1e228d32d1b76d95388129da07d3586540e27a821c755","if-none-match":"W/\"543d-19d8c773893\"","if-modified-since":"Tue, 14 Apr 2026 14:48:36 GMT"},"method":"GET","httpVersion":"1.1","originalUrl":"/assets/css/style.css","query":{}},"res":{"statusCode":304},"responseTime":1}}
2026-04-14T15:15:31.729Z [info] : GET / 200 74ms {"meta":{"req":{"url":"/","headers":{"host":"localhost:4000","connection":"keep-alive","pragma":"no-cache","cache-control":"no-cache","sec-ch-ua":"\"Chromium\";v=\"146\", \"Not-A.Brand\";v=\"24\", \"Google Chrome\";v=\"146\"","sec-ch-ua-mobile":"?0","sec-ch-ua-platform":"\"Windows\"","upgrade-insecure-requests":"1","user-agent":"Mozilla/5.0 (Windows NT 10.0; Win64; x64) AppleWebKit/537.36 (KHTML, like Gecko) Chrome/146.0.0.0 Safari/537.36","accept":"text/html,application/xhtml+xml,application/xml;q=0.9,image/avif,image/webp,image/apng,*/*;q=0.8,application/signed-exchange;v=b3;q=0.7","sec-fetch-site":"same-origin","sec-fetch-mode":"navigate","sec-fetch-user":"?1","sec-fetch-dest":"document","accept-encoding":"gzip, deflate, br, zstd","accept-language":"fr,en;q=0.9","cookie":"_ga=GA1.1.2005962765.1751293462; _ga_MBK8XVW5R5=GS2.1.s1752234442$o12$g1$t1752237707$j60$l0$h0; XSRF-TOKEN=6832da41796d6493cea1e228d32d1b76d95388129da07d3586540e27a821c755"},"method":"GET","httpVersion":"1.1","originalUrl":"/","query":{}},"res":{"statusCode":200},"responseTime":74}}
2026-04-14T15:15:31.986Z [info] : GET /assets/css/style.css 200 10ms {"meta":{"req":{"url":"/assets/css/style.css","headers":{"host":"localhost:4000","connection":"keep-alive","pragma":"no-cache","cache-control":"no-cache","sec-ch-ua-platform":"\"Windows\"","user-agent":"Mozilla/5.0 (Windows NT 10.0; Win64; x64) AppleWebKit/537.36 (KHTML, like Gecko) Chrome/146.0.0.0 Safari/537.36","sec-ch-ua":"\"Chromium\";v=\"146\", \"Not-A.Brand\";v=\"24\", \"Google Chrome\";v=\"146\"","sec-ch-ua-mobile":"?0","accept":"text/css,*/*;q=0.1","sec-fetch-site":"same-origin","sec-fetch-mode":"no-cors","sec-fetch-dest":"style","accept-encoding":"gzip, deflate, br, zstd","accept-language":"fr,en;q=0.9","cookie":"_ga=GA1.1.2005962765.1751293462; _ga_MBK8XVW5R5=GS2.1.s1752234442$o12$g1$t1752237707$j60$l0$h0; XSRF-TOKEN=6832da41796d6493cea1e228d32d1b76d95388129da07d3586540e27a821c755"},"method":"GET","httpVersion":"1.1","originalUrl":"/assets/css/style.css","query":{}},"res":{"statusCode":200},"responseTime":10}}
2026-04-14T15:15:31.994Z [info] : GET /assets/img/doctor-hero.svg 200 4ms {"meta":{"req":{"url":"/assets/img/doctor-hero.svg","headers":{"host":"localhost:4000","connection":"keep-alive","pragma":"no-cache","cache-control":"no-cache","sec-ch-ua-platform":"\"Windows\"","user-agent":"Mozilla/5.0 (Windows NT 10.0; Win64; x64) AppleWebKit/537.36 (KHTML, like Gecko) Chrome/146.0.0.0 Safari/537.36","sec-ch-ua":"\"Chromium\";v=\"146\", \"Not-A.Brand\";v=\"24\", \"Google Chrome\";v=\"146\"","sec-ch-ua-mobile":"?0","accept":"image/avif,image/webp,image/apng,image/svg+xml,image/*,*/*;q=0.8","sec-fetch-site":"same-origin","sec-fetch-mode":"no-cors","sec-fetch-dest":"image","accept-encoding":"gzip, deflate, br, zstd","accept-language":"fr,en;q=0.9","cookie":"_ga=GA1.1.2005962765.1751293462; _ga_MBK8XVW5R5=GS2.1.s1752234442$o12$g1$t1752237707$j60$l0$h0; XSRF-TOKEN=6832da41796d6493cea1e228d32d1b76d95388129da07d3586540e27a821c755"},"method":"GET","httpVersion":"1.1","originalUrl":"/assets/img/doctor-hero.svg","query":{}},"res":{"statusCode":200},"responseTime":4}}
2026-04-14T15:15:38.653Z [info] : GET /favicon.ico 404 34ms {"meta":{"req":{"url":"/favicon.ico","headers":{"host":"localhost:4000","connection":"keep-alive","pragma":"no-cache","cache-control":"no-cache","sec-ch-ua-platform":"\"Windows\"","user-agent":"Mozilla/5.0 (Windows NT 10.0; Win64; x64) AppleWebKit/537.36 (KHTML, like Gecko) Chrome/146.0.0.0 Safari/537.36","sec-ch-ua":"\"Chromium\";v=\"146\", \"Not-A.Brand\";v=\"24\", \"Google Chrome\";v=\"146\"","sec-ch-ua-mobile":"?0","accept":"image/avif,image/webp,image/apng,image/svg+xml,image/*,*/*;q=0.8","sec-fetch-site":"same-origin","sec-fetch-mode":"no-cors","sec-fetch-dest":"image","accept-encoding":"gzip, deflate, br, zstd","accept-language":"fr,en;q=0.9","cookie":"_ga=GA1.1.2005962765.1751293462; _ga_MBK8XVW5R5=GS2.1.s1752234442$o12$g1$t1752237707$j60$l0$h0; XSRF-TOKEN=6832da41796d6493cea1e228d32d1b76d95388129da07d3586540e27a821c755"},"method":"GET","httpVersion":"1.1","originalUrl":"/favicon.ico","query":{}},"res":{"statusCode":404},"responseTime":34}}
2026-04-14T15:36:14.462Z [info] : GET / 200 52ms {"meta":{"req":{"url":"/","headers":{"host":"localhost:4000","connection":"keep-alive","pragma":"no-cache","cache-control":"no-cache","sec-ch-ua":"\"Chromium\";v=\"146\", \"Not-A.Brand\";v=\"24\", \"Google Chrome\";v=\"146\"","sec-ch-ua-mobile":"?0","sec-ch-ua-platform":"\"Windows\"","upgrade-insecure-requests":"1","user-agent":"Mozilla/5.0 (Windows NT 10.0; Win64; x64) AppleWebKit/537.36 (KHTML, like Gecko) Chrome/146.0.0.0 Safari/537.36","accept":"text/html,application/xhtml+xml,application/xml;q=0.9,image/avif,image/webp,image/apng,*/*;q=0.8,application/signed-exchange;v=b3;q=0.7","sec-fetch-site":"same-origin","sec-fetch-mode":"navigate","sec-fetch-user":"?1","sec-fetch-dest":"document","accept-encoding":"gzip, deflate, br, zstd","accept-language":"fr,en;q=0.9","cookie":"_ga=GA1.1.2005962765.1751293462; _ga_MBK8XVW5R5=GS2.1.s1752234442$o12$g1$t1752237707$j60$l0$h0; XSRF-TOKEN=6832da41796d6493cea1e228d32d1b76d95388129da07d3586540e27a821c755"},"method":"GET","httpVersion":"1.1","originalUrl":"/","query":{}},"res":{"statusCode":200},"responseTime":52}}
2026-04-14T15:36:14.705Z [info] : GET /assets/css/style.css 200 5ms {"meta":{"req":{"url":"/assets/css/style.css","headers":{"host":"localhost:4000","connection":"keep-alive","pragma":"no-cache","cache-control":"no-cache","sec-ch-ua-platform":"\"Windows\"","user-agent":"Mozilla/5.0 (Windows NT 10.0; Win64; x64) AppleWebKit/537.36 (KHTML, like Gecko) Chrome/146.0.0.0 Safari/537.36","sec-ch-ua":"\"Chromium\";v=\"146\", \"Not-A.Brand\";v=\"24\", \"Google Chrome\";v=\"146\"","sec-ch-ua-mobile":"?0","accept":"text/css,*/*;q=0.1","sec-fetch-site":"same-origin","sec-fetch-mode":"no-cors","sec-fetch-dest":"style","accept-encoding":"gzip, deflate, br, zstd","accept-language":"fr,en;q=0.9","cookie":"_ga=GA1.1.2005962765.1751293462; _ga_MBK8XVW5R5=GS2.1.s1752234442$o12$g1$t1752237707$j60$l0$h0; XSRF-TOKEN=6832da41796d6493cea1e228d32d1b76d95388129da07d3586540e27a821c755"},"method":"GET","httpVersion":"1.1","originalUrl":"/assets/css/style.css","query":{}},"res":{"statusCode":200},"responseTime":5}}
2026-04-14T15:36:14.718Z [info] : GET /assets/img/doctor-hero.svg 200 6ms {"meta":{"req":{"url":"/assets/img/doctor-hero.svg","headers":{"host":"localhost:4000","connection":"keep-alive","pragma":"no-cache","cache-control":"no-cache","sec-ch-ua-platform":"\"Windows\"","user-agent":"Mozilla/5.0 (Windows NT 10.0; Win64; x64) AppleWebKit/537.36 (KHTML, like Gecko) Chrome/146.0.0.0 Safari/537.36","sec-ch-ua":"\"Chromium\";v=\"146\", \"Not-A.Brand\";v=\"24\", \"Google Chrome\";v=\"146\"","sec-ch-ua-mobile":"?0","accept":"image/avif,image/webp,image/apng,image/svg+xml,image/*,*/*;q=0.8","sec-fetch-site":"same-origin","sec-fetch-mode":"no-cors","sec-fetch-dest":"image","accept-encoding":"gzip, deflate, br, zstd","accept-language":"fr,en;q=0.9","cookie":"_ga=GA1.1.2005962765.1751293462; _ga_MBK8XVW5R5=GS2.1.s1752234442$o12$g1$t1752237707$j60$l0$h0; XSRF-TOKEN=6832da41796d6493cea1e228d32d1b76d95388129da07d3586540e27a821c755"},"method":"GET","httpVersion":"1.1","originalUrl":"/assets/img/doctor-hero.svg","query":{}},"res":{"statusCode":200},"responseTime":6}}
2026-04-14T15:36:16.181Z [info] : GET /favicon.ico 404 23ms {"meta":{"req":{"url":"/favicon.ico","headers":{"host":"localhost:4000","connection":"keep-alive","pragma":"no-cache","cache-control":"no-cache","sec-ch-ua-platform":"\"Windows\"","user-agent":"Mozilla/5.0 (Windows NT 10.0; Win64; x64) AppleWebKit/537.36 (KHTML, like Gecko) Chrome/146.0.0.0 Safari/537.36","sec-ch-ua":"\"Chromium\";v=\"146\", \"Not-A.Brand\";v=\"24\", \"Google Chrome\";v=\"146\"","sec-ch-ua-mobile":"?0","accept":"image/avif,image/webp,image/apng,image/svg+xml,image/*,*/*;q=0.8","sec-fetch-site":"same-origin","sec-fetch-mode":"no-cors","sec-fetch-dest":"image","accept-encoding":"gzip, deflate, br, zstd","accept-language":"fr,en;q=0.9","cookie":"_ga=GA1.1.2005962765.1751293462; _ga_MBK8XVW5R5=GS2.1.s1752234442$o12$g1$t1752237707$j60$l0$h0; XSRF-TOKEN=6832da41796d6493cea1e228d32d1b76d95388129da07d3586540e27a821c755"},"method":"GET","httpVersion":"1.1","originalUrl":"/favicon.ico","query":{}},"res":{"statusCode":404},"responseTime":23}}
2026-04-14T16:01:59.149Z [info] : GET / 200 162ms {"meta":{"req":{"url":"/","headers":{"host":"localhost:4000","connection":"keep-alive","sec-ch-ua":"\"Chromium\";v=\"146\", \"Not-A.Brand\";v=\"24\", \"Google Chrome\";v=\"146\"","sec-ch-ua-mobile":"?0","sec-ch-ua-platform":"\"Windows\"","upgrade-insecure-requests":"1","user-agent":"Mozilla/5.0 (Windows NT 10.0; Win64; x64) AppleWebKit/537.36 (KHTML, like Gecko) Chrome/146.0.0.0 Safari/537.36","accept":"text/html,application/xhtml+xml,application/xml;q=0.9,image/avif,image/webp,image/apng,*/*;q=0.8,application/signed-exchange;v=b3;q=0.7","sec-fetch-site":"same-origin","sec-fetch-mode":"navigate","sec-fetch-user":"?1","sec-fetch-dest":"document","accept-encoding":"gzip, deflate, br, zstd","accept-language":"fr,en;q=0.9","cookie":"_ga=GA1.1.2005962765.1751293462; _ga_MBK8XVW5R5=GS2.1.s1752234442$o12$g1$t1752237707$j60$l0$h0; XSRF-TOKEN=6832da41796d6493cea1e228d32d1b76d95388129da07d3586540e27a821c755"},"method":"GET","httpVersion":"1.1","originalUrl":"/","query":{}},"res":{"statusCode":200},"responseTime":162}}
2026-04-14T16:01:59.690Z [info] : GET /assets/css/style.css 200 8ms {"meta":{"req":{"url":"/assets/css/style.css","headers":{"host":"localhost:4000","connection":"keep-alive","sec-ch-ua-platform":"\"Windows\"","user-agent":"Mozilla/5.0 (Windows NT 10.0; Win64; x64) AppleWebKit/537.36 (KHTML, like Gecko) Chrome/146.0.0.0 Safari/537.36","sec-ch-ua":"\"Chromium\";v=\"146\", \"Not-A.Brand\";v=\"24\", \"Google Chrome\";v=\"146\"","sec-ch-ua-mobile":"?0","accept":"text/css,*/*;q=0.1","sec-fetch-site":"same-origin","sec-fetch-mode":"no-cors","sec-fetch-dest":"style","accept-encoding":"gzip, deflate, br, zstd","accept-language":"fr,en;q=0.9","cookie":"_ga=GA1.1.2005962765.1751293462; _ga_MBK8XVW5R5=GS2.1.s1752234442$o12$g1$t1752237707$j60$l0$h0; XSRF-TOKEN=6832da41796d6493cea1e228d32d1b76d95388129da07d3586540e27a821c755"},"method":"GET","httpVersion":"1.1","originalUrl":"/assets/css/style.css","query":{}},"res":{"statusCode":200},"responseTime":8}}
2026-04-14T16:02:04.028Z [info] : GET /assets/img/seka01.jpg 200 2411ms {"meta":{"req":{"url":"/assets/img/seka01.jpg","headers":{"host":"localhost:4000","connection":"keep-alive","sec-ch-ua-platform":"\"Windows\"","user-agent":"Mozilla/5.0 (Windows NT 10.0; Win64; x64) AppleWebKit/537.36 (KHTML, like Gecko) Chrome/146.0.0.0 Safari/537.36","sec-ch-ua":"\"Chromium\";v=\"146\", \"Not-A.Brand\";v=\"24\", \"Google Chrome\";v=\"146\"","sec-ch-ua-mobile":"?0","accept":"image/avif,image/webp,image/apng,image/svg+xml,image/*,*/*;q=0.8","sec-fetch-site":"same-origin","sec-fetch-mode":"no-cors","sec-fetch-dest":"image","accept-encoding":"gzip, deflate, br, zstd","accept-language":"fr,en;q=0.9","cookie":"_ga=GA1.1.2005962765.1751293462; _ga_MBK8XVW5R5=GS2.1.s1752234442$o12$g1$t1752237707$j60$l0$h0; XSRF-TOKEN=6832da41796d6493cea1e228d32d1b76d95388129da07d3586540e27a821c755"},"method":"GET","httpVersion":"1.1","originalUrl":"/assets/img/seka01.jpg","query":{}},"res":{"statusCode":200},"responseTime":2411}}
2026-04-14T16:02:04.312Z [info] : GET /assets/img/home.jpg 200 4625ms {"meta":{"req":{"url":"/assets/img/home.jpg","headers":{"host":"localhost:4000","connection":"keep-alive","sec-ch-ua-platform":"\"Windows\"","user-agent":"Mozilla/5.0 (Windows NT 10.0; Win64; x64) AppleWebKit/537.36 (KHTML, like Gecko) Chrome/146.0.0.0 Safari/537.36","sec-ch-ua":"\"Chromium\";v=\"146\", \"Not-A.Brand\";v=\"24\", \"Google Chrome\";v=\"146\"","sec-ch-ua-mobile":"?0","accept":"image/avif,image/webp,image/apng,image/svg+xml,image/*,*/*;q=0.8","sec-fetch-site":"same-origin","sec-fetch-mode":"no-cors","sec-fetch-dest":"image","accept-encoding":"gzip, deflate, br, zstd","accept-language":"fr,en;q=0.9","cookie":"_ga=GA1.1.2005962765.1751293462; _ga_MBK8XVW5R5=GS2.1.s1752234442$o12$g1$t1752237707$j60$l0$h0; XSRF-TOKEN=6832da41796d6493cea1e228d32d1b76d95388129da07d3586540e27a821c755"},"method":"GET","httpVersion":"1.1","originalUrl":"/assets/img/home.jpg","query":{}},"res":{"statusCode":200},"responseTime":4625}}
2026-04-14T16:02:04.403Z [info] : GET /assets/img/seka2.jpg 200 2778ms {"meta":{"req":{"url":"/assets/img/seka2.jpg","headers":{"host":"localhost:4000","connection":"keep-alive","sec-ch-ua-platform":"\"Windows\"","user-agent":"Mozilla/5.0 (Windows NT 10.0; Win64; x64) AppleWebKit/537.36 (KHTML, like Gecko) Chrome/146.0.0.0 Safari/537.36","sec-ch-ua":"\"Chromium\";v=\"146\", \"Not-A.Brand\";v=\"24\", \"Google Chrome\";v=\"146\"","sec-ch-ua-mobile":"?0","accept":"image/avif,image/webp,image/apng,image/svg+xml,image/*,*/*;q=0.8","sec-fetch-site":"same-origin","sec-fetch-mode":"no-cors","sec-fetch-dest":"image","accept-encoding":"gzip, deflate, br, zstd","accept-language":"fr,en;q=0.9","cookie":"_ga=GA1.1.2005962765.1751293462; _ga_MBK8XVW5R5=GS2.1.s1752234442$o12$g1$t1752237707$j60$l0$h0; XSRF-TOKEN=6832da41796d6493cea1e228d32d1b76d95388129da07d3586540e27a821c755"},"method":"GET","httpVersion":"1.1","originalUrl":"/assets/img/seka2.jpg","query":{}},"res":{"statusCode":200},"responseTime":2778}}
2026-04-14T16:02:04.980Z [info] : GET /assets/img/seka03.jpg 200 3330ms {"meta":{"req":{"url":"/assets/img/seka03.jpg","headers":{"host":"localhost:4000","connection":"keep-alive","sec-ch-ua-platform":"\"Windows\"","user-agent":"Mozilla/5.0 (Windows NT 10.0; Win64; x64) AppleWebKit/537.36 (KHTML, like Gecko) Chrome/146.0.0.0 Safari/537.36","sec-ch-ua":"\"Chromium\";v=\"146\", \"Not-A.Brand\";v=\"24\", \"Google Chrome\";v=\"146\"","sec-ch-ua-mobile":"?0","accept":"image/avif,image/webp,image/apng,image/svg+xml,image/*,*/*;q=0.8","sec-fetch-site":"same-origin","sec-fetch-mode":"no-cors","sec-fetch-dest":"image","accept-encoding":"gzip, deflate, br, zstd","accept-language":"fr,en;q=0.9","cookie":"_ga=GA1.1.2005962765.1751293462; _ga_MBK8XVW5R5=GS2.1.s1752234442$o12$g1$t1752237707$j60$l0$h0; XSRF-TOKEN=6832da41796d6493cea1e228d32d1b76d95388129da07d3586540e27a821c755"},"method":"GET","httpVersion":"1.1","originalUrl":"/assets/img/seka03.jpg","query":{}},"res":{"statusCode":200},"responseTime":3330}}
2026-04-14T16:14:56.786Z [info] : GET / 200 289ms {"meta":{"req":{"url":"/","headers":{"host":"localhost:4000","connection":"keep-alive","cache-control":"max-age=0","sec-ch-ua":"\"Chromium\";v=\"146\", \"Not-A.Brand\";v=\"24\", \"Google Chrome\";v=\"146\"","sec-ch-ua-mobile":"?0","sec-ch-ua-platform":"\"Windows\"","upgrade-insecure-requests":"1","user-agent":"Mozilla/5.0 (Windows NT 10.0; Win64; x64) AppleWebKit/537.36 (KHTML, like Gecko) Chrome/146.0.0.0 Safari/537.36","accept":"text/html,application/xhtml+xml,application/xml;q=0.9,image/avif,image/webp,image/apng,*/*;q=0.8,application/signed-exchange;v=b3;q=0.7","sec-fetch-site":"same-origin","sec-fetch-mode":"navigate","sec-fetch-user":"?1","sec-fetch-dest":"document","accept-encoding":"gzip, deflate, br, zstd","accept-language":"fr,en;q=0.9","cookie":"_ga=GA1.1.2005962765.1751293462; _ga_MBK8XVW5R5=GS2.1.s1752234442$o12$g1$t1752237707$j60$l0$h0; XSRF-TOKEN=6832da41796d6493cea1e228d32d1b76d95388129da07d3586540e27a821c755","if-none-match":"W/\"467f-19d8cb73748\"","if-modified-since":"Tue, 14 Apr 2026 15:58:30 GMT"},"method":"GET","httpVersion":"1.1","originalUrl":"/","query":{}},"res":{"statusCode":200},"responseTime":289}}
2026-04-14T16:14:57.171Z [info] : GET /assets/img/home.jpg 304 6ms {"meta":{"req":{"url":"/assets/img/home.jpg","headers":{"host":"localhost:4000","connection":"keep-alive","sec-ch-ua-platform":"\"Windows\"","user-agent":"Mozilla/5.0 (Windows NT 10.0; Win64; x64) AppleWebKit/537.36 (KHTML, like Gecko) Chrome/146.0.0.0 Safari/537.36","sec-ch-ua":"\"Chromium\";v=\"146\", \"Not-A.Brand\";v=\"24\", \"Google Chrome\";v=\"146\"","sec-ch-ua-mobile":"?0","accept":"image/avif,image/webp,image/apng,image/svg+xml,image/*,*/*;q=0.8","sec-fetch-site":"same-origin","sec-fetch-mode":"no-cors","sec-fetch-dest":"image","accept-encoding":"gzip, deflate, br, zstd","accept-language":"fr,en;q=0.9","cookie":"_ga=GA1.1.2005962765.1751293462; _ga_MBK8XVW5R5=GS2.1.s1752234442$o12$g1$t1752237707$j60$l0$h0; XSRF-TOKEN=6832da41796d6493cea1e228d32d1b76d95388129da07d3586540e27a821c755","if-none-match":"W/\"11dadad-19d8caf7d17\"","if-modified-since":"Tue, 14 Apr 2026 15:50:04 GMT"},"method":"GET","httpVersion":"1.1","originalUrl":"/assets/img/home.jpg","query":{}},"res":{"statusCode":304},"responseTime":6}}
2026-04-14T16:14:57.296Z [info] : GET /assets/css/style.css 200 149ms {"meta":{"req":{"url":"/assets/css/style.css","headers":{"host":"localhost:4000","connection":"keep-alive","sec-ch-ua-platform":"\"Windows\"","user-agent":"Mozilla/5.0 (Windows NT 10.0; Win64; x64) AppleWebKit/537.36 (KHTML, like Gecko) Chrome/146.0.0.0 Safari/537.36","sec-ch-ua":"\"Chromium\";v=\"146\", \"Not-A.Brand\";v=\"24\", \"Google Chrome\";v=\"146\"","sec-ch-ua-mobile":"?0","accept":"text/css,*/*;q=0.1","sec-fetch-site":"same-origin","sec-fetch-mode":"no-cors","sec-fetch-dest":"style","accept-encoding":"gzip, deflate, br, zstd","accept-language":"fr,en;q=0.9","cookie":"_ga=GA1.1.2005962765.1751293462; _ga_MBK8XVW5R5=GS2.1.s1752234442$o12$g1$t1752237707$j60$l0$h0; XSRF-TOKEN=6832da41796d6493cea1e228d32d1b76d95388129da07d3586540e27a821c755","if-none-match":"W/\"a24d-19d8cb82e6a\"","if-modified-since":"Tue, 14 Apr 2026 15:59:33 GMT"},"method":"GET","httpVersion":"1.1","originalUrl":"/assets/css/style.css","query":{}},"res":{"statusCode":200},"responseTime":149}}
2026-04-14T16:14:57.325Z [info] : GET /assets/img/sika-sante-mark.svg 200 5ms {"meta":{"req":{"url":"/assets/img/sika-sante-mark.svg","headers":{"host":"localhost:4000","connection":"keep-alive","sec-ch-ua-platform":"\"Windows\"","user-agent":"Mozilla/5.0 (Windows NT 10.0; Win64; x64) AppleWebKit/537.36 (KHTML, like Gecko) Chrome/146.0.0.0 Safari/537.36","sec-ch-ua":"\"Chromium\";v=\"146\", \"Not-A.Brand\";v=\"24\", \"Google Chrome\";v=\"146\"","sec-ch-ua-mobile":"?0","accept":"image/avif,image/webp,image/apng,image/svg+xml,image/*,*/*;q=0.8","sec-fetch-site":"same-origin","sec-fetch-mode":"no-cors","sec-fetch-dest":"image","accept-encoding":"gzip, deflate, br, zstd","accept-language":"fr,en;q=0.9","cookie":"_ga=GA1.1.2005962765.1751293462; _ga_MBK8XVW5R5=GS2.1.s1752234442$o12$g1$t1752237707$j60$l0$h0; XSRF-TOKEN=6832da41796d6493cea1e228d32d1b76d95388129da07d3586540e27a821c755"},"method":"GET","httpVersion":"1.1","originalUrl":"/assets/img/sika-sante-mark.svg","query":{}},"res":{"statusCode":200},"responseTime":5}}
2026-04-14T16:15:06.173Z [info] : GET /assets/img/seka01.jpg 304 28ms {"meta":{"req":{"url":"/assets/img/seka01.jpg","headers":{"host":"localhost:4000","connection":"keep-alive","sec-ch-ua-platform":"\"Windows\"","user-agent":"Mozilla/5.0 (Windows NT 10.0; Win64; x64) AppleWebKit/537.36 (KHTML, like Gecko) Chrome/146.0.0.0 Safari/537.36","sec-ch-ua":"\"Chromium\";v=\"146\", \"Not-A.Brand\";v=\"24\", \"Google Chrome\";v=\"146\"","sec-ch-ua-mobile":"?0","accept":"image/avif,image/webp,image/apng,image/svg+xml,image/*,*/*;q=0.8","sec-fetch-site":"same-origin","sec-fetch-mode":"no-cors","sec-fetch-dest":"image","accept-encoding":"gzip, deflate, br, zstd","accept-language":"fr,en;q=0.9","cookie":"_ga=GA1.1.2005962765.1751293462; _ga_MBK8XVW5R5=GS2.1.s1752234442$o12$g1$t1752237707$j60$l0$h0; XSRF-TOKEN=6832da41796d6493cea1e228d32d1b76d95388129da07d3586540e27a821c755","if-none-match":"W/\"2f65c3-19d8ca844d9\"","if-modified-since":"Tue, 14 Apr 2026 15:42:11 GMT"},"method":"GET","httpVersion":"1.1","originalUrl":"/assets/img/seka01.jpg","query":{}},"res":{"statusCode":304},"responseTime":28}}
2026-04-14T16:15:06.175Z [info] : GET /assets/img/seka2.jpg 304 4ms {"meta":{"req":{"url":"/assets/img/seka2.jpg","headers":{"host":"localhost:4000","connection":"keep-alive","sec-ch-ua-platform":"\"Windows\"","user-agent":"Mozilla/5.0 (Windows NT 10.0; Win64; x64) AppleWebKit/537.36 (KHTML, like Gecko) Chrome/146.0.0.0 Safari/537.36","sec-ch-ua":"\"Chromium\";v=\"146\", \"Not-A.Brand\";v=\"24\", \"Google Chrome\";v=\"146\"","sec-ch-ua-mobile":"?0","accept":"image/avif,image/webp,image/apng,image/svg+xml,image/*,*/*;q=0.8","sec-fetch-site":"same-origin","sec-fetch-mode":"no-cors","sec-fetch-dest":"image","accept-encoding":"gzip, deflate, br, zstd","accept-language":"fr,en;q=0.9","cookie":"_ga=GA1.1.2005962765.1751293462; _ga_MBK8XVW5R5=GS2.1.s1752234442$o12$g1$t1752237707$j60$l0$h0; XSRF-TOKEN=6832da41796d6493cea1e228d32d1b76d95388129da07d3586540e27a821c755","if-none-match":"W/\"7ac5e5-19d8ca982f5\"","if-modified-since":"Tue, 14 Apr 2026 15:43:32 GMT"},"method":"GET","httpVersion":"1.1","originalUrl":"/assets/img/seka2.jpg","query":{}},"res":{"statusCode":304},"responseTime":4}}
2026-04-14T16:15:06.178Z [info] : GET /assets/img/seka03.jpg 304 6ms {"meta":{"req":{"url":"/assets/img/seka03.jpg","headers":{"host":"localhost:4000","connection":"keep-alive","sec-ch-ua-platform":"\"Windows\"","user-agent":"Mozilla/5.0 (Windows NT 10.0; Win64; x64) AppleWebKit/537.36 (KHTML, like Gecko) Chrome/146.0.0.0 Safari/537.36","sec-ch-ua":"\"Chromium\";v=\"146\", \"Not-A.Brand\";v=\"24\", \"Google Chrome\";v=\"146\"","sec-ch-ua-mobile":"?0","accept":"image/avif,image/webp,image/apng,image/svg+xml,image/*,*/*;q=0.8","sec-fetch-site":"same-origin","sec-fetch-mode":"no-cors","sec-fetch-dest":"image","accept-encoding":"gzip, deflate, br, zstd","accept-language":"fr,en;q=0.9","cookie":"_ga=GA1.1.2005962765.1751293462; _ga_MBK8XVW5R5=GS2.1.s1752234442$o12$g1$t1752237707$j60$l0$h0; XSRF-TOKEN=6832da41796d6493cea1e228d32d1b76d95388129da07d3586540e27a821c755","if-none-match":"W/\"1212d75-19d8cada66e\"","if-modified-since":"Tue, 14 Apr 2026 15:48:03 GMT"},"method":"GET","httpVersion":"1.1","originalUrl":"/assets/img/seka03.jpg","query":{}},"res":{"statusCode":304},"responseTime":6}}
2026-04-14T16:19:55.527Z [info] : GET / 200 71ms {"meta":{"req":{"url":"/","headers":{"host":"localhost:4000","connection":"keep-alive","pragma":"no-cache","cache-control":"no-cache","sec-ch-ua":"\"Chromium\";v=\"146\", \"Not-A.Brand\";v=\"24\", \"Google Chrome\";v=\"146\"","sec-ch-ua-mobile":"?0","sec-ch-ua-platform":"\"Windows\"","upgrade-insecure-requests":"1","user-agent":"Mozilla/5.0 (Windows NT 10.0; Win64; x64) AppleWebKit/537.36 (KHTML, like Gecko) Chrome/146.0.0.0 Safari/537.36","accept":"text/html,application/xhtml+xml,application/xml;q=0.9,image/avif,image/webp,image/apng,*/*;q=0.8,application/signed-exchange;v=b3;q=0.7","sec-fetch-site":"same-origin","sec-fetch-mode":"navigate","sec-fetch-user":"?1","sec-fetch-dest":"document","accept-encoding":"gzip, deflate, br, zstd","accept-language":"fr,en;q=0.9","cookie":"_ga=GA1.1.2005962765.1751293462; _ga_MBK8XVW5R5=GS2.1.s1752234442$o12$g1$t1752237707$j60$l0$h0; XSRF-TOKEN=6832da41796d6493cea1e228d32d1b76d95388129da07d3586540e27a821c755"},"method":"GET","httpVersion":"1.1","originalUrl":"/","query":{}},"res":{"statusCode":200},"responseTime":71}}
2026-04-14T16:19:55.978Z [info] : GET /assets/css/style.css 200 8ms {"meta":{"req":{"url":"/assets/css/style.css","headers":{"host":"localhost:4000","connection":"keep-alive","pragma":"no-cache","cache-control":"no-cache","sec-ch-ua-platform":"\"Windows\"","user-agent":"Mozilla/5.0 (Windows NT 10.0; Win64; x64) AppleWebKit/537.36 (KHTML, like Gecko) Chrome/146.0.0.0 Safari/537.36","sec-ch-ua":"\"Chromium\";v=\"146\", \"Not-A.Brand\";v=\"24\", \"Google Chrome\";v=\"146\"","sec-ch-ua-mobile":"?0","accept":"text/css,*/*;q=0.1","sec-fetch-site":"same-origin","sec-fetch-mode":"no-cors","sec-fetch-dest":"style","accept-encoding":"gzip, deflate, br, zstd","accept-language":"fr,en;q=0.9","cookie":"_ga=GA1.1.2005962765.1751293462; _ga_MBK8XVW5R5=GS2.1.s1752234442$o12$g1$t1752237707$j60$l0$h0; XSRF-TOKEN=6832da41796d6493cea1e228d32d1b76d95388129da07d3586540e27a821c755"},"method":"GET","httpVersion":"1.1","originalUrl":"/assets/css/style.css","query":{}},"res":{"statusCode":200},"responseTime":8}}
2026-04-14T16:19:56.432Z [info] : GET /assets/img/sika-sante-mark.svg 200 7ms {"meta":{"req":{"url":"/assets/img/sika-sante-mark.svg","headers":{"host":"localhost:4000","connection":"keep-alive","pragma":"no-cache","cache-control":"no-cache","sec-ch-ua-platform":"\"Windows\"","user-agent":"Mozilla/5.0 (Windows NT 10.0; Win64; x64) AppleWebKit/537.36 (KHTML, like Gecko) Chrome/146.0.0.0 Safari/537.36","sec-ch-ua":"\"Chromium\";v=\"146\", \"Not-A.Brand\";v=\"24\", \"Google Chrome\";v=\"146\"","sec-ch-ua-mobile":"?0","accept":"image/avif,image/webp,image/apng,image/svg+xml,image/*,*/*;q=0.8","sec-fetch-site":"same-origin","sec-fetch-mode":"no-cors","sec-fetch-dest":"image","accept-encoding":"gzip, deflate, br, zstd","accept-language":"fr,en;q=0.9","cookie":"_ga=GA1.1.2005962765.1751293462; _ga_MBK8XVW5R5=GS2.1.s1752234442$o12$g1$t1752237707$j60$l0$h0; XSRF-TOKEN=6832da41796d6493cea1e228d32d1b76d95388129da07d3586540e27a821c755"},"method":"GET","httpVersion":"1.1","originalUrl":"/assets/img/sika-sante-mark.svg","query":{}},"res":{"statusCode":200},"responseTime":7}}
2026-04-14T16:20:01.503Z [info] : GET /assets/img/seka01.jpg 200 4525ms {"meta":{"req":{"url":"/assets/img/seka01.jpg","headers":{"host":"localhost:4000","connection":"keep-alive","pragma":"no-cache","cache-control":"no-cache","sec-ch-ua-platform":"\"Windows\"","user-agent":"Mozilla/5.0 (Windows NT 10.0; Win64; x64) AppleWebKit/537.36 (KHTML, like Gecko) Chrome/146.0.0.0 Safari/537.36","sec-ch-ua":"\"Chromium\";v=\"146\", \"Not-A.Brand\";v=\"24\", \"Google Chrome\";v=\"146\"","sec-ch-ua-mobile":"?0","accept":"image/avif,image/webp,image/apng,image/svg+xml,image/*,*/*;q=0.8","sec-fetch-site":"same-origin","sec-fetch-mode":"no-cors","sec-fetch-dest":"image","accept-encoding":"gzip, deflate, br, zstd","accept-language":"fr,en;q=0.9","cookie":"_ga=GA1.1.2005962765.1751293462; _ga_MBK8XVW5R5=GS2.1.s1752234442$o12$g1$t1752237707$j60$l0$h0; XSRF-TOKEN=6832da41796d6493cea1e228d32d1b76d95388129da07d3586540e27a821c755"},"method":"GET","httpVersion":"1.1","originalUrl":"/assets/img/seka01.jpg","query":{}},"res":{"statusCode":200},"responseTime":4525}}
2026-04-14T16:20:01.905Z [info] : GET /assets/img/seka2.jpg 200 4122ms {"meta":{"req":{"url":"/assets/img/seka2.jpg","headers":{"host":"localhost:4000","connection":"keep-alive","pragma":"no-cache","cache-control":"no-cache","sec-ch-ua-platform":"\"Windows\"","user-agent":"Mozilla/5.0 (Windows NT 10.0; Win64; x64) AppleWebKit/537.36 (KHTML, like Gecko) Chrome/146.0.0.0 Safari/537.36","sec-ch-ua":"\"Chromium\";v=\"146\", \"Not-A.Brand\";v=\"24\", \"Google Chrome\";v=\"146\"","sec-ch-ua-mobile":"?0","accept":"image/avif,image/webp,image/apng,image/svg+xml,image/*,*/*;q=0.8","sec-fetch-site":"same-origin","sec-fetch-mode":"no-cors","sec-fetch-dest":"image","accept-encoding":"gzip, deflate, br, zstd","accept-language":"fr,en;q=0.9","cookie":"_ga=GA1.1.2005962765.1751293462; _ga_MBK8XVW5R5=GS2.1.s1752234442$o12$g1$t1752237707$j60$l0$h0; XSRF-TOKEN=6832da41796d6493cea1e228d32d1b76d95388129da07d3586540e27a821c755"},"method":"GET","httpVersion":"1.1","originalUrl":"/assets/img/seka2.jpg","query":{}},"res":{"statusCode":200},"responseTime":4122}}
2026-04-14T16:20:03.172Z [info] : GET /assets/img/home.jpg 200 7199ms {"meta":{"req":{"url":"/assets/img/home.jpg","headers":{"host":"localhost:4000","connection":"keep-alive","pragma":"no-cache","cache-control":"no-cache","sec-ch-ua-platform":"\"Windows\"","user-agent":"Mozilla/5.0 (Windows NT 10.0; Win64; x64) AppleWebKit/537.36 (KHTML, like Gecko) Chrome/146.0.0.0 Safari/537.36","sec-ch-ua":"\"Chromium\";v=\"146\", \"Not-A.Brand\";v=\"24\", \"Google Chrome\";v=\"146\"","sec-ch-ua-mobile":"?0","accept":"image/avif,image/webp,image/apng,image/svg+xml,image/*,*/*;q=0.8","sec-fetch-site":"same-origin","sec-fetch-mode":"no-cors","sec-fetch-dest":"image","accept-encoding":"gzip, deflate, br, zstd","accept-language":"fr,en;q=0.9","cookie":"_ga=GA1.1.2005962765.1751293462; _ga_MBK8XVW5R5=GS2.1.s1752234442$o12$g1$t1752237707$j60$l0$h0; XSRF-TOKEN=6832da41796d6493cea1e228d32d1b76d95388129da07d3586540e27a821c755"},"method":"GET","httpVersion":"1.1","originalUrl":"/assets/img/home.jpg","query":{}},"res":{"statusCode":200},"responseTime":7199}}
2026-04-14T16:20:03.252Z [info] : GET /assets/img/seka03.jpg 200 5455ms {"meta":{"req":{"url":"/assets/img/seka03.jpg","headers":{"host":"localhost:4000","connection":"keep-alive","pragma":"no-cache","cache-control":"no-cache","sec-ch-ua-platform":"\"Windows\"","user-agent":"Mozilla/5.0 (Windows NT 10.0; Win64; x64) AppleWebKit/537.36 (KHTML, like Gecko) Chrome/146.0.0.0 Safari/537.36","sec-ch-ua":"\"Chromium\";v=\"146\", \"Not-A.Brand\";v=\"24\", \"Google Chrome\";v=\"146\"","sec-ch-ua-mobile":"?0","accept":"image/avif,image/webp,image/apng,image/svg+xml,image/*,*/*;q=0.8","sec-fetch-site":"same-origin","sec-fetch-mode":"no-cors","sec-fetch-dest":"image","accept-encoding":"gzip, deflate, br, zstd","accept-language":"fr,en;q=0.9","cookie":"_ga=GA1.1.2005962765.1751293462; _ga_MBK8XVW5R5=GS2.1.s1752234442$o12$g1$t1752237707$j60$l0$h0; XSRF-TOKEN=6832da41796d6493cea1e228d32d1b76d95388129da07d3586540e27a821c755"},"method":"GET","httpVersion":"1.1","originalUrl":"/assets/img/seka03.jpg","query":{}},"res":{"statusCode":200},"responseTime":5455}}
2026-04-14T16:20:03.950Z [info] : GET /assets/img/sika-sante-mark.svg 200 7ms {"meta":{"req":{"url":"/assets/img/sika-sante-mark.svg","headers":{"host":"localhost:4000","connection":"keep-alive","pragma":"no-cache","cache-control":"no-cache","sec-ch-ua-platform":"\"Windows\"","user-agent":"Mozilla/5.0 (Windows NT 10.0; Win64; x64) AppleWebKit/537.36 (KHTML, like Gecko) Chrome/146.0.0.0 Safari/537.36","sec-ch-ua":"\"Chromium\";v=\"146\", \"Not-A.Brand\";v=\"24\", \"Google Chrome\";v=\"146\"","sec-ch-ua-mobile":"?0","accept":"image/avif,image/webp,image/apng,image/svg+xml,image/*,*/*;q=0.8","sec-fetch-site":"same-origin","sec-fetch-mode":"no-cors","sec-fetch-dest":"image","accept-encoding":"gzip, deflate, br, zstd","accept-language":"fr,en;q=0.9","cookie":"_ga=GA1.1.2005962765.1751293462; _ga_MBK8XVW5R5=GS2.1.s1752234442$o12$g1$t1752237707$j60$l0$h0; XSRF-TOKEN=6832da41796d6493cea1e228d32d1b76d95388129da07d3586540e27a821c755"},"method":"GET","httpVersion":"1.1","originalUrl":"/assets/img/sika-sante-mark.svg","query":{}},"res":{"statusCode":200},"responseTime":7}}
2026-04-14T16:20:04.669Z [info] : GET /assets/img/sika-sante-mark.svg 304 1ms {"meta":{"req":{"url":"/assets/img/sika-sante-mark.svg","headers":{"host":"localhost:4000","connection":"keep-alive","sec-ch-ua-platform":"\"Windows\"","user-agent":"Mozilla/5.0 (Windows NT 10.0; Win64; x64) AppleWebKit/537.36 (KHTML, like Gecko) Chrome/146.0.0.0 Safari/537.36","sec-ch-ua":"\"Chromium\";v=\"146\", \"Not-A.Brand\";v=\"24\", \"Google Chrome\";v=\"146\"","sec-ch-ua-mobile":"?0","accept":"image/avif,image/webp,image/apng,image/svg+xml,image/*,*/*;q=0.8","sec-fetch-site":"same-origin","sec-fetch-mode":"no-cors","sec-fetch-dest":"image","accept-encoding":"gzip, deflate, br, zstd","accept-language":"fr,en;q=0.9","cookie":"_ga=GA1.1.2005962765.1751293462; _ga_MBK8XVW5R5=GS2.1.s1752234442$o12$g1$t1752237707$j60$l0$h0; XSRF-TOKEN=6832da41796d6493cea1e228d32d1b76d95388129da07d3586540e27a821c755","if-none-match":"W/\"3ac-19d8cc50121\"","if-modified-since":"Tue, 14 Apr 2026 16:13:34 GMT"},"method":"GET","httpVersion":"1.1","originalUrl":"/assets/img/sika-sante-mark.svg","query":{}},"res":{"statusCode":304},"responseTime":1}}
